set_target_0,set_target_1,set_target_2,set_target_3,set_target_4,set_target_5,set_target_6,predicted_0,predicted_1,predicted_2,predicted_3,predicted_4,predicted_5,predicted_6,actual_0,actual_1,actual_2,actual_3,actual_4,actual_5,actual_6,abs_error_0,abs_error_1,abs_error_2,abs_error_3,abs_error_4,abs_error_5,abs_error_6,sq_error_0,sq_error_1,sq_error_2,sq_error_3,sq_error_4,sq_error_5,sq_error_6
1.7802359,-1.0646509,-1.8151424,-1.1170107,1.9373155,1.1170107,-0.91629785,1.7802331938835767,-1.0646059516713626,-1.815490321118481,-1.1170068461289442,1.9372942830940585,1.1169888765313107,-0.9162978134447475,1.7802359,-1.0646509,-1.8151424,-1.1170107,1.9373155,1.1170107,-0.91629785,2.706116423389915e-06,4.494832863732867e-05,0.00034792111848092055,3.853871055836677e-06,2.121690594147907e-05,2.1823468689285974e-05,3.6555252491687895e-08,7.323066096940625e-12,2.020352247289301e-09,1.2104910468501476e-07,1.4852322115015705e-11,4.5015709772956983e-10,4.762637856322452e-10,1.3362864847310542e-15
1.7802359,-1.0646509,-1.8151424,-1.1170107,1.9373155,1.1170107,-0.91629785,1.7802331938835767,-1.0646059516713626,-1.815490321118481,-1.1170068461289442,1.9372942830940585,1.1169888765313107,-0.9162978134447475,1.7802359,-1.0646509,-1.8151424,-1.1170107,1.9373155,1.1170107,-0.91629785,2.706116423389915e-06,4.494832863732867e-05,0.00034792111848092055,3.853871055836677e-06,2.121690594147907e-05,2.1823468689285974e-05,3.6555252491687895e-08,7.323066096940625e-12,2.020352247289301e-09,1.2104910468501476e-07,1.4852322115015705e-11,4.5015709772956983e-10,4.762637856322452e-10,1.3362864847310542e-15
1.7802359,-1.0646509,-1.8151424,-1.1170107,1.9373155,1.1170107,-0.91629785,1.7802331938835767,-1.0646059516713626,-1.815490321118481,-1.1170068461289442,1.9372942830940585,1.1169888765313107,-0.9162978134447475,1.7802359,-1.0646509,-1.8151424,-1.1170107,1.9373155,1.1170107,-0.91629785,2.706116423389915e-06,4.494832863732867e-05,0.00034792111848092055,3.853871055836677e-06,2.121690594147907e-05,2.1823468689285974e-05,3.6555252491687895e-08,7.323066096940625e-12,2.020352247289301e-09,1.2104910468501476e-07,1.4852322115015705e-11,4.5015709772956983e-10,4.762637856322452e-10,1.3362864847310542e-15
1.8456672,-1.0918553,-1.7569301,-1.1064653,1.8843291,1.1806284,-0.9111755,1.7987916436369618,-1.0896089386002452,-1.783246236255031,-1.1061397954889092,1.9081756333944782,1.1432498571122658,-0.9197307663604123,1.7833391,-1.0659059,-1.812556,-1.1163718,1.935183,1.1175982,-0.91593164,0.01545254363696169,0.023703038600245252,0.029309763744969075,0.010232004511090853,0.027007366605521943,0.025651657112265802,0.0037991263604122416,0.00023878110485220524,0.0005618340388847164,0.0008590622507859036,0.00010469391631498356,0.0007293978509650619,0.0006580075126052567,1.4433361102379166e-05
1.8529733,-1.0794082,-1.7889186,-1.1454782,1.8703319,1.1842108,-0.8966408,1.7898837990489262,-1.0667638644185728,-1.801045411349444,-1.1184368050296793,1.9287605883981904,1.1178671559072688,-0.9157308332928186,1.7899386,-1.0683397,-1.8070781,-1.117827,1.9300828,1.1176916,-0.9157323,5.4800951073685766e-05,0.001575835581427043,0.006032688650555951,0.0006098050296794444,0.0013222116018096752,0.00017555590726892056,1.4667071814855603e-06,3.0031442385805013e-09,2.483257779691507e-06,3.6393332354546576e-05,3.7186217422234805e-07,1.7482435199601072e-06,3.081987657701383e-08,2.1512299562213166e-12
1.8626664,-1.0913167,-1.7916437,-1.1559297,1.8725157,1.174161,-0.89665586,1.8014279609137067,-1.063710221895712,-1.8037026146458894,-1.1234969789066738,1.9246606942730746,1.1144583974302127,-0.9163203224302688,1.7999617,-1.0717939,-1.8008602,-1.1219736,1.9229093,1.1178538,-0.915513,0.0014662609137066074,0.008083678104288117,0.002842414645889413,0.0015233789066737558,0.0017513942730746912,0.0033954025697873202,0.0008073224302688198,2.1499210670637352e-06,6.534585169374712e-05,8.079321019166636e-06,2.3206832932985274e-06,3.067381899758826e-06,1.1528758610918338e-05,6.517695064151534e-07
1.8757209,-1.0935125,-1.7617772,-1.1496987,1.8708078,1.1716193,-0.90553147,1.812892344288621,-1.0776509214166743,-1.794483789939052,-1.1279682149571217,1.9135168219923688,1.1199373344828634,-0.9151824200688191,1.8126856,-1.0758985,-1.7942245,-1.1276442,1.9147744,1.1184527,-0.91518587,0.0002067442886208859,0.0017524214166741992,0.0002592899390518877,0.0003240149571217543,0.001257578007631155,0.0014846344828634006,3.4499311808433575e-06,4.274320087735617e-08,3.070980821618407e-06,6.723127249353163e-08,1.0498569243861229e-07,1.581502445277545e-06,2.204139547707077e-06,1.1902025152555243e-11
1.8904077,-1.0981257,-1.7543724,-1.1532273,1.8603617,1.1749339,-0.9115006,1.8275911857404306,-1.080884334359878,-1.7880151521225824,-1.133757035849095,1.9068507226105562,1.1200932890313329,-0.9148306092673413,1.827046,-1.0802721,-1.7872283,-1.1336924,1.9063153,1.1195494,-0.9148149,0.0005451857404306093,0.0006122343598780056,0.0007868521225824487,6.463584909499609e-05,0.0005354226105562798,0.0005438890313329559,1.5709267341290634e-05,2.972274915688717e-07,3.748309114152312e-07,6.19136262812505e-07,4.177792988231107e-09,2.866773718949017e-07,2.9581527840430104e-07,2.467810804001405e-10
1.9040536,-1.105093,-1.7529877,-1.1544099,1.8543009,1.1767101,-0.9099117,1.841442809375005,-1.0830342391505179,-1.784202276985573,-1.1381695615149972,1.9000519396582862,1.1213918359393011,-0.9144201019292503,1.8420225,-1.0847753,-1.7803066,-1.1392409,1.8979459,1.1211535,-0.91442484,0.0005796906249948552,0.0017410608494821123,0.0038956769855729156,0.0010713384850027374,0.002106039658286152,0.00023833593930122632,4.738070749743528e-06,3.360412207069259e-07,3.0312928815993745e-06,1.5176299175922478e-05,1.1477661494479608e-06,4.435403042274051e-06,5.6804019962597834e-08,2.24493144295752e-11
1.9187006,-1.1132988,-1.7536162,-1.1519073,1.8436289,1.1788746,-0.90244323,1.856361998859426,-1.087692800813636,-1.776232365788367,-1.1420844079495915,1.8909919132085145,1.1235832377883002,-0.9134132374687776,1.8569132,-1.0894865,-1.7740314,-1.1436201,1.889771,1.1232344,-0.9139785,0.0005512011405739425,0.0017936991863640728,0.0022009657883670375,0.001535692050408377,0.0012209132085143626,0.0003488377883000826,0.0005652625312224657,3.0382269737001514e-07,3.2173567711631367e-06,4.844250401562135e-06,2.358350073687485e-06,1.4906290627248355e-06,1.2168780254609325e-07,3.19521729204029e-07
1.9326754,-1.1206021,-1.7457277,-1.1555156,1.8357017,1.1796963,-0.8967669,1.8711895665771328,-1.0961254108539724,-1.7699294280296014,-1.1465118756605202,1.8818848130699557,1.1255555467483003,-0.9134142898365148,1.8713595,-1.0945257,-1.7684581,-1.146773,1.8817849,1.1257235,-0.9134273,0.00016993342286730773,0.0015997108539724803,0.001471328029601482,0.0002611243394798901,9.991306995571492e-05,0.0001679532516998261,1.301016348520534e-05,2.8877368207399226e-08,2.559074816317362e-06,2.164806170690979e-06,6.818592066880889e-08,9.982621547975583e-09,2.8208294756545143e-08,1.6926435391177034e-10
1.9470037,-1.1313713,-1.7437861,-1.1608524,1.8248122,1.1812963,-0.89332664,1.8853992511811692,-1.1001471135035268,-1.7628501706849813,-1.1482967748751272,1.8738525602451555,1.1279341890089425,-0.9127438020544297,1.8853117,-1.1001371,-1.7635505,-1.1491419,1.8738561,1.1285368,-0.9127454,8.755118116932081e-05,1.0013503526806744e-05,0.0007003293150187329,0.0008451251248728919,3.5397548445725846e-06,0.0006026109910575173,1.5979455703085677e-06,7.665209324143235e-09,1.002702528813711e-10,4.904611494746076e-07,7.142364766914212e-07,1.2529864359675083e-11,3.631400065433231e-07,2.5534300456687736e-12
1.9604672,-1.1383771,-1.7372907,-1.1697083,1.8161464,1.1842012,-0.89222497,1.899168728904201,-1.105626596481414,-1.7583681300761582,-1.1530020179546376,1.8673626511462043,1.1295311234546612,-0.9119612964956187,1.8988711,-1.106376,-1.7590492,-1.1514841,1.8658795,1.1315962,-0.9119329,0.0002976289042009306,0.0007494035185859893,0.0006810699238417595,0.0015179179546376265,0.0014831511462043423,0.0020650765453387177,2.8396495618698836e-05,8.858296461584671e-08,5.616056336690612e-07,4.6385624116182003e-07,2.3040749170112753e-06,2.1997373224872544e-06,4.264541138108093e-06,8.063609634227822e-10
1.9746091,-1.1494548,-1.7280463,-1.1774123,1.8083392,1.1868796,-0.8950477,1.9114204074252634,-1.115265001148587,-1.752428745940951,-1.1553544032719922,1.8560487742516143,1.1342148345161684,-0.9110109690624225,1.9122301,-1.1133169,-1.7544715,-1.1544558,1.8578191,1.134833,-0.9110307,0.0008096925747365091,0.0019481011485869004,0.002042754059048857,0.0008986032719922044,0.0017703257483856483,0.0006181654838315342,1.97309375774557e-05,6.556020655834375e-07,3.7950980851256006e-06,4.172844145760581e-06,8.074878404350956e-07,3.1340532553972057e-06,3.8212856540067483e-07,3.8930989768545336e-10
1.9886428,-1.1615238,-1.7290875,-1.1776562,1.7990725,1.1917773,-0.8977145,1.9259886686742724,-1.1186665325251697,-1.747456253371986,-1.1576553126509372,1.849105165338557,1.1384544391884064,-0.9100779974183203,1.9255797,-1.1210626,-1.7498424,-1.1580855,1.8496461,1.1382128,-0.91008943,0.00040896867427253625,0.0023960674748302324,0.002386146628013952,0.0004301873490628605,0.0005409346614428934,0.00024163918840636178,1.1432581679682308e-05,1.6725537653623584e-07,5.7411393439393266e-06,5.693695730382354e-06,1.8506115529373138e-07,2.926103079503377e-07,5.8389497373685205e-08,1.3070392386260754e-10
2.0015433,-1.1686509,-1.7223045,-1.1817962,1.7917683,1.1966734,-0.89732194,1.939107812717761,-1.1282953348638258,-1.7432439138250946,-1.1632879228701438,1.842033596699898,1.1418224031198108,-0.9091352601113466,1.9389979,-1.1294245,-1.7451313,-1.1621882,1.8413911,1.141728,-0.9091348,0.0001099127177610626,0.001129165136174226,0.0018873861749053589,0.0010997228701439266,0.0006424966998979098,9.440311981068206e-05,4.601113465785289e-07,1.2080805525623005e-08,1.2750139047513586e-06,3.562226573223882e-06,1.2093903911175955e-06,4.128020093797048e-07,8.911949029989992e-09,2.1170245125030717e-13
2.0147395,-1.1835743,-1.7232422,-1.1744722,1.7850748,1.1990286,-0.8932217,1.952442905853855,-1.1377373955071846,-1.740198619207639,-1.1637774907410552,1.831835519010423,1.146736892633309,-0.9081646811078153,1.9524828,-1.1384271,-1.7405918,-1.1660086,1.833138,1.1453596,-0.9081506,3.989414614502529e-05,0.0006897044928153573,0.0003931807923609476,0.0022311092589448744,0.0013024809895769707,0.0013772926333091018,1.4081107815311356e-05,1.591542896640636e-09,4.756922874096892e-07,1.545911354815826e-07,4.9778485253495465e-06,1.6964567282094047e-06,1.8969349977675198e-06,1.9827759730642253e-10
2.0270965,-1.1921637,-1.723072,-1.1738795,1.7749457,1.2036344,-0.88726974,1.9659870045196897,-1.1452985425960867,-1.7363550708939537,-1.1686790798977602,1.8269873932269718,1.1492451308059377,-0.9070987333209506,1.9659582,-1.1479181,-1.7365367,-1.168984,1.8248754,1.1491076,-0.9070949,2.880451968967357e-05,0.0026195574039133973,0.00018162910604635485,0.00030492010223981403,0.0021119932269717534,0.00013753080593770228,3.8333209505525545e-06,8.297003545527923e-10,6.862080992397498e-06,3.298913216319802e-08,9.297626874993864e-08,4.46051539077456e-06,1.8914722581873927e-08,1.469434950994514e-11
2.040148,-1.2061012,-1.7246859,-1.1583952,1.7664866,1.2088417,-0.8845379,1.9797248722415786,-1.162187976711372,-1.7342917273864529,-1.1704526829051058,1.8147613972023426,1.1533066502222606,-0.9059419857520093,1.9793631,-1.1578764,-1.7332618,-1.1702162,1.8165803,1.1529776,-0.9059476,0.0003617722415785174,0.004311576711372167,0.0010299273864529113,0.00023648290510580594,0.0018189027976573957,0.0003290502222605962,5.614247990615162e-06,1.3087915477674514e-07,1.858969373804683e-05,1.0607504213657244e-06,5.5924164407281616e-08,3.308407387325901e-06,1.0827404876974776e-07,3.151978050012639e-11
2.0515802,-1.2202461,-1.7409012,-1.1391516,1.7564946,1.2147124,-0.88262236,1.991837095160713,-1.1659952416747335,-1.7355439393882466,-1.1705379855543379,1.8097490663581746,1.1565546968176506,-0.9047042489227292,1.9925886,-1.168384,-1.7316177,-1.1687018,1.8082108,1.1569849,-0.90470976,0.0007515048392869872,0.0023887583252666378,0.003926239388246655,0.0018361855543378436,0.001538266358174667,0.00043020318234954225,5.5110772708699685e-06,5.647595234717604e-07,5.7061663365306725e-06,1.5415355733819467e-05,3.371577389958974e-06,2.366263388691953e-06,1.850747781036735e-07,3.037197268549958e-11
2.0589032,-1.2346567,-1.7582606,-1.1081946,1.7468522,1.2209349,-0.87266827,2.00606771508982,-1.182971447519917,-1.7356146324114765,-1.1637781485903718,1.7978214745603727,1.160647281337075,-0.9033373570032567,2.0053473,-1.1795248,-1.7325504,-1.1632677,1.7997289,1.161141,-0.9033269,0.0007204150898201256,0.0034466475199168567,0.003064232411476464,0.0005104485903717482,0.0019074254396274082,0.0004937186629250245,1.0457003256636455e-05,5.189979016405396e-07,1.1879379126549019e-05,9.389520271542866e-06,2.6055776341250476e-07,3.6382718077378113e-06,2.43758118120474e-07,1.0934891710930542e-10
2.0600548,-1.2505457,-1.7794193,-1.0889211,1.739994,1.226935,-0.86167926,2.016784722485685,-1.1895097316309768,-1.7366995722417058,-1.14926424887702,1.7931092793581118,1.1668836931409958,-0.9017123246152638,2.0170698,-1.1913942,-1.7368133,-1.153668,1.7912087,1.1654555,-0.90172094,0.0002850775143148354,0.0018844683690231179,0.00011372775829410209,0.004403751122979971,0.0019005793581117203,0.0014281931409958482,8.615384736176956e-06,8.126918916792519e-08,3.55122103384865e-06,1.2934003006601706e-08,1.9393023953147353e-05,3.6122018964803587e-06,2.0397356479875866e-06,7.422485415235089e-11
2.0652869,-1.2632252,-1.7876467,-1.075643,1.7355251,1.2330023,-0.85607547,2.0272462770373263,-1.204748333800646,-1.7413391724195824,-1.1387286482667218,1.7848801175172124,1.1703142629927412,-0.9000706895822108,2.0274153,-1.2038988,-1.7440994,-1.1407686,1.782824,1.1699091,-0.89985746,0.00016902296267362615,0.0008495338006460074,0.002760227580417718,0.002039951733278089,0.0020561175172124635,0.0004051629927412925,0.00021322958221081656,2.856876191097002e-08,7.217076784400501e-07,7.618856295698649e-06,4.16140307410428e-06,4.227619244587945e-06,1.6415705068708065e-07,4.546685472979938e-08
2.068279,-1.2791259,-1.7933095,-1.062624,1.7375381,1.2387389,-0.85615957,2.036046250089867,-1.2203904833145223,-1.7538732538658275,-1.1277941839004146,1.774863774122823,1.1735902778524108,-0.8977692979472802,2.0362654,-1.2169679,-1.7532909,-1.125939,1.7749257,1.1744696,-0.89776415,0.0002191499101331651,0.003422583314522276,0.0005823538658273897,0.0018551839004146142,6.192587717701592e-05,0.0008793221475891233,5.147947280237375e-06,4.8026683111374336e-08,1.1714076544846289e-05,3.3913602504410536e-07,3.441707304357581e-06,3.8348142641428616e-09,7.73207439240748e-07,2.6501361200103384e-11
2.0647302,-1.2932158,-1.8017135,-1.0484449,1.7386974,1.2447962,-0.852392,2.0436103869441404,-1.2355098362373194,-1.76354747150596,-1.1118435739980803,1.766690501799497,1.1773715884049658,-0.89546247557447,2.0433683,-1.2304796,-1.7632244,-1.1104456,1.7678361,1.1791102,-0.8954658,0.0002420869441404072,0.005030236237319352,0.00032307150596011525,0.0013979739980802819,0.001145598200503084,0.0017386115950341896,3.3244255299713643e-06,5.8606088523240644e-08,2.5303276603240754e-05,1.0437519796333678e-07,1.954331299308568e-06,1.3123952369959043e-06,3.0227702783873287e-06,1.1051805104325387e-11
2.0506501,-1.3083506,-1.8134826,-1.0340939,1.7430991,1.2498302,-0.850196,2.0479148179196502,-1.24535053673758,-1.7740640468108972,-1.0955706340266704,1.7599748299901983,1.1829480971235604,-0.8908491247619902,2.0480528,-1.244327,-1.7732017,-1.0951544,1.7618527,1.1838099,-0.89299196,0.0001379820803495413,0.0010235367375799331,0.0008623468108972521,0.00041623402667045895,0.0018778700098016632,0.0008618028764395547,0.0021428352380098437,1.9039054497587268e-08,1.047627453175773e-06,7.43642022264661e-07,1.7325076495830432e-07,3.5263957737124987e-06,7.427041978394903e-07,4.591742857256703e-06
2.018412,-1.3212864,-1.816851,-1.021505,1.7560465,1.2553387,-0.8471775,2.048792541741979,-1.251969000636515,-1.7832768425975403,-1.079865600184233,1.7579203674822872,1.1901404269551676,-0.8903672460833972,2.0488577,-1.2583345,-1.7825725,-1.0805498,1.7574334,1.1885496,-0.89036554,6.515825802111408e-05,0.006365499363484961,0.000704342597540375,0.0006841998157669504,0.00048696748228715947,0.0015908269551676568,1.7060833972237788e-06,4.245598588346077e-09,4.0519582146527445e-05,4.960984947099226e-07,4.681293878955289e-07,2.3713732880509498e-07,2.530730401287998e-06,2.91072055828263e-12
1.9814693,-1.3290225,-1.754349,-1.0119082,1.8033985,1.258394,-0.8489255,2.0455068918323964,-1.2808277697404813,-1.7950687332074085,-1.0644343954915816,1.7577104624388975,1.1947404348448387,-0.8868987083806752,2.0455046,-1.2719187,-1.7889335,-1.0651785,1.7564282,1.1953207,-0.8869037,2.2918323963061482e-06,0.008909069740481224,0.006135233207408497,0.0007441045084184417,0.001282262438897508,0.0005802651551611859,4.991619324767882e-06,5.2524957327583815e-12,7.937152364075818e-05,3.7641086509287954e-05,5.536915194486507e-07,1.6441969622073853e-06,3.3670765029423516e-07,2.4916263483396166e-11
1.9634911,-1.3250748,-1.7413263,-0.99646366,1.8012286,1.2586569,-0.85931724,2.037395693325932,-1.2916284640421476,-1.7867617405406466,-1.0502051614702683,1.7553909097011604,1.2012992624023333,-0.8830357502361647,2.037528,-1.2849516,-1.7885921,-1.0492064,1.7574086,1.2027327,-0.8830299,0.0001323066740681611,0.006676864042147512,0.0018303594593533923,0.000998761470268228,0.0020176902988395806,0.0014334375976667868,5.8502361646173284e-06,1.7505056002978613e-08,4.458051343732242e-05,3.3502157504444423e-06,9.975244744923523e-07,4.071074142031356e-06,2.0547433464047288e-06,3.422526318179647e-11
1.9548293,-1.3231963,-1.7504923,-0.9808073,1.7690468,1.2736666,-0.86584985,2.025321731172466,-1.2970093603393273,-1.7761107673942158,-1.0321935877493944,1.7567973649474296,1.2088932535537644,-0.8795201660254857,2.0252714,-1.2976335,-1.7800128,-1.0335985,1.7565751,1.2085024,-0.8795242,5.033117246622254e-05,0.0006241396606727623,0.003902032605784145,0.0014049122506056833,0.00022226494742949576,0.0003908535537644475,4.033974514316974e-06,2.533226921824638e-09,3.8955031602471084e-07,1.5225858456602603e-05,1.973778431901926e-06,4.940170685583652e-08,1.5276650049029787e-07,1.6272950382158864e-11
1.9445815,-1.3159313,-1.7521855,-0.96907747,1.73737,1.2799888,-0.85472924,2.015872307058226,-1.3065086256599254,-1.7516856958436198,-1.0166550431840322,1.7501065955787536,1.2139301241717337,-0.8653495988544619,2.0101995,-1.309419,-1.7648895,-1.0189024,1.7511868,1.2118937,-0.8765821,0.005672807058225704,0.002910374340074684,0.013203804156380228,0.0022473568159677715,0.0010802044212463446,0.002036424171733664,0.011232501145538087,3.2180739919855367e-05,8.470278799365152e-06,0.0001743404442000438,5.0506126582768e-06,1.1668415916801503e-06,4.147023407221139e-06,0.00012616908198451445
1.9304706,-1.3019239,-1.7297213,-0.96168715,1.7542623,1.2785238,-0.84302557,1.9942484640574296,-1.3085835587562988,-1.7382586634692248,-1.0058141158299558,1.742031190205718,1.216812519413608,-0.8735628877094698,1.9943748,-1.3188909,-1.7477844,-1.0048472,1.7427545,1.2159716,-0.8735599,0.00012633594257027703,0.01030734124370114,0.009525736530775264,0.0009669158299558944,0.0007233097942820343,0.0008409194136078657,2.987709469826072e-06,1.5960770385120334e-08,0.00010624128351410256,9.073965645374636e-05,9.349262222192962e-07,5.231770585043189e-07,7.071454601825967e-07,8.926407876088389e-12
1.9141581,-1.2980148,-1.7105155,-0.9491847,1.7693486,1.277069,-0.8384506,1.9795135961693036,-1.3135147734509325,-1.7318455842600493,-0.9938447714686705,1.7340711777247533,1.2211340301638103,-0.8703423559769258,1.9789081,-1.3254617,-1.7306793,-0.9913069,1.7330078,1.2210165,-0.87033933,0.0006054961693036098,0.011946926549067483,0.0011662842600492773,0.0025378714686704607,0.0010633777247532894,0.00011753016381033099,3.0259769258078606e-06,3.6662561104134575e-07,0.00014272905396881346,1.3602189752386903e-06,6.440791591491561e-06,1.1307721855014825e-06,1.3813339405283236e-08,9.15653635552159e-12
1.8958862,-1.2839773,-1.6840907,-0.9271326,1.7614195,1.2789751,-0.83672655,1.9619112427824859,-1.321435016779485,-1.7102814862267877,-0.9747508652469963,1.721843222833275,1.2294396275307968,-0.8667374592797739,1.9641986,-1.3292669,-1.7135742,-0.97740424,1.7223474,1.227284,-0.8668546,0.002287357217514163,0.007831883220514868,0.0032927137732123857,0.0026533747530037566,0.0005041771667251282,0.0021556275307967887,0.00011714072022617206,5.232003040514135e-06,6.133839477978234e-05,1.0841963992302546e-05,7.0403975798777465e-06,2.5419461544697774e-07,4.64673005152906e-06,1.3721948335106315e-08
1.8787458,-1.27542,-1.6616471,-0.906492,1.7561817,1.2784958,-0.8386846,1.9495517562011027,-1.3254346961772425,-1.6941195764507073,-0.9585497914694063,1.711736324906359,1.2374652846030019,-0.8631162278310183,1.9501185,-1.3303618,-1.6964691,-0.9624754,1.7115688,1.234919,-0.86312,0.0005667437988974289,0.004927103822757406,0.0023495235492927424,0.0039256085305936494,0.00016752490635907336,0.0025462846030017694,3.772168981730495e-06,3.211985335886893e-07,2.4276352080230645e-05,5.520260908681166e-06,1.541040233546963e-05,2.8064594250616297e-08,6.483565279483879e-06,1.4229258826729678e-11
1.8640126,-1.2655841,-1.6309534,-0.8911753,1.7597517,1.2672334,-0.8519502,1.9362128668701049,-1.3272892855040925,-1.6787576486100406,-0.9468305898735623,1.7038083843279226,1.2448683022557645,-0.8592517224649899,1.9364295,-1.328758,-1.679364,-0.9464823,1.7020721,1.2441466,-0.85925484,0.0002166331298951718,0.0014687144959075749,0.0006063513899594586,0.0003482898735622797,0.0017362843279224993,0.0007217022557644004,3.117535010033201e-06,4.692991296817838e-08,2.157122270489042e-06,3.676620081057674e-07,1.2130583602602877e-07,3.014683267389285e-06,5.20854145975424e-07,9.719024538782711e-12
1.8502709,-1.2588841,-1.6080817,-0.8731067,1.7541201,1.2527622,-0.86105883,1.9234226757169561,-1.326720441953169,-1.6614559528222852,-0.9306075449023378,1.6927953293469882,1.25350726365966,-0.855524562912109,1.9227843,-1.3244303,-1.6622589,-0.9299389,1.6949594,1.2541888,-0.8555212,0.0006383757169561299,0.0022901419531691225,0.0008029471777148967,0.0006686449023377561,0.002164070653011718,0.000681536340340072,3.3629121090061886e-06,4.0752355599925294e-07,5.244750165665283e-06,6.447241702003178e-07,4.470860054222674e-07,4.683201791226564e-06,4.644917832041385e-07,1.1309177852900452e-11
1.8368803,-1.2494198,-1.5869005,-0.8562414,1.7525691,1.244437,-0.8756528,1.9086173010383538,-1.3179525897786017,-1.6452112730603323,-0.9145907780460102,1.6908330074691944,1.2641296467054488,-0.8522512878951135,1.9088721,-1.3173598,-1.6451538,-0.9135672,1.6908469,1.2638608,-0.852252,0.0002547989616461521,0.0005927897786017766,5.747306033221378e-05,0.0010235780460101651,1.3892530805525993e-05,0.00026884670544879974,7.121048865021962e-07,6.49225108559573e-08,3.5139972161474335e-07,3.303152663950285e-09,1.0477120162739877e-06,1.930024121824887e-10,7.227855103067369e-08,5.070933693803057e-13
1.8238297,-1.239487,-1.5670501,-0.84097254,1.7540485,1.2492541,-0.8810865,1.894327937116464,-1.30747075409627,-1.6301059299208371,-0.8976126492871037,1.6905665010717563,1.2717536394770772,-0.8497104945095708,1.8944907,-1.3075503,-1.6280487,-0.89809,1.690023,1.2719136,-0.8497114,0.00016276288353589408,7.954590372993842e-05,0.0020572299208372335,0.00047735071289634057,0.0005435010717562694,0.00015996052292277518,9.054904291927457e-07,2.6491756256919018e-08,6.3275508002126305e-09,4.2321949471879705e-06,2.2786370310264455e-07,2.953934150002135e-07,2.5587368893727684e-08,8.199129173596628e-13
1.8111337,-1.2276852,-1.5486712,-0.8284919,1.7578962,1.2724285,-0.87519836,1.8822249578018706,-1.2963788102261598,-1.614842538778541,-0.8839546607751819,1.694031296432256,1.2759827239138022,-0.8479555206463681,1.879724,-1.2951964,-1.611676,-0.88386977,1.6928763,1.2784635,-0.84788036,0.0025009578018706513,0.0011824102261597247,0.003166538778540895,8.489077518192278e-05,0.001154996432255917,0.002480776086197789,7.516064636814423e-05,6.25478992673768e-06,1.3980939429270914e-06,1.0026967836003262e-05,7.206443710987757e-09,1.334016758523897e-06,6.1542499898508195e-06,5.649122762477233e-09
1.7973713,-1.2142842,-1.5321928,-0.8194428,1.7616969,1.2972348,-0.86347866,1.8656300929659873,-1.282664713984818,-1.5978361915961372,-0.8703647835263495,1.69981682708638,1.2819287801610484,-0.8465969362125965,1.8647819,-1.2810344,-1.5962512,-0.8710009,1.698854,1.283949,-0.84659576,0.000848192965987149,0.0016303139848179438,0.0015849915961372307,0.0006361164736504721,0.0009628270863799582,0.00202021983895162,1.1762125964320802e-06,7.194313075500769e-07,2.6579236890929626e-06,2.512198359825646e-06,4.0464416804951176e-07,9.270359982669195e-07,4.08128819769371e-06,1.3834760720054955e-12
1.7835449,-1.1996174,-1.517063,-0.81302047,1.767768,1.3156407,-0.84920985,1.8487628059321772,-1.2684979974714603,-1.5820558695585722,-0.8587784005994943,1.707007627953276,1.2881004694766283,-0.8456566093525691,1.8498664,-1.2659224,-1.5815971,-0.8594891,1.7069907,1.2887479,-0.8456516,0.0011035940678227885,0.0025755974714603003,0.00045876955857226953,0.000710699400505721,1.6927953276013596e-05,0.0006474305233716837,5.009352569196324e-06,1.2179198665336495e-06,6.633702334992692e-06,2.1046950787259504e-07,5.050936378791912e-07,2.8655560211489944e-10,4.191662825933323e-07,2.509361316251381e-11
1.7706535,-1.1838896,-1.5020231,-0.8082537,1.7748476,1.3294315,-0.8396123,1.8342735331387265,-1.2533486544537247,-1.5666002379470707,-0.8495916581463261,1.7168630627930297,1.2935974748890993,-0.8446302982542877,1.8351703,-1.2505168,-1.5673931,-0.84930766,1.7163539,1.2931405,-0.84487724,0.0008967668612733792,0.0028318544537246915,0.0007928620529293884,0.0002839981463260699,0.0005091627930295939,0.00045697488909923756,0.00024694174571227023,8.041908034781082e-07,8.019399647080371e-06,6.286302349754043e-07,8.06549471166438e-08,2.5924674980569706e-07,2.0882604926726045e-07,6.098022577542353e-08
1.7572528,-1.1683984,-1.4885244,-0.80247647,1.7832756,1.3363682,-0.8346607,1.8208627974434646,-1.2378336069723914,-1.5529899793935449,-0.8415373050892152,1.7258519748857442,1.2978831970743587,-0.8441562559432914,1.8207946,-1.2352027,-1.5533855,-0.840304,1.7262416,1.297289,-0.8441706,6.819744346464596e-05,0.0026309069723913225,0.00039552060645520193,0.0012333050892151531,0.0003896251142558871,0.0005941970743588154,1.4344056708637254e-05,4.650891295113582e-09,6.921671497377275e-06,1.5643655013069072e-07,1.5210414430839969e-06,1.5180772965891307e-07,3.530701631765756e-07,2.0575196286060142e-10
1.7435243,-1.1532162,-1.4746232,-0.79739845,1.792567,1.3427366,-0.8359704,1.8073706778195826,-1.221221383108202,-1.5385945727623118,-0.8332071517242268,1.7358014105567925,1.302045670776968,-0.8435141680041928,1.8067317,-1.2201442,-1.5394104,-0.83226264,1.7362227,1.3012849,-0.84350586,0.0006389778195825535,0.001077183108201929,0.0008158272376881381,0.0009445117242267154,0.0004212894432074066,0.0007607707769681227,8.308004192714158e-06,4.082926539184743e-07,1.1603234485955686e-06,6.655740817538579e-07,8.921023972017228e-07,1.7748479495800665e-07,5.78772175088681e-07,6.902293366615603e-11
1.7301328,-1.1384059,-1.4609754,-0.79324126,1.8015616,1.3485603,-0.83262086,1.7944821643377407,-1.2065301978236977,-1.5255277090655373,-0.8258901948522774,1.745244708630958,1.3056816888266838,-0.8427958139917371,1.7929225,-1.2053546,-1.5254028,-0.8249985,1.7460685,1.3051854,-0.8428526,0.001559664337740685,0.0011755978236978049,0.0001249090655373042,0.0008916948522774693,0.0008237913690420928,0.0004962888266837329,5.678600826286573e-05,2.4325528464200894e-06,1.3820302430830151e-06,1.5602274653402553e-08,7.951197095781377e-07,6.786322197082456e-07,2.4630259949111625e-07,3.2246507344302546e-09
1.7158461,-1.1247951,-1.4468564,-0.7919437,1.8109463,1.3536316,-0.8304783,1.7801580923876243,-1.1923222493399226,-1.5124922410121104,-0.8186001907131919,1.754565762990343,1.3096377274757274,-0.8417077057499699,1.7792468,-1.1908149,-1.5113418,-0.8184935,1.7557063,1.3090287,-0.8421831,0.0009112923876244405,0.0015073493399226923,0.0011504410121103703,0.00010669071319191481,0.0011405370096568834,0.0006090274757273306,0.0004753942500300701,8.304538157422536e-07,2.2721020325653763e-06,1.3235145223455332e-06,1.1382908281399425e-08,1.3008246703970658e-06,3.709144661908043e-07,2.259996929616528e-07
1.7034645,-1.1108521,-1.4337792,-0.7965657,1.8200508,1.3626065,-0.8314218,1.76565033471023,-1.178038428636886,-1.4988534864175243,-0.8150077386196748,1.7658573663988604,1.3137898135104469,-0.8415103539480231,1.7656646,-1.1764792,-1.497277,-0.8130709,1.7651381,1.312872,-0.8415041,1.4265289770110101e-05,0.0015592286368859565,0.001576486417524281,0.0019368386196747522,0.0007192663988604409,0.000917813510446841,6.253948023116074e-06,2.034984922252079e-10,2.4311939420852377e-06,2.4853094246385418e-06,3.7513438386635995e-06,5.173441525296668e-07,8.423816399587535e-07,3.911186587583745e-11
1.68927,-1.0967721,-1.4199216,-0.7934653,1.8292575,1.3662322,-0.8341113,1.7518528683875272,-1.162632613775734,-1.4855392622213852,-0.8067621587269496,1.7738360782115186,1.3167006479392838,-0.8408591814280248,1.752111,-1.162279,-1.4832542,-0.8087431,1.774406,1.3167402,-0.84084225,0.0002581316124727895,0.0003536137757338409,0.002285062221385248,0.001980941273050485,0.0005699217884813645,3.955206071615258e-05,1.6931428024835604e-05,6.663192935780237e-08,1.2504270238874312e-07,5.221509355602084e-06,3.924128327274876e-06,3.248108449857972e-07,1.5643655068942202e-09,2.866732549601885e-10
1.6757065,-1.0832353,-1.4059252,-0.8018427,1.8389556,1.3714395,-0.8431976,1.738539069636553,-1.1460593174736515,-1.4696369335028738,-0.802403183616701,1.7826902203117365,1.3201868417841038,-0.8402298180671326,1.7385383,-1.1481742,-1.4692848,-0.80578864,1.7835822,1.3206445,-0.8402815,7.696365529330507e-07,0.002114882526348394,0.0003521335028737749,0.0033854563832989015,0.0008919796882633779,0.00045765821589616174,5.1681932867420066e-05,5.923404236106685e-13,4.472728100253765e-06,1.2399800384615482e-07,1.1461314923219278e-05,7.956277642744328e-07,2.0945104257725778e-07,2.6710221849125143e-09
1.6628796,-1.0699899,-1.3930345,-0.81772137,1.8478528,1.3786252,-0.8471068,1.7247089700215552,-1.1314143877031513,-1.4544129854059407,-0.8053425084837218,1.7925695338111547,1.3248135983596865,-0.839923484425895,1.7249694,-1.1341628,-1.455405,-0.80490744,1.792707,1.3246175,-0.8398781,0.0002604299784447761,0.0027484122968486346,0.0009920145940593983,0.00043506848372176776,0.00013746618884535877,0.0001960983596864807,4.538442589507863e-05,6.782377367274654e-08,7.553770153468787e-06,9.840929548268328e-07,1.892845855279581e-07,1.889695307566784e-08,3.845456667172836e-08,2.0597461138258835e-09
1.6499281,-1.0563867,-1.3796856,-0.832309,1.8566934,1.3852198,-0.8528438,1.7113633114269935,-1.1150743160993268,-1.4378855093844427,-0.8089081704403345,1.8020171098342392,1.3291938291363716,-0.8396364526912822,1.7114501,-1.120241,-1.4416358,-0.8066603,1.8017993,1.3286897,-0.83967876,8.678857300647991e-05,0.005166683900673208,0.003750290615557317,0.0022478704403344762,0.00021780983423913547,0.000504129136371656,4.230730871779276e-05,7.532256404501093e-09,2.6694622529475715e-05,1.4064679701137279e-05,5.0529215165295125e-06,4.744112389127967e-08,2.5414618613883174e-07,1.789908370942623e-09
1.6370683,-1.0421515,-1.3670008,-0.8364471,1.865159,1.3913094,-0.8511985,1.697753187342421,-1.1016307436005226,-1.4259349450007774,-0.8099142113091987,1.8106083633188006,1.3325995777481092,-0.8397231252745376,1.6980224,-1.1063632,-1.4280174,-0.8107325,1.8108573,1.3328763,-0.8396673,0.0002692126575789544,0.004732456399477503,0.0020824549992226604,0.0008182886908012499,0.00024893668119929657,0.000276722251890682,5.58252745376242e-05,7.247545500072335e-08,2.2396143572955567e-05,4.3366188237874504e-06,6.695963814932235e-07,6.196947124652021e-08,7.657520469145006e-08,3.1164612772011133e-09
1.6256717,-1.0288742,-1.354593,-0.8442724,1.8726993,1.3983855,-0.84401846,1.6852908248846121,-1.0923045964200853,-1.4154426396311461,-0.8169425784761973,1.820459158659653,1.336660978660485,-0.8397245556440834,1.6847777,-1.0925158,-1.4145992,-0.81646216,1.8198504,1.3371869,-0.83975697,0.0005131248846121927,0.00021120357991466499,0.0008434396311460812,0.0004804184761972863,0.0006087586596530414,0.000525921339515012,3.241435591661013e-05,2.632971472082761e-07,4.460695216877028e-08,7.113904113878376e-07,2.3080191227172253e-07,3.705871057025675e-07,2.765932553572645e-07,1.050690469488678e-09
1.6109726,-1.0149243,-1.3426335,-0.85404414,1.8800822,1.4020913,-0.8372294,1.6720088151864358,-1.0805355545081106,-1.4038669347552737,-0.8232683394128442,1.828954858087131,1.3416718800607306,-0.8398521477909281,1.6716533,-1.0786799,-1.4014328,-0.8232571,1.8287349,1.3416044,-0.83985233,0.0003555151864358397,0.001855654508110538,0.0024341347552736536,1.1239412844199492e-05,0.00021995808713115572,6.748006073054036e-05,1.8220907194166358e-07,1.2639104778650984e-07,3.4434536534709627e-06,5.92501200683113e-06,1.2632440108235652e-10,4.838156009439709e-08,4.553558596197415e-09,3.3200145897842335e-14
1.5975735,-1.0019482,-1.3302118,-0.86391175,1.8869464,1.4069717,-0.83390874,1.6588629261350283,-1.0680434193446493,-1.3909437929169535,-0.8300557622981419,1.8373840594930317,1.3464724660592307,-0.8396929967845638,1.6585555,-1.0648803,-1.3885238,-0.8306891,1.8374591,1.3461095,-0.83989143,0.00030742613502821037,0.003163119344649301,0.002419992916953495,0.0006333377018580277,7.504050696827136e-05,0.000362966059230585,0.00019843321543622228,9.451082849838343e-08,1.0005323988494624e-05,5.856365718105085e-06,4.01116644594808e-07,5.6310776860551825e-09,1.3174436015338054e-07,3.93757409883582e-08
1.5863798,-0.98964626,-1.318572,-0.8736866,1.8941545,1.4128104,-0.83130115,1.6465800464569826,-1.0564673556285897,-1.378711386508958,-0.8393194541855831,1.8465493465476026,1.3506040189766155,-0.8397256399627306,1.6455188,-1.0511931,-1.3758609,-0.83849394,1.8459888,1.3506967,-0.8398447,0.0010612464569825786,0.00527425562858963,0.002850486508958028,0.0008255141855830761,0.000560546547602625,9.268102338455542e-05,0.00011906003726935843,1.126244042458076e-06,2.7817772435709394e-05,8.125273337751724e-06,6.814736705988894e-07,3.1421243202922194e-07,8.589772095608508e-09,1.417529247458102e-08
1.5715823,-0.97581273,-1.306875,-0.883985,1.901658,1.4171486,-0.8303708,1.6327479418775943,-1.0412268109273524,-1.3650428434312476,-0.8468760114238212,1.8545862655245227,1.355752508358088,-0.8395407302650246,1.6324725,-1.0376223,-1.3634212,-0.84656584,1.85432,1.3553525,-0.8397045,0.00027544187759431793,0.0036045109273523668,0.0016216434312474881,0.0003101714238211706,0.0002662655245226908,0.00040000835808795543,0.00016376973497533864,7.586822793268322e-08,1.2992499025402618e-05,2.629727418108127e-06,9.620631215525222e-08,7.089732954934366e-08,1.6000668654022198e-07,2.6820526093892656e-08
1.5590787,-0.96363735,-1.2956524,-0.8932144,1.9094709,1.4224914,-0.82959414,1.6189973696761109,-1.027939769609092,-1.3531093187776604,-0.8553205946143099,1.8626349170286916,1.3602585039312116,-0.8395307899064852,1.6193957,-1.0241984,-1.3511932,-0.85484564,1.8624835,1.3600675,-0.8394766,0.00039833032388925105,0.0037413696090919935,0.0019161187776604027,0.00047495461430990815,0.00015141702869159168,0.00019100393121163073,5.41899064852025e-05,1.5866704692971565e-07,1.3997846551837175e-05,3.671511170102796e-06,2.255818856542736e-07,2.2927116577790298e-08,3.648250173829736e-08,2.9365459648749918e-09
1.5458131,-0.951012,-1.285134,-0.90318745,1.9159728,1.4271903,-0.82927257,1.60639267564058,-1.0132151136613272,-1.3401327551481121,-0.8643337798976346,1.8706517240576062,1.3651198856262787,-0.83912923491404,1.6062827,-1.0109404,-1.339194,-0.8633305,1.8704753,1.364832,-0.8391714,0.00010997564058001785,0.0022747136613272545,0.000938755148112147,0.0010032798976346013,0.00017642405760609492,0.0002878856262786833,4.216508595999979e-05,1.209464152098527e-08,5.1743222410288434e-06,8.81261228107059e-07,1.0065705529976961e-06,3.11254481021987e-08,8.287813381786971e-08,1.7778944740141717e-09
1.5331279,-0.9392369,-1.2742009,-0.91126466,1.9211501,1.4325708,-0.82931334,1.5927464044380037,-0.9991551899072809,-1.3276984348253675,-0.8716527755786656,1.8780797822769004,1.369755994387597,-0.8387352370984652,1.5931602,-0.99788046,-1.3274238,-0.87195075,1.8782439,1.3696424,-0.83880424,0.00041379556199627743,0.001274729907280947,0.0002746348253674924,0.00029797442133439045,0.00016411772309954387,0.00011359438759694918,6.900290153477595e-05,1.7122676712781508e-07,1.6249363365164919e-06,7.542428730463304e-08,8.878875576956484e-08,2.6934627035378554e-08,1.290368489352592e-08,4.761400420217986e-09
1.5200822,-0.9276543,-1.2639017,-0.92122436,1.9282175,1.4374653,-0.8298302,1.5803579069543259,-0.9845557439921199,-1.315754292087231,-0.8810618230795239,1.8858554475342533,1.3746798493705035,-0.8384405514776413,1.5800529,-0.98505545,-1.315892,-0.8806912,1.8857875,1.3744909,-0.8383951,0.0003050069543257816,0.0004997060078801852,0.00013770791276912497,0.0003706230795238463,6.79475342533209e-05,0.00018894937050339955,4.545147764134505e-05,9.302924218708943e-08,2.497060943115517e-07,1.8963469239228934e-08,1.373614670757393e-07,4.616867411106217e-09,3.5701864613630955e-08,2.065836819781689e-09
1.5080154,-0.91705716,-1.2551366,-0.9278307,1.9304037,1.4429495,-0.8306174,1.5673819822659025,-0.9707697247975605,-1.3047192581357288,-0.8873743181391187,1.8925468075928447,1.3789654804068947,-0.8379893936377486,1.5670123,-0.972527,-1.3046672,-0.88942206,1.8929954,1.3793737,-0.83796597,0.0003696822659025045,0.0017572752024395122,5.205813572883855e-05,0.0020477418608813025,0.0004485924071553349,0.00040821959310521905,2.342363774865408e-05,1.3666497772281007e-07,3.0880161371088284e-06,2.710049495562177e-09,4.19324672880562e-06,2.0123514775741775e-07,1.666432361949906e-07,5.486668053801724e-10
1.4958739,-0.90805334,-1.247111,-0.93485314,1.9339406,1.4483799,-0.82923555,1.5525362457154452,-0.9592370252414243,-1.2962792994998922,-0.8935123573188195,1.8978533023614876,1.3834461677363745,-0.8379808220464801,1.5540977,-0.9604182,-1.2938602,-0.89798987,1.8997607,1.3842908,-0.8375206,0.0015614542845547863,0.0011811747585757093,0.0024190994998922744,0.004477512681180462,0.0019073976385124425,0.0008446322636255221,0.00046022204648010767,2.4381394827544995e-06,1.3951738102963852e-06,5.852042390379052e-06,2.0048119810131853e-05,3.6381657514028422e-06,7.134036607571735e-07,2.118043320663384e-07
1.4809934,-0.89742804,-1.2385824,-0.94844204,1.9376432,1.4524125,-0.82464314,1.540869538811579,-0.945504576066089,-1.2812228762647908,-0.90618330977798,1.9060274024925663,1.3898011193662478,-0.837031163022288,1.5412078,-0.94875574,-1.2835243,-0.90659773,1.9060416,1.3892289,-0.8370304,0.0003382611884210629,0.0032511639339110054,0.0023014237352092515,0.0004144202220199844,1.4197507433699741e-05,0.0005722193662478503,7.630222880194992e-07,1.1442063159202981e-07,1.0570066925163684e-05,5.2965512089845024e-06,1.7174412041909318e-07,2.0156921732995941e-10,3.2743500310909144e-07,5.822030120145116e-13
1.4715008,-0.8909685,-1.2342714,-0.95749056,1.9355438,1.4585663,-0.8209861,1.5282196546330375,-0.9369138996741084,-1.271685128295363,-0.917545437109288,1.9126985592713628,1.3938078146344053,-0.8364717313990254,1.5284381,-0.93767214,-1.273835,-0.91538775,1.9116683,1.394188,-0.8364639,0.00021844536696247197,0.0007582403258915571,0.0021498717046370963,0.002157687109288098,0.001030259271362688,0.0003801853655946985,7.831399025381991e-06,4.771837834736904e-08,5.749283918081347e-07,4.621948346399215e-06,4.6556136615880275e-06,1.0614341662287766e-06,1.4454091221237455e-07,6.1330810694754e-11
1.46007,-0.8866132,-1.2347323,-0.9662463,1.9247718,1.4641128,-0.8193946,1.5166481571941421,-0.928491734746501,-1.2623337092368057,-0.9254911333138249,1.9165157888960032,1.3986785519000702,-0.8357804896359955,1.5158858,-0.92741346,-1.2651966,-0.9243752,1.9161849,1.3991662,-0.8358154,0.0007623571941421936,0.0010782747465010178,0.002862890763194237,0.0011159333138249794,0.0003308888960031897,0.00048764809992984937,3.491036400449232e-05,5.811884914603583e-07,1.1626764289418343e-06,8.19614352198288e-06,1.2453071609044e-06,1.094874614982097e-07,2.3780066936519234e-07,1.2187335149261533e-09
1.4478788,-0.8838774,-1.2439413,-0.9745306,1.9043095,1.4687868,-0.8144179,1.502767618534904,-0.9232090891593367,-1.2568251881779384,-0.9291277887214672,1.916518115324678,1.4036875129304722,-0.8350781064810974,1.5035586,-0.91825056,-1.2583835,-0.9334818,1.918838,1.404154,-0.8350649,0.0007909814650961522,0.0049585291593367,0.0015583118220616754,0.004354011278532854,0.0023198846753220703,0.0004664870695276768,1.3206481097371991e-05,6.256516781256555e-07,2.458701142399232e-05,2.4283357347771785e-06,1.89574142135913e-05,5.381864906794188e-06,2.176101860365196e-07,1.7441114297524371e-10
1.4337554,-0.8769239,-1.2584851,-0.99316376,1.8897182,1.4710855,-0.8060827,1.4917256458444892,-0.9132293561807824,-1.250505746273329,-0.9444516980753117,1.9197631309899006,1.4097237298345682,-0.8341821603803519,1.4913116,-0.91014147,-1.2543304,-0.9430777,1.919126,1.4091226,-0.8341608,0.0004140458444892303,0.003087886180782373,0.003824653726670846,0.0013739980753116887,0.0006371309899004807,0.0006011298345682814,2.136038035183141e-05,1.714339613387999e-07,9.535041065466751e-06,1.4627976128937189e-05,1.887870710960225e-06,4.059358982915664e-07,3.6135707800808937e-07,4.5626584877490533e-10
1.4212079,-0.87152207,-1.2796489,-1.0100455,1.8819234,1.4733558,-0.8110161,1.4790936254884546,-0.8995899281362781,-1.2573049242827379,-0.9555757305643213,1.917930808411972,1.4140898563949795,-0.8331242216904629,1.4790282,-0.9028897,-1.2539661,-0.95359766,1.9170871,1.4140302,-0.83314896,6.542548845467344e-05,0.0032997718637218787,0.0033388242827379067,0.0019780705643213103,0.0008437084119718996,5.9656394979512584e-05,2.47383095371978e-05,4.280494539532608e-09,1.088849435261056e-05,1.1147747591000297e-05,3.912763157434427e-06,7.118438844321446e-07,3.5588854619516143e-09,6.119839587582116e-10
1.4071121,-0.862545,-1.3023851,-1.0225747,1.8741529,1.4769136,-0.8049641,1.4662972827366616,-0.8913377804441242,-1.2692176867854053,-0.9646095178931394,1.9140534898261863,1.418194406604094,-0.8320415565806385,1.4665847,-0.8960824,-1.2578781,-0.96510375,1.9130874,1.4188577,-0.83203125,0.00028741726333847417,0.004744619555875795,0.011339586785405142,0.0004942321068606148,0.0009660898261862894,0.0006632933959060949,1.030658063849721e-05,8.26086832649778e-08,2.251141472999903e-05,0.00012858622846373494,2.442653754518822e-07,9.333295522606548e-07,4.3995812905263957e-07,1.0622560445784554e-10
1.3898838,-0.8554993,-1.316803,-1.034681,1.8736844,1.4789752,-0.78504723,1.4538708867396608,-0.8888814194509267,-1.277989882507834,-0.9760444888169382,1.9063029256873252,1.4238996399075463,-0.8306688482061033,1.4537311,-0.88935995,-1.2657096,-0.97736514,1.9078307,1.4235822,-0.83067226,0.0001397867396608632,0.0004785305490733194,0.012280282507833862,0.001320651183061794,0.0015277743126749233,0.0003174399075462908,3.4117938967348493e-06,1.954033258501394e-08,2.2899148639641254e-07,0.00015080533847221033,1.744119547322516e-06,2.334094350469334e-06,1.0076809490299766e-07,1.1640337593797167e-11
1.3739731,-0.8418344,-1.3301191,-1.0478376,1.8803186,1.4784033,-0.7761397,1.4443866798011136,-0.8753593547009686,-1.278542021501045,-0.9962423539202032,1.9068228823946338,1.427505861974843,-0.8248343269379856,1.44029,-0.88219595,-1.2764518,-0.99009573,1.9023013,1.4281732,-0.8289757,0.004096679801113501,0.006836595299031356,0.0020902215010449865,0.006146623920203265,0.00452158239463385,0.0006673380251569494,0.004141373062014342,1.6782785392851354e-05,4.6739035282737636e-05,4.369025923430756e-06,3.778098561641495e-05,2.044470735146278e-05,4.453400398203772e-07,1.7150970838778046e-05
1.3608639,-0.8385869,-1.3466696,-1.0604719,1.8822525,1.481937,-0.7722052,1.4308499639852723,-0.8705191120350294,-1.2911444763122395,-1.0083985552029677,1.9003404086083795,1.4320236526547423,-0.8215228940214014,1.4263415,-0.87460184,-1.2890728,-1.0030252,1.8972621,1.4326268,-0.8269234,0.004508463985272382,0.004082727964970556,0.002071676312239479,0.005373355202967778,0.003078308608379432,0.0006031473452576819,0.005400505978598535,2.0326247506498127e-05,1.666866763595262e-05,4.291842742694167e-06,2.8872946137260888e-05,9.475983888422915e-06,3.637867200913893e-07,2.9165464824878525e-05
1.3478392,-0.8352497,-1.3599644,-1.0750444,1.8746661,1.486398,-0.7698729,1.4120972631755433,-0.867703017587841,-1.3002714149980863,-1.016281314162101,1.89325350056127,1.4372401791924945,-0.8245453753661803,1.4121242,-0.8669486,-1.3026035,-1.016039,1.8928676,1.4369603,-0.8245449,2.6936824456758046e-05,0.0007544175878410053,0.0023320850019137307,0.00024231416210107604,0.00038590056127008054,0.0002798791924945032,4.7536618030807887e-07,7.255925118141985e-10,5.691458968438409e-07,5.438620456150965e-06,5.8716153154746554e-08,1.4891924318856319e-07,7.833236239137518e-08,2.2597300538069294e-13
1.3343104,-0.83874774,-1.3740067,-1.0898641,1.8746984,1.4889735,-0.7663104,1.3895967646727492,-0.8676359729891997,-1.3143512024528246,-1.0242894596073306,1.8821600426014247,1.443071393657442,-0.8282534711726158,1.3978724,-0.85997915,-1.3163383,-1.0291425,1.8891482,1.4411832,-0.8218746,0.008275635327250841,0.007656822989199674,0.0019870975471754093,0.004853040392669428,0.006988157398575279,0.0018881936574419722,0.006378871172615819,6.848614006964213e-05,5.8626938287936636e-05,3.948556661990528e-06,2.3552001052881033e-05,4.8834343827262404e-05,3.5652752880040917e-06,4.068999743682911e-05
1.3218042,-0.86297417,-1.3857788,-1.10245,1.8968937,1.4963089,-0.7647548,1.3749882744169577,-0.875931715095743,-1.3422715556434097,-1.0320548016836233,1.8666277446291686,1.4493066116848743,-0.8297724958279793,1.3838115,-0.8553958,-1.3297908,-1.0422784,1.8867373,1.4453222,-0.8189573,0.008823225583042271,0.02053591509574293,0.012480755643409669,0.010223598316376759,0.020109555370831478,0.0039844116848744004,0.010815195827979296,7.784930968925163e-05,0.0004217238088195623,0.0001557692614305023,0.00010452196253462169,0.00040439421721253716,1.587553647456366e-05,0.00011696846079754077
1.314029,-0.88273066,-1.390624,-1.1118242,1.9248846,1.4971864,-0.77448845,1.3682224434283004,-0.8767110764792453,-1.3597850739368036,-1.038517162768594,1.8604808808770035,1.454073413012861,-0.8261697778847429,1.3703151,-0.85466814,-1.3423946,-1.0552026,1.8865962,1.4493562,-0.81591797,0.002092656571699658,0.022042936479245268,0.017390473936803597,0.01668543723140603,0.026115319122996583,0.004717213012860988,0.010251807884742892,4.3792115270777664e-06,0.00048589104862804177,0.0003024285837466452,0.00027840381560319055,0.000682009892895951,2.225209860870504e-05,0.00010509956490567652
1.3308481,-0.89763063,-1.3697083,-1.1213585,1.9232495,1.4921982,-0.7985403,1.3630735628319477,-0.8743923453815422,-1.3456579155978041,-1.0386163118685414,1.869522021044501,1.4562486488039008,-0.8217809737606883,1.3588462,-0.8582158,-1.3525264,-1.067671,1.8886962,1.4532357,-0.81300735,0.004227362831947801,0.01617654538154223,0.006868484402195785,0.029054688131458617,0.01917417895549911,0.0030129488039007946,0.008773623760688243,1.787059651293373e-05,0.0002616806204810952,4.717607798320678e-05,0.0008441749024163222,0.00036764913861750496,9.077860494927228e-06,7.69764738941133e-05
1.3696457,-0.9109994,-1.3698964,-1.1374078,1.9275934,1.4893618,-0.8474627,1.351965242334108,-0.859094235276738,-1.335852533508279,-1.0810724169821508,1.892710540778618,1.458711242867547,-0.810702082530601,1.3520274,-0.86549807,-1.3594768,-1.079878,1.8926024,1.4569455,-0.8107004,6.215766589212635e-05,0.006403834723262003,0.023624266491721002,0.0011944169821509476,0.00010814077861809324,0.0017657428675470488,1.6825306010659347e-06,3.863575429157207e-09,4.1009099162856135e-05,0.0005581059672718517,1.426631927250577e-06,1.1694428000127451e-08,3.117847874293275e-06,2.8309092235232953e-12
1.3995911,-0.93879104,-1.4228829,-1.1486821,1.9250621,1.4865103,-0.85598487,1.3518805036952313,-0.8858119064413683,-1.3790143907195376,-1.0896996304196482,1.8956864421856563,1.458927254495107,-0.8092039987595192,1.3517509,-0.8761573,-1.3659599,-1.0919935,1.8975348,1.4604455,-0.8092041,0.0001296036952311841,0.009654606441368285,0.01305449071953757,0.002293869580351826,0.0018483578143437818,0.00151824550489299,1.0124048077653214e-07,1.679711781757765e-08,9.321142553770998e-05,0.00017041972794649255,5.261837651663463e-06,3.416426609845722e-06,2.30506941312777e-06,1.0249634947863373e-14
1.4149586,-0.95258176,-1.4370085,-1.1631079,1.9428835,1.4604627,-0.84980744,1.358001043117582,-0.892016653183637,-1.3777941158480909,-1.1068242747787906,1.9066044618806048,1.4630549098811647,-0.8084355268054616,1.3579135,-0.8893113,-1.3740795,-1.1042138,1.9032474,1.4634954,-0.8084364,8.754311758196742e-05,0.0027053531836369604,0.003714615848090963,0.002610474778790728,0.003357061880604917,0.00044049011883529055,8.73194538453248e-07,7.663797435970174e-09,7.318935848214637e-06,1.3798370898888544e-05,6.814578570702499e-06,1.126986447021062e-05,1.9403154479152837e-07,7.624687019845808e-13
1.4235213,-0.96813273,-1.4452964,-1.1689388,1.9625726,1.42825,-0.8421558,1.3687410927582377,-0.9092501403369652,-1.3846669997959455,-1.1192945032640287,1.9111063774999832,1.4652718478853743,-0.808223688259341,1.368753,-0.9039111,-1.3843582,-1.1163121,1.9099326,1.4657747,-0.8082228,1.1907241762365572e-05,0.005339040336965195,0.00030879979594544693,0.0029824032640286546,0.001173777499983153,0.0005028521146257514,8.882593409698103e-07,1.417824063874228e-10,2.8505351719741425e-05,9.535731397594966e-08,8.894729229288774e-06,1.3777536194667007e-06,2.5286024918358984e-07,7.890046568201217e-13
1.4347337,-0.9831992,-1.4552085,-1.1748465,1.9651922,1.4415178,-0.8489178,1.3820723828721775,-0.9185099572910249,-1.3971775356720857,-1.1214621418247515,1.914405569798079,1.4663611461618384,-0.8085064687239788,1.3820872,-0.91906977,-1.3963878,-1.1278726,1.9173522,1.4673349,-0.8085022,1.4817127822475129e-05,0.0005598127089750937,0.000789735672085623,0.006410458175248435,0.0029466302019209856,0.0009737538381615618,4.268723978850808e-06,2.1954727690756655e-10,3.13390269130033e-07,6.236824317645306e-07,4.109397401660949e-05,8.682629546872909e-06,9.48196537334373e-07,1.8222004407615874e-11
1.4506481,-0.9979293,-1.4673234,-1.18893,1.9663414,1.4587561,-0.8525859,1.3963862509672622,-0.9294322660730652,-1.409791814888119,-1.139309008302621,1.924459750230196,1.4684135458282663,-0.8092316698061615,1.3962722,-0.9341769,-1.4094551,-1.1389486,1.9250083,1.4684182,-0.8092518,0.00011405096726213593,0.004744633926934805,0.0003367148881190385,0.00036040830262096257,0.0005485497698038966,4.654171733564638e-06,2.0130193838507893e-05,1.3007623133428801e-08,2.2511551100620788e-05,1.133769158810166e-07,1.2989414459812335e-07,3.009068499519079e-07,2.1661314525512068e-11,4.052247039759011e-10
1.463698,-1.0127444,-1.4803045,-1.1960437,1.9663159,1.4690158,-0.8519065,1.4098620628165976,-0.9454972742483454,-1.42515002485919,-1.147194695864967,1.930566196348796,1.4687233927745866,-0.8104404421303963,1.4102454,-0.9489398,-1.4229076,-1.1495553,1.9323783,1.4692403,-0.8104143,0.00038333718340233247,0.0034425257516546015,0.0022424248591899065,0.0023606041350330287,0.001812103651204211,0.000516907225413421,2.6142130396311636e-05,1.469473961788335e-07,1.1850983550805079e-05,5.028469249112872e-06,5.572451882335034e-06,3.283719642707633e-06,2.671930796846013e-07,6.834109816577608e-10
1.4774779,-1.0274166,-1.4931532,-1.2070276,1.9667845,1.4752269,-0.84571713,1.4234779893801894,-0.9619134939234667,-1.4374862197265719,-1.1625052990803835,1.9398765073428632,1.4705412901811685,-0.8118592393492998,1.4235454,-0.96331644,-1.4362876,-1.1598302,1.9390693,1.4699365,-0.8118725,6.741061981063723e-05,0.0014029460765333512,0.00119861972657187,0.0026750990803834362,0.0008072073428631032,0.0006047901811685463,1.3260650700175347e-05,4.544191663254276e-09,1.968257693660324e-06,1.4366892489272246e-06,7.156155089868306e-06,6.515836943721115e-07,3.6577116323788307e-07,1.7584485699206092e-10
1.4881496,-1.0417969,-1.5061537,-1.2116245,1.9711437,1.4695941,-0.83844745,1.4361030401018207,-0.9771325797939151,-1.448046858473384,-1.1718819595311278,1.9455740015100436,1.471211711829542,-0.813489274807855,1.4360251,-0.9774003,-1.449372,-1.1696798,1.944982,1.4705182,-0.81348515,7.794010182071709e-05,0.0002677202060848982,0.0013251415266160027,0.0022021595311279007,0.0005920015100435716,0.0006935118295419151,4.124807855054868e-06,6.074659471823747e-09,7.167410874614037e-08,1.7560000655621903e-06,4.849506600537456e-06,3.50465787893869e-07,4.809586577145743e-07,1.7014039841122344e-11
1.4981619,-1.0562966,-1.5173173,-1.2165548,1.9682722,1.4750067,-0.8340347,1.447955592173569,-0.992091967529273,-1.4598767568992237,-1.179272488125298,1.9508667229835266,1.4720659947893031,-0.815132060437832,1.4477229,-0.9913459,-1.4620464,-1.1789132,1.9499888,1.4710256,-0.81513786,0.0002326921735689158,0.0007460675292729757,0.002169643100776275,0.00035928812529806287,0.0008779229835265134,0.0010403947893031784,5.799562167951855e-06,5.414564764022644e-08,5.566167582354825e-07,4.7073511847460895e-06,1.2908795698019653e-07,7.707487650040947e-07,1.082421317609205e-06,3.363492133993842e-11
1.5082169,-1.0701877,-1.5298551,-1.2196211,1.9614999,1.4785597,-0.82619315,1.4587926493915422,-1.0066788628225685,-1.4720182900912928,-1.1870830400236083,1.9555939504874837,1.472352958886017,-0.816720179967422,1.4587951,-1.0052688,-1.4743564,-1.1872998,1.953857,1.47151,-0.8167162,2.4506084577158305e-06,0.001410062822568392,0.0023381099087071977,0.0002167599763915895,0.0017369504874837904,0.0008429588860168202,3.97996742196316e-06,6.005481813028361e-12,1.9882771635895404e-06,5.4667579451947804e-06,4.6984887365282436e-08,3.0169969959701774e-06,7.105796835147185e-07,1.584014067988808e-11
1.515227,-1.0848733,-1.542566,-1.2180979,1.957044,1.4775524,-0.8102249,1.4685074019420403,-1.0213803517245943,-1.4846003276054403,-1.2019344215676002,1.956339700163396,1.4732684706611365,-0.8184176376094623,1.4693027,-1.0192688,-1.4864452,-1.1944772,1.9564586,1.4719774,-0.8180542,0.000795298057959748,0.0021115517245942073,0.0018448723945596601,0.007457221567600314,0.00011889983660395842,0.0012910706611364287,0.00036343760946233594,6.324990009945467e-07,4.4586506856367705e-06,3.4035541522082943e-06,5.5610153508283285e-05,1.413717114444801e-08,1.666863452047255e-06,1.3208689597169743e-07
1.5203645,-1.1014417,-1.5578356,-1.2134594,1.9435651,1.4790063,-0.8028088,1.4790338154385014,-1.0359924977354842,-1.4999195829331637,-1.1976041117129572,1.954833400034748,1.4717868592185117,-0.8190520767316761,1.4791636,-1.0334995,-1.4985893,-1.2000066,1.9575229,1.4724313,-0.8190479,0.0001297845614984805,0.0024929977354841704,0.00133028293316384,0.0024024882870428144,0.002689499965252029,0.0006444407814882869,4.1767316760754625e-06,1.6844032403352866e-08,6.215037709129201e-06,1.7696526822669895e-06,5.7719499693779165e-06,7.233410063090665e-06,4.153039208452339e-07,1.7445087493932142e-11
1.5243678,-1.1164886,-1.5727932,-1.2127193,1.9394228,1.4792305,-0.79735315,1.4882720559472413,-1.0470228043520289,-1.5122997057706544,-1.204445452451533,1.9576509908174062,1.4717061895270682,-0.819650685535631,1.4882255,-1.0480239,-1.5110538,-1.2037946,1.9570689,1.47287,-0.81965446,4.65559472413446e-05,0.0010010956479711286,0.0012459057706544208,0.0006508524515329572,0.0005820908174063444,0.0011638104729316812,3.7744643689441304e-06,2.1674562235388615e-09,1.0021924963867339e-06,1.5522811893499862e-06,4.2360891366646045e-07,3.3882971970878617e-07,1.3544548169054633e-06,1.4246581272428813e-11
1.5192739,-1.1325846,-1.5868752,-1.2155546,1.9477277,1.4781358,-0.79917264,1.490881979955961,-1.0578387066293413,-1.5235226536823856,-1.2105771148044604,1.9599908992743202,1.4727382755242848,-0.8156741106563123,1.4959579,-1.062865,-1.5239627,-1.2062322,1.9557128,1.4732782,-0.81990814,0.005075920044039117,0.00502629337065863,0.0004400463176144065,0.004344914804460309,0.004278099274320324,0.0005399244757151589,0.004234029343687662,2.5764964293478074e-05,2.526362504792689e-05,1.9364076164599911e-07,1.8878284658018366e-05,1.8302133400940083e-05,2.9151843947628923e-07,1.7927004483208173e-05
1.484878,-1.1475362,-1.602552,-1.2335756,1.9396617,1.4638362,-0.8043831,1.488125466676761,-1.0710042657931766,-1.539461414694174,-1.2036932022750535,1.9516202828410936,1.4731714847668502,-0.8241056264177475,1.5004516,-1.0779617,-1.537379,-1.2086221,1.9537406,1.4735337,-0.81990623,0.012326133323239175,0.006957434206823265,0.0020824146941740285,0.004928897724946424,0.0021203171589063707,0.0003622152331497208,0.004199396417747581,0.00015193356270226722,4.840589074227448e-05,4.336450958511913e-06,2.4294032782982033e-05,4.495744854352784e-06,1.311998751257066e-07,1.7634930273391212e-05
1.4440296,-1.1608659,-1.6149145,-1.2718517,1.9725751,1.4462126,-0.83226806,1.4993647548513895,-1.0913747625813235,-1.5500470443284473,-1.2134553552833345,1.9525557745150013,1.4737330859810842,-0.819918690463232,1.4993663,-1.0931346,-1.551152,-1.2133771,1.9523845,1.4734441,-0.81991863,1.5451486103934542e-06,0.0017598374186764687,0.0011049556715527764,7.825528333449405e-05,0.0001712745150013184,0.0002889859810841777,6.04632319767262e-08,2.3874842282008225e-12,3.0970277401738565e-06,1.2209270360966472e-06,6.123889369761942e-09,2.9334959488936843e-08,8.351289726318473e-08,3.655802421071407e-15
1.4378858,-1.1692415,-1.6192579,-1.2699568,2.0101445,1.5098132,-0.87456566,1.4927331630614817,-1.1082675115356557,-1.565612754069924,-1.2209543119941384,1.9533080572864066,1.4732901399657892,-0.8203543550601343,1.4927325,-1.107949,-1.5646522,-1.2208692,1.9533324,1.4734422,-0.82035446,6.630614817204616e-07,0.00031851153565565227,0.0009605540699240134,8.511199413829829e-05,2.434271359352813e-05,0.00015206003421086578,1.0493986568604896e-07,4.396505285413341e-13,1.0144959834572184e-07,9.226641212475864e-07,7.244051546197722e-09,5.925677050965393e-10,2.3122254004209673e-08,1.1012375410205995e-14
