torque0,torque1,torque2,torque3,torque4,torque5,torque6,action0,action1,action2,action3,action4,action5,action6,set_target_0,set_target_1,set_target_2,set_target_3,set_target_4,set_target_5,set_target_6,joint_pos_0,joint_pos_1,joint_pos_2,joint_pos_3,joint_pos_4,joint_pos_5,joint_pos_6,joint_vel_0,joint_vel_1,joint_vel_2,joint_vel_3,joint_vel_4,joint_vel_5,joint_vel_6,joint_vel_disc_0,joint_vel_disc_1,joint_vel_disc_2,joint_vel_disc_3,joint_vel_disc_4,joint_vel_disc_5,joint_vel_disc_6,tennisball_pos_0,tennisball_pos_1,tennisball_pos_2,tennisball_lin_vel_0,tennisball_lin_vel_1,tennisball_lin_vel_2,end_effector_pos_0,end_effector_pos_1,end_effector_pos_2,end_effector_rot_0,end_effector_rot_1,end_effector_rot_2,end_effector_rot_3,end_effector_lin_vel_0,end_effector_lin_vel_1,end_effector_lin_vel_2,obs_task_0,obs_task_1,obs_task_2,obs_task_3,obs_task_4,obs_task_5,obs_task_6,to_final_target_0,to_final_target_1,to_final_target_2,joint_acc_0,joint_acc_1,joint_acc_2,joint_acc_3,joint_acc_4,joint_acc_5,joint_acc_6,joint_acc_disc_0,joint_acc_disc_1,joint_acc_disc_2,joint_acc_disc_3,joint_acc_disc_4,joint_acc_disc_5,joint_acc_disc_6
0.0,0.0,0.0,0.0,0.0,0.0,0.0,0.0,0.0,0.0,0.0,0.0,0.0,0.0,1.7802359,-1.0646509,-1.8151424,-1.1170107,1.9373155,1.1170107,-0.91629785,1.7802359,-1.0646509,-1.8151424,-1.1170107,1.9373155,1.1170107,-0.91629785,0.0,0.0,0.0,0.0,0.0,0.0,0.0,0.0,0.0,0.0,0.0,0.0,0.0,0.0,2.99118,-0.473236,0.410064,-1.55184,-0.028348,1.65673,0.5304168,-0.45449507,0.693097,0.5745483,0.17512383,0.15255436,0.7848268,0.0,0.0,0.0,1.0,0.0,0.0,0.0,0.0,0.0,0.0,-2.79118,0.123236,0.48993596,0.0,0.0,0.0,0.0,0.0,0.0,0.0,0.0,0.0,0.0,0.0,0.0,0.0,0.0
0.0,0.0,0.0,0.0,0.0,0.0,0.0,0.0,0.0,0.0,0.0,0.0,0.0,0.0,1.7802359,-1.0646509,-1.8151424,-1.1170107,1.9373155,1.1170107,-0.91629785,1.7802359,-1.0646509,-1.8151424,-1.1170107,1.9373155,1.1170107,-0.91629785,0.0,0.0,0.0,0.0,0.0,0.0,0.0,0.0,0.0,0.0,0.0,0.0,0.0,0.0,2.99118,-0.473236,0.410064,-1.55184,-0.028348,1.65673,0.5304168,-0.45449507,0.693097,0.5745483,0.17512383,0.15255436,0.7848268,0.0,0.0,0.0,1.0,0.0,0.0,0.0,0.0,0.0,0.0,-2.79118,0.123236,0.48993596,0.0,0.0,0.0,0.0,0.0,0.0,0.0,0.0,0.0,0.0,0.0,0.0,0.0,0.0
0.0,0.0,0.0,0.0,0.0,0.0,0.0,0.0,0.0,0.0,0.0,0.0,0.0,0.0,1.7802359,-1.0646509,-1.8151424,-1.1170107,1.9373155,1.1170107,-0.91629785,1.7802359,-1.0646509,-1.8151424,-1.1170107,1.9373155,1.1170107,-0.91629785,0.0,0.0,0.0,0.0,0.0,0.0,0.0,0.0,0.0,0.0,0.0,0.0,0.0,0.0,2.99118,-0.473236,0.410064,-1.55184,-0.028348,1.65673,0.5304168,-0.45449507,0.693097,0.5745483,0.17512383,0.15255436,0.7848268,0.0,0.0,0.0,1.0,0.0,0.0,0.0,0.0,0.0,0.0,-2.79118,0.123236,0.48993596,0.0,0.0,0.0,0.0,0.0,0.0,0.0,0.0,0.0,0.0,0.0,0.0,0.0,0.0
139.72409,73.09868,49.509163,-34.114788,-3.8981178,0.9544395,1.623034,0.65431404,-0.2720441,0.5821234,0.105453186,-0.5298638,0.6361765,0.05122341,1.8456672,-1.0918553,-1.7569301,-1.1064653,1.8843291,1.1806284,-0.9111755,1.7833391,-1.0659059,-1.812556,-1.1163718,1.935183,1.1175982,-0.91593164,0.41398752,-0.16764511,0.3454139,0.08556837,-0.28495038,0.07790686,0.04903462,0.31032562,-0.12550354,0.25863647,0.06389618,-0.21324158,0.058746338,0.036621094,2.96012,-0.473401,0.445307,-1.5455,0.000444055,1.79027,0.53160244,-0.45268092,0.69349927,0.5731021,0.17382233,0.15246406,0.78618973,0.15820652,0.2419587,0.053696748,1.0,0.0,0.0,0.0,0.0,0.0,0.0,-2.76012,0.123401016,0.454693,41.41458,-16.831926,34.676315,8.626398,-28.699654,7.6471186,4.948833,31.032562,-12.550354,25.863647,6.389618,-21.324158,5.874634,3.6621094
158.4,68.33655,43.902435,-61.024986,-6.96592,-0.8364503,1.9461433,0.6963424,-0.13502239,0.23637411,-0.29106516,-0.6485115,0.6661259,0.19290878,1.8529733,-1.0794082,-1.7889186,-1.1454782,1.8703319,1.1842108,-0.8966408,1.7899386,-1.0683397,-1.8070781,-1.117827,1.9300828,1.1176916,-0.9157323,0.7421646,-0.26937145,0.616058,-0.22147053,-0.586813,-0.01545289,0.010784422,0.6599426,-0.24337769,0.5477905,-0.1455307,-0.510025,0.009346008,0.019931793,2.92869,-0.472754,0.483086,-1.57659,0.039041,1.91779,0.53475237,-0.4476893,0.6936877,0.56920844,0.17186518,0.15327716,0.7892846,0.36670473,0.58481723,0.007290075,1.0,0.0,0.0,0.0,0.0,0.0,0.0,-2.72869,0.12275401,0.416914,32.927334,-10.390028,27.30332,-30.425423,-30.663322,-9.971343,-3.655664,34.9617,-11.787415,28.915405,-20.942688,-29.678345,-4.940033,-1.66893
141.86652,39.772655,25.585886,-58.214268,-6.1815023,-1.9628757,1.7961657,0.72727764,-0.22976945,0.15434349,-0.38102573,-0.57567096,0.5646933,0.19076441,1.8626664,-1.0913167,-1.7916437,-1.1559297,1.8725157,1.174161,-0.89665586,1.7999617,-1.0717939,-1.8008602,-1.1219736,1.9229093,1.1178538,-0.915513,1.0896077,-0.37173644,0.62434596,-0.47761557,-0.762427,0.023585984,0.02632727,1.0023117,-0.34542084,0.62179565,-0.4146576,-0.7173538,0.016212463,0.02193451,2.89656,-0.471439,0.524253,-1.65694,0.085181,2.13084,0.53989077,-0.43974116,0.6928881,0.5628429,0.16984566,0.15521483,0.7938946,0.5606212,0.86560416,-0.10871718,1.0,0.0,0.0,0.0,0.0,0.0,0.0,-2.69656,0.12143901,0.37574697,34.8956,-10.507488,1.0690093,-25.17894,-18.074108,2.9891229,1.7631128,34.236908,-10.204315,7.4005127,-26.91269,-20.73288,0.6866455,0.2002716
94.56121,60.526466,31.304249,-30.339872,-3.3056042,0.07741478,1.2015798,0.7575914,-0.21718587,0.39083028,-0.27725136,-0.52101517,0.5376559,0.09981494,1.8757209,-1.0935125,-1.7617772,-1.1496987,1.8708078,1.1716193,-0.90553147,1.8126856,-1.0758985,-1.7942245,-1.1276442,1.9147744,1.1184527,-0.91518587,1.3341157,-0.42377946,0.67671967,-0.5954607,-0.83197266,0.069992036,0.03590419,1.2723923,-0.41046143,0.6635666,-0.56705475,-0.8134842,0.059890747,0.03271103,2.86496,-0.470433,0.566594,-1.62275,0.0323027,2.15153,0.5462808,-0.42966107,0.6915487,0.55468833,0.1675589,0.15764755,0.7996199,0.6600484,1.0579005,-0.14127207,1.0,0.0,0.0,0.0,0.0,0.0,0.0,-2.66496,0.120433,0.33340597,24.650812,-5.35537,5.2265167,-11.335492,-7.360518,4.041455,1.2720972,27.008057,-6.504059,4.1770935,-15.239716,-9.613037,4.3678284,1.077652
45.682632,66.08674,29.032772,-6.1326747,-0.9687326,1.2431253,0.5114368,0.77722055,-0.22227137,0.3985216,-0.25583136,-0.5441277,0.5648118,0.036852986,1.8904077,-1.0981257,-1.7543724,-1.1532273,1.8603617,1.1749339,-0.9115006,1.827046,-1.0802721,-1.7872283,-1.1336924,1.9063153,1.1195494,-0.9148149,1.4705486,-0.44205293,0.7067301,-0.6070738,-0.8512555,0.12256093,0.038533013,1.4360428,-0.43735504,0.6996155,-0.60482025,-0.8459091,0.10967255,0.03709793,2.83441,-0.470127,0.610075,-1.51989,0.00489354,2.18993,0.5531193,-0.41838104,0.69017255,0.54561657,0.1648239,0.16012023,0.80591387,0.684216,1.1547836,-0.13521728,1.0,0.0,0.0,0.0,0.0,0.0,0.0,-2.63441,0.12012699,0.28992498,13.792133,-1.8554211,2.8638601,-0.84757805,-2.1897674,5.100401,0.5568713,16.365051,-2.6893616,3.604889,-3.7765503,-3.2424927,4.97818,0.4386902
0.13400197,58.869267,21.255783,13.902023,1.0796437,1.6479328,-0.08239588,0.7700755,-0.24820948,0.34240636,-0.20717445,-0.5201446,0.5716077,0.049032178,1.9040536,-1.105093,-1.7529877,-1.1544099,1.8543009,1.1767101,-0.9099117,1.8420225,-1.0847753,-1.7803066,-1.1392409,1.8979459,1.1211535,-0.91442484,1.5069152,-0.45277035,0.6866676,-0.53698486,-0.832371,0.17386766,0.03980665,1.4976501,-0.450325,0.6921768,-0.5548477,-0.8369446,0.16040802,0.03900528,2.80525,-0.470398,0.653683,-1.45161,-0.0151068,2.18375,0.5598146,-0.4068793,0.6888956,0.5364266,0.16173378,0.16236477,0.8122354,0.6557735,1.1525118,-0.1237147,1.0,0.0,0.0,0.0,0.0,0.0,0.0,-2.60525,0.120398015,0.24631697,3.6785364,-0.9997368,-2.1813035,7.1178436,1.7926693,5.3937345,0.32178685,6.160736,-1.2969971,-0.74386597,4.9972534,0.89645386,5.0735474,0.19073486
-30.536074,45.032864,11.784449,26.426401,2.3562512,1.4057384,-0.50575644,0.7667808,-0.28523389,0.26690412,-0.12666512,-0.54317,0.57721096,0.119816236,1.9187006,-1.1132988,-1.7536162,-1.1519073,1.8436289,1.1788746,-0.90244323,1.8569132,-1.0894865,-1.7740314,-1.1436201,1.889771,1.1232344,-0.9139785,1.4829526,-0.47678113,0.607153,-0.40493202,-0.8125072,0.22108003,0.04655942,1.4890671,-0.4711151,0.6275177,-0.43792725,-0.8174896,0.20809174,0.044631958,2.77507,-0.470486,0.697374,-1.46203,-0.0120252,2.19318,0.56607074,-0.3959647,0.6876097,0.5277195,0.15850645,0.16429539,0.81816554,0.6066923,1.0746942,-0.12887485,1.0,0.0,0.0,0.0,0.0,0.0,0.0,-2.57507,0.12048599,0.20262599,-2.4533987,-2.2856414,-8.091331,13.157147,2.0024538,5.217466,0.76975226,-0.8583069,-2.07901,-6.465912,11.692047,1.9454956,4.7683716,0.56266785
-37.222412,40.59106,9.722244,28.0251,2.6262,1.3247166,-0.49744228,0.7576218,-0.31115595,0.28303772,-0.118954025,-0.5406926,0.5646199,0.17211616,1.9326754,-1.1206021,-1.7457277,-1.1555156,1.8357017,1.1796963,-0.8967669,1.8713595,-1.0945257,-1.7684581,-1.146773,1.8817849,1.1257235,-0.9134273,1.4316984,-0.5125153,0.5403505,-0.2857336,-0.79385054,0.2599297,0.058125053,1.4446259,-0.5039215,0.5573273,-0.31528473,-0.7986069,0.248909,0.055122375,2.74539,-0.470664,0.740822,-1.50938,-0.00913143,2.17543,0.5718176,-0.38593477,0.6862248,0.51964986,0.15528324,0.16586216,0.82361454,0.55621606,0.98233664,-0.14057453,1.0,0.0,0.0,0.0,0.0,0.0,0.0,-2.54539,0.120664,0.15917796,-5.182886,-3.4640133,-6.818223,11.85379,1.9138336,4.381892,1.2289629,-4.4441223,-3.2806396,-7.019043,12.264252,1.8882751,4.081726,1.0490417
-30.554277,30.289545,5.802676,21.555857,2.1290312,0.7312272,-0.29856992,0.7564431,-0.36845523,0.24671988,-0.14079502,-0.5697271,0.55572844,0.2010064,1.9470037,-1.1313713,-1.7437861,-1.1608524,1.8248122,1.1812963,-0.89332664,1.8853117,-1.1001371,-1.7635505,-1.1491419,1.8738561,1.1285368,-0.9127454,1.3828344,-0.5772106,0.4738673,-0.2207575,-0.7923363,0.2896311,0.07172958,1.3952255,-0.56114197,0.4907608,-0.2368927,-0.7928848,0.28133392,0.06818771,2.716,-0.470582,0.782713,-1.47281,-0.00455976,2.08559,0.5771819,-0.37671724,0.68450105,0.5120392,0.15224741,0.16712634,0.8286768,0.5232491,0.9041311,-0.18228766,1.0,0.0,0.0,0.0,0.0,0.0,0.0,-2.516,0.120582014,0.11728698,-4.9315214,-6.4026237,-6.7480206,6.4668922,0.19259453,3.3089876,1.4194443,-4.940033,-5.722046,-6.6566467,7.839203,0.5722046,3.2424927,1.3065338
-13.8689995,34.213673,9.219631,11.857288,1.197459,0.6495825,0.025264373,0.7515551,-0.38239926,0.26259837,-0.20566374,-0.5770974,0.5566443,0.20520441,1.9604672,-1.1383771,-1.7372907,-1.1697083,1.8161464,1.1842012,-0.89222497,1.8988711,-1.106376,-1.7590492,-1.1514841,1.8658795,1.1315962,-0.9119329,1.3469967,-0.63952976,0.44185638,-0.23842402,-0.7995446,0.3118649,0.08460868,1.3559341,-0.62389374,0.45013428,-0.23422241,-0.7976532,0.30593872,0.08125305,2.68598,-0.470433,0.824225,-1.51858,0.0133663,2.07472,0.58231306,-0.367919,0.68232214,0.5045099,0.14946093,0.16819836,0.83357084,0.5041955,0.8740921,-0.22922562,1.0,0.0,0.0,0.0,0.0,0.0,0.0,-2.48598,0.120433,0.07577497,-3.5762548,-6.2041044,-3.3028543,-1.7147213,-0.7273197,2.3771942,1.3747483,-3.9291382,-6.275177,-4.0626526,0.2670288,-0.47683716,2.4604797,1.3065338
2.7085812,37.773197,13.187684,3.2440538,0.48473588,0.6888214,0.34939393,0.7573813,-0.43078774,0.3100284,-0.25928164,-0.5754034,0.55283475,0.16885173,1.9746091,-1.1494548,-1.7280463,-1.1774123,1.8083392,1.1868796,-0.8950477,1.9122301,-1.1133169,-1.7544715,-1.1544558,1.8578191,1.134833,-0.9110307,1.3325273,-0.7123661,0.46265203,-0.31635463,-0.80829746,0.3277131,0.09250778,1.335907,-0.69408417,0.45776367,-0.29716492,-0.80604553,0.32367706,0.09021759,2.65628,-0.47045,0.864216,-1.4622,-0.00843406,1.99523,0.5873216,-0.35910264,0.6796855,0.49665946,0.14689162,0.16907156,0.83855057,0.4945874,0.88657373,-0.2746598,1.0,0.0,0.0,0.0,0.0,0.0,0.0,-2.45628,0.12045002,0.035783947,-1.3957739,-7.2860003,1.964128,-7.6728344,-0.94293356,1.591444,0.9251341,-2.002716,-7.019043,0.76293945,-6.2942505,-0.8392334,1.7738342,0.89645386
5.315596,33.708347,11.321603,2.1853395,0.39985472,0.40435216,0.3181583,0.7641263,-0.4820688,0.2538402,-0.23200335,-0.5874655,0.5694434,0.13316207,1.9886428,-1.1615238,-1.7290875,-1.1776562,1.7990725,1.1917773,-0.8977145,1.9255797,-1.1210626,-1.7498424,-1.1580855,1.8496461,1.1382128,-0.91008943,1.33595,-0.7953869,0.46273154,-0.37794912,-0.82072896,0.34153122,0.09511573,1.3349533,-0.7745743,0.4629135,-0.36296844,-0.8172989,0.33798218,0.094127655,2.62675,-0.470392,0.903462,-1.47891,0.00436306,1.94952,0.5922912,-0.35017124,0.6765245,0.4884084,0.1445748,0.16976151,0.8436447,0.49237156,0.89783055,-0.32907292,1.0,0.0,0.0,0.0,0.0,0.0,0.0,-2.42675,0.120391995,-0.0034620166,0.38573742,-8.314312,-0.08888841,-6.0173693,-1.328361,1.3633013,0.41064322,-0.09536743,-8.049011,0.51498413,-6.580353,-1.1253357,1.4305115,0.39100647
6.5091715,44.574604,16.353758,3.7937214,0.43850592,0.81494254,0.2482041,0.7596372,-0.4758819,0.27537915,-0.23710719,-0.57877827,0.58460635,0.12767498,2.0015433,-1.1686509,-1.7223045,-1.1817962,1.7917683,1.1966734,-0.89732194,1.9389979,-1.1294245,-1.7451313,-1.1621882,1.8413911,1.141728,-0.9091348,1.3437923,-0.8498267,0.47330302,-0.42046735,-0.8275024,0.35497108,0.09618821,1.3418198,-0.83618164,0.4711151,-0.4102707,-0.8255005,0.35152435,0.0954628,2.59733,-0.470299,0.941733,-1.47028,0.00867248,1.90343,0.5971953,-0.34108505,0.6730025,0.47981974,0.14240192,0.17027894,0.8488226,0.48409706,0.91472894,-0.35903665,1.0,0.0,0.0,0.0,0.0,0.0,0.0,-2.39733,0.12029901,-0.041733027,0.8493185,-5.441618,0.9306431,-4.0864944,-0.7780552,1.3836741,0.28751642,0.6866455,-6.160736,0.8201599,-4.7302246,-0.8201599,1.3542175,0.1335144
-7.575489,37.797474,12.163636,12.5270195,1.3638799,0.6391891,-0.05371698,0.7574166,-0.54149824,0.21889137,-0.122840635,-0.56316286,0.5730057,0.15913154,2.0147395,-1.1835743,-1.7232422,-1.1744722,1.7850748,1.1990286,-0.8932217,1.9524828,-1.1384271,-1.7405918,-1.1660086,1.833138,1.1453596,-0.9081506,1.3500603,-0.91692144,0.44724604,-0.36897573,-0.8247948,0.3666653,0.09977664,1.3484955,-0.90026855,0.45394897,-0.38204193,-0.82530975,0.36315918,0.09841919,2.56795,-0.470281,0.978987,-1.4689,0.00537932,1.85344,0.60201025,-0.3322088,0.6691717,0.47122562,0.1403994,0.17053242,0.85390455,0.47473985,0.8814387,-0.389852,1.0,0.0,0.0,0.0,0.0,0.0,0.0,-2.36795,0.12028101,-0.078987,0.63979626,-6.688869,-2.6840925,5.2704334,0.17943382,1.3507307,0.5336851,0.667572,-6.4086914,-1.7166138,2.822876,0.019073486,1.1634827,0.29563904
-15.660629,41.4113,12.43593,17.755625,1.6956165,0.7202902,-0.28747985,0.7461367,-0.5373651,0.17519656,-0.07870867,-0.58192307,0.58274794,0.2088088,2.0270965,-1.1921637,-1.723072,-1.1738795,1.7749457,1.2036344,-0.88726974,1.9659582,-1.1479181,-1.7365367,-1.168984,1.8248754,1.1491076,-0.9070949,1.3467673,-0.9597327,0.3912108,-0.27344567,-0.8271582,0.37833473,0.107999355,1.3475418,-0.9490967,0.40550232,-0.2975464,-0.8262634,0.374794,0.10557175,2.5386,-0.470276,1.01531,-1.46716,0.000920892,1.80531,0.60671407,-0.32381365,0.66510093,0.46293736,0.13856065,0.17057502,0.8587165,0.46343416,0.8284632,-0.41184714,1.0,0.0,0.0,0.0,0.0,0.0,0.0,-2.3386,0.120276004,-0.11531007,-0.3270626,-4.246843,-5.6618094,9.664345,-0.31263828,1.4376581,0.9810388,-0.09536743,-4.8828125,-4.8446655,8.449554,-0.09536743,1.1634827,0.71525574
-31.130371,37.14118,9.350325,27.940754,2.6761577,0.6331786,-0.6558241,0.741897,-0.5818311,0.11850869,0.105889216,-0.5838877,0.59734124,0.22557001,2.040148,-1.2061012,-1.7246859,-1.1583952,1.7664866,1.2088417,-0.8845379,1.9793631,-1.1578764,-1.7332618,-1.1702162,1.8165803,1.1529776,-0.9059476,1.3381201,-1.0077924,0.3063629,-0.07271896,-0.83030266,0.3912245,0.117460854,1.3404846,-0.9958267,0.32749176,-0.12321472,-0.8295059,0.38700104,0.11472702,2.50927,-0.470157,1.05059,-1.46494,0.00708699,1.75271,0.6113092,-0.31633922,0.66084844,0.45540097,0.13688907,0.17037418,0.8630434,0.45334858,0.7231084,-0.42897388,1.0,0.0,0.0,0.0,0.0,0.0,0.0,-2.30927,0.120157,-0.15059006,-0.8992672,-4.760444,-8.482355,20.154541,-0.38434267,1.6983509,1.0984972,-0.705719,-4.673004,-7.801056,17.433167,-0.32424927,1.2207031,0.91552734
-51.06613,21.4932,-1.1574053,37.82881,3.5195346,-0.1599577,-1.1294397,0.72217035,-0.62369746,-0.07639353,0.31064618,-0.6008565,0.6173477,0.23325242,2.0515802,-1.2202461,-1.7409012,-1.1391516,1.7564946,1.2147124,-0.88262236,1.9925886,-1.168384,-1.7316177,-1.1687018,1.8082108,1.1569849,-0.90470976,1.3171779,-1.0649478,0.11732173,0.22654097,-0.83911854,0.40532607,0.12632354,1.3225555,-1.0507584,0.16441345,0.15144348,-0.8369446,0.40073395,0.123786926,2.48006,-0.469846,1.08494,-1.45533,0.022921,1.70602,0.6158995,-0.31039506,0.656196,0.44920385,0.13559873,0.1700483,0.86655205,0.45742065,0.5546178,-0.47726768,1.0,0.0,0.0,0.0,0.0,0.0,0.0,-2.28006,0.119846016,-0.18493998,-2.1585941,-5.6719065,-18.835657,30.021732,-0.8659005,1.9031942,0.9929791,-1.7929077,-5.493164,-16.30783,27.46582,-0.74386597,1.373291,0.9059906
-80.552155,6.8856325,-11.357039,52.658302,4.8472667,-0.7106728,-1.7003945,0.6631451,-0.6627274,-0.26642874,0.60507154,-0.6135863,0.6394993,0.3204151,2.0589032,-1.2346567,-1.7582606,-1.1081946,1.7468522,1.2209349,-0.87266827,2.0053473,-1.1795248,-1.7325504,-1.1632677,1.7997289,1.161141,-0.9033269,1.262246,-1.1301368,-0.16320568,0.6495791,-0.85058445,0.4212669,0.14244173,1.2758613,-1.1140823,-0.09326935,0.5434036,-0.84819794,0.41561127,0.13828278,2.45084,-0.469708,1.11826,-1.46012,0.0100464,1.65215,0.62056315,-0.30676535,0.65089554,0.44506824,0.13494638,0.16973245,0.86884665,0.46750677,0.3027959,-0.5485625,1.0,0.0,0.0,0.0,0.0,0.0,0.0,-2.25084,0.119708,-0.21826005,-5.5143356,-6.4744234,-27.98721,42.4783,-0.9775162,2.2189975,1.6857892,-4.669428,-6.3323975,-25.76828,39.196014,-1.1253357,1.4877319,1.449585
-104.04324,-8.99541,-21.742626,58.67422,5.394154,-1.2356988,-1.9043994,0.5470742,-0.71020913,-0.46868947,0.7434668,-0.59734774,0.6579397,0.416477,2.0600548,-1.2505457,-1.7794193,-1.0889211,1.739994,1.226935,-0.86167926,2.0170698,-1.1913942,-1.7368133,-1.153668,1.7912087,1.1654555,-0.90172094,1.1425252,-1.2059262,-0.5143699,1.0646673,-0.85118055,0.4368352,0.16665612,1.1722565,-1.186943,-0.42629242,0.95996857,-0.85201263,0.43144226,0.16059875,2.42173,-0.469566,1.15061,-1.45826,0.00936985,1.60313,0.6252971,-0.30599394,0.6445768,0.44338632,0.1352718,0.16961078,0.86967933,0.4750292,0.0059151244,-0.6622686,1.0,0.0,0.0,0.0,0.0,0.0,0.0,-2.22173,0.11956599,-0.25061,-11.845112,-7.5489044,-35.18273,41.852997,0.33798218,2.149886,2.449152,-10.360479,-7.286072,-33.302307,41.656494,-0.38146973,1.5830994,2.231598
-94.90633,1.138382,-15.794896,50.488205,4.645995,-0.74771667,-1.5288867,0.48217148,-0.71830946,-0.5083338,0.78025067,-0.55683607,0.6754679,0.45645466,2.0652869,-1.2632252,-1.7876467,-1.075643,1.7355251,1.2330023,-0.85607547,2.0274153,-1.2038988,-1.7440994,-1.1407686,1.782824,1.1699091,-0.89985746,0.9998211,-1.2653546,-0.8003171,1.3665869,-0.8332042,0.44950852,0.19307706,1.0345459,-1.2504578,-0.7286072,1.2899399,-0.83847046,0.4453659,0.18634796,2.39267,-0.469401,1.18193,-1.44858,0.0118226,1.55423,0.6299894,-0.30784598,0.63719654,0.4438601,0.13661285,0.16974124,0.86920255,0.46771887,-0.24342702,-0.7672121,1.0,0.0,0.0,0.0,0.0,0.0,0.0,-2.1926699,0.11940101,-0.28192997,-14.019478,-5.986047,-28.68259,30.64022,2.1160007,1.599896,2.6690931,-13.771057,-6.351471,-30.231476,32.99713,1.3542175,1.3923645,2.5749207
-76.369865,15.829254,-5.6621532,38.169693,3.7801523,0.10029972,-0.9120119,0.40863785,-0.7522715,-0.4921013,0.7814468,-0.4528596,0.6882975,0.43697923,2.068279,-1.2791259,-1.7933095,-1.062624,1.7375381,1.2387389,-0.85615957,2.0362654,-1.2169679,-1.7532909,-1.125939,1.7749257,1.1744696,-0.89776415,0.8474944,-1.3211838,-0.9585239,1.5231395,-0.775244,0.45861375,0.21494435,0.88500977,-1.3069153,-0.9191513,1.4829636,-0.78983307,0.45604706,0.20933151,2.36376,-0.469174,1.21218,-1.44849,0.0124335,1.49916,0.63446116,-0.31169406,0.6289581,0.44579142,0.138821,0.16989714,0.86783266,0.44017175,-0.42575032,-0.84759307,1.0,0.0,0.0,0.0,0.0,0.0,0.0,-2.16376,0.119174,-0.31218004,-14.974427,-5.693078,-15.8066635,16.072868,5.8462143,0.9758115,2.2458494,-14.953613,-5.645752,-19.054413,19.302368,4.863739,1.0681152,2.298355
-68.322876,31.930315,3.8997574,31.214056,3.3494334,1.1212529,-0.48086673,0.28464717,-0.7624783,-0.48422524,0.774941,-0.36228332,0.70326596,0.45372143,2.0647302,-1.2932158,-1.8017135,-1.0484449,1.7386974,1.2447962,-0.852392,2.0433683,-1.2304796,-1.7632244,-1.1104456,1.7678361,1.1791102,-0.8954658,0.6655346,-1.361746,-1.0045822,1.5590831,-0.6877765,0.465544,0.23497126,0.71029663,-1.3511658,-0.99334717,1.5493393,-0.7089615,0.46405792,0.22983551,2.33502,-0.469034,1.24141,-1.43516,0.00773668,1.44732,0.638464,-0.3170417,0.6201545,0.4485969,0.14170454,0.1697876,0.86594033,0.38599545,-0.5641729,-0.8966916,1.0,0.0,0.0,0.0,0.0,0.0,0.0,-2.13502,0.11903399,-0.34141004,-17.971695,-4.2244196,-4.451084,3.9070845,8.504701,0.583148,2.0584493,-17.471313,-4.425049,-7.419586,6.6375732,8.087158,0.8010864,2.0503998
-86.89266,38.206005,6.333909,35.289898,3.9510715,1.9837186,-0.41605973,0.07281807,-0.7787099,-0.5025828,0.7635181,-0.2473701,0.7072006,0.45269796,2.0506501,-1.3083506,-1.8134826,-1.0340939,1.7430991,1.2498302,-0.850196,2.0480528,-1.244327,-1.7732017,-1.0951544,1.7618527,1.1838099,-0.89299196,0.40381873,-1.3931123,-0.9947673,1.5201269,-0.56984264,0.47063354,0.2517111,0.46844482,-1.3847351,-0.99773407,1.5291214,-0.59833527,0.4699707,0.24738312,2.30623,-0.469032,1.26973,-1.43569,0.000506639,1.40067,0.64166564,-0.32390398,0.6109741,0.4521166,0.14520867,0.16915205,0.8636506,0.29619554,-0.71997887,-0.93071586,1.0,0.0,0.0,0.0,0.0,0.0,0.0,-2.10623,0.119031996,-0.36973,-25.917519,-3.3467293,1.2015581,-3.603077,11.36539,0.32314062,1.7256677,-24.18518,-3.3569336,-0.4386902,-2.0217896,11.062622,0.5912781,1.7547607
-142.86694,47.547855,8.036503,55.418583,6.2130346,3.5829923,-0.7181217,-0.29640773,-0.7695947,-0.43649304,0.7364941,-0.058062594,0.7152884,0.4581444,2.018412,-1.3212864,-1.816851,-1.021505,1.7560465,1.2553387,-0.8471775,2.0488577,-1.2583345,-1.7825725,-1.0805498,1.7574334,1.1885496,-0.89036554,-0.026191328,-1.4042429,-0.916717,1.4420508,-0.40184617,0.474321,0.26665583,0.08049011,-1.4007568,-0.9370804,1.4604568,-0.44193268,0.47397614,0.2626419,2.27747,-0.468975,1.29703,-1.43878,0.000676513,1.35599,0.6434448,-0.33300188,0.6017078,0.4567086,0.14932966,0.1675433,0.86084086,0.13491948,-0.96663326,-0.9305878,1.0,0.0,0.0,0.0,0.0,0.0,0.0,-2.07747,0.11897501,-0.39703,-42.615135,-1.4180899,8.121419,-7.415247,16.073263,0.07198453,1.5920043,-38.79547,-1.6021729,6.0653687,-6.866455,15.640259,0.4005432,1.5258789
-158.4,116.05286,44.610996,78.909424,10.162252,8.449844,-0.4782951,-0.6738839,-0.70688,0.28223476,0.68641704,0.4596507,0.69844365,0.41440082,1.9814693,-1.3290225,-1.754349,-1.0119082,1.8033985,1.258394,-0.8489255,2.0455046,-1.2719187,-1.7889335,-1.0651785,1.7564282,1.1953207,-0.8869037,-0.4375049,-1.3450495,-0.5392555,1.5701914,-0.0045775007,0.74243426,0.37408614,-0.3353119,-1.3584137,-0.63610077,1.5371323,-0.10051727,0.67710876,0.34618378,2.2487,-0.468799,1.3234,-1.43435,0.00580847,1.30619,0.64286655,-0.34508082,0.59409183,0.4625972,0.15254681,0.1627453,0.85804844,-0.12756594,-1.2825153,-0.7103637,1.0,0.0,0.0,0.0,0.0,0.0,0.0,-2.0486999,0.118799,-0.42340004,-40.736492,5.3653955,38.718735,13.219857,38.343704,26.082956,11.148977,-41.5802,4.234314,30.097961,7.6675415,34.14154,20.313263,8.354187
-158.4,158.4,67.63093,79.7362,9.780839,10.230753,-0.6546132,-0.8201344,-0.5315614,0.47607237,0.6871488,0.4480038,0.6333618,0.27586478,1.9634911,-1.3250748,-1.7413263,-0.99646366,1.8012286,1.2586569,-0.85931724,2.037528,-1.2849516,-1.7885921,-1.0492064,1.7574086,1.2027327,-0.8830299,-0.91595274,-1.2912904,0.22921081,1.607647,0.12678996,0.73834133,0.39290348,-0.7976532,-1.3032913,0.03414154,1.5972137,0.09803772,0.7411957,0.3873825,2.22003,-0.468699,1.34871,-1.4302,0.00405014,1.25382,0.6394317,-0.35991096,0.5894759,0.46989855,0.15403068,0.15431479,0.85536945,-0.42340517,-1.5445384,-0.38407075,1.0,0.0,0.0,0.0,0.0,0.0,0.0,-2.02003,0.118699014,-0.44870996,-47.37227,4.822397,78.002014,4.178977,11.45453,-1.0898471,2.1938503,-46.23413,5.5122375,67.02423,6.008148,19.8555,6.4086914,4.119873
-118.67961,158.4,68.06786,58.765923,5.945922,8.963058,-0.83381104,-0.82698655,-0.3824478,0.38099808,0.68399096,0.11638165,0.7093395,0.17180017,1.9548293,-1.3231963,-1.7504923,-0.9808073,1.7690468,1.2736666,-0.86584985,2.0252714,-1.2976335,-1.7800128,-1.0335985,1.7565751,1.2085024,-0.8795242,-1.3269296,-1.2617303,1.0695033,1.54678,-0.1575157,0.52279603,0.33708727,-1.2256622,-1.2681961,0.8579254,1.5607834,-0.083351135,0.57697296,0.35057068,2.17712,-0.468631,1.38485,-1.43373,0.00565052,1.17984,0.63341224,-0.37633827,0.587878,0.47844654,0.15365729,0.14389601,0.8525094,-0.6727465,-1.6717494,-0.09186857,1.0,0.0,0.0,0.0,0.0,0.0,0.0,-1.9771199,0.118631005,-0.48485005,-40.522026,2.58677,84.691444,-5.5553436,-29.70765,-21.695244,-5.392647,-42.800903,3.5095215,82.37839,-3.643036,-18.138885,-16.422272,-3.6811829
-57.108017,158.4,63.535694,31.314182,1.3120288,6.795944,-0.86133903,-0.8068986,-0.18297823,0.2782736,0.6452106,-0.1920511,0.71486366,0.24794944,1.9445815,-1.3159313,-1.7521855,-0.96907747,1.73737,1.2799888,-0.85472924,2.0101995,-1.309419,-1.7648895,-1.0189024,1.7511868,1.2118937,-0.8765821,-1.5654422,-1.1518571,1.6610245,1.4456121,-0.6692687,0.279089,0.2807258,-1.5071869,-1.1785507,1.5123367,1.4696121,-0.538826,0.3391266,0.29420853,2.14871,-0.46863,1.4077,-1.41952,-0.00610054,1.12385,0.6255544,-0.39286795,0.5887408,0.48783004,0.15145491,0.1337762,0.8492274,-0.8377059,-1.6447641,0.1380667,1.0,0.0,0.0,0.0,0.0,0.0,0.0,-1.94871,0.11862999,-0.50769997,-23.3747,10.6673,59.47907,-9.568095,-52.16429,-24.002415,-5.403912,-28.152466,8.964539,65.44113,-9.117126,-45.547485,-23.784637,-5.636215
-1.4244795,158.4,69.77575,10.2254505,-1.1604295,5.646026,-0.512083,-0.7972891,0.07495215,0.3516817,0.5721528,0.03075473,0.6663009,0.3355654,1.9304706,-1.3019239,-1.7297213,-0.96168715,1.7542623,1.2785238,-0.84302557,1.9943748,-1.3188909,-1.7477844,-1.0048472,1.7427545,1.2159716,-0.8735599,-1.5857316,-0.8740004,1.7104229,1.395096,-0.889983,0.4670129,0.3127585,-1.5824795,-0.94718933,1.7105103,1.4055252,-0.84323883,0.40779114,0.3022194,2.13463,-0.468659,1.41886,-1.40762,-0.00298917,1.11681,0.6164655,-0.40845257,0.59146297,0.49751985,0.14697115,0.12489501,0.8457391,-0.9489936,-1.5298753,0.30781865,1.0,0.0,0.0,0.0,0.0,0.0,0.0,-1.9346299,0.11865902,-0.51886,-1.312232,29.256237,-4.7683716e-05,-4.1894197,-18.69154,23.6746,4.213876,-7.5292587,23.136139,19.817352,-6.4086914,-30.441284,6.866455,0.8010864
26.339088,158.4,64.91315,-0.68548197,-1.8361044,4.137967,-0.25048867,-0.8021663,0.20876142,0.37268838,0.55662435,0.2659421,0.6109738,0.3510926,1.9141581,-1.2980148,-1.7105155,-0.9491847,1.7693486,1.277069,-0.8384506,1.9789081,-1.3254617,-1.7306793,-0.9913069,1.7330078,1.2210165,-0.87033933,-1.5332415,-0.58550245,1.7104231,1.3423319,-1.0046359,0.5199872,0.3260822,-1.546669,-0.6570816,1.7105103,1.3540268,-0.9746671,0.5044937,0.32205582,2.10613,-0.468601,1.44033,-1.42214,0.00168085,1.06235,0.60671103,-0.42264926,0.5957544,0.5071591,0.14068072,0.11741925,0.8421469,-0.99968183,-1.3817983,0.46263725,1.0,0.0,0.0,0.0,0.0,0.0,0.0,-1.9061298,0.118600994,-0.54033005,5.3604126,28.628933,4.7683716e-05,-4.6774387,-11.992634,6.172526,1.6075075,3.581047,29.010773,0.0,-5.1498413,-13.142824,9.670258,1.9836426
21.679111,158.4,71.479576,4.939592,-0.9749869,4.3723955,-0.37987757,-0.8302194,0.4148453,0.4658851,0.64174294,0.28411803,0.57958573,0.33612767,1.8958862,-1.2839773,-1.6840907,-0.9271326,1.7614195,1.2789751,-0.83672655,1.9641986,-1.3292669,-1.7135742,-0.97740424,1.7223474,1.227284,-0.8668546,-1.4496304,-0.31280246,1.7104223,1.4087312,-1.0884022,0.66492474,0.35733947,-1.4709473,-0.38051605,1.7105103,1.3902664,-1.066041,0.62674284,0.3484726,2.07775,-0.46841,1.4608,-1.41599,0.00982881,1.00949,0.59638476,-0.4356154,0.60168856,0.5168563,0.13252293,0.11105237,0.83842987,-1.0576493,-1.2656772,0.6303853,1.0,0.0,0.0,0.0,0.0,0.0,0.0,-1.8777499,0.11840999,-0.5608001,8.5624695,27.108568,-0.00026226044,7.403755,-8.920908,15.283036,3.5408735,7.572174,27.656555,0.0,3.6239624,-9.137392,12.224913,2.6416779
3.994359,158.4,70.799225,12.891147,0.3335011,4.4109545,-0.50799066,-0.8545276,0.53846925,0.51927036,0.70912266,0.33834332,0.51211816,0.28169978,1.8787458,-1.27542,-1.6616471,-0.906492,1.7561817,1.2784958,-0.8386846,1.9501185,-1.3303618,-1.6964691,-0.9624754,1.7115688,1.234919,-0.86312,-1.3932503,-0.04228816,1.710423,1.5240201,-1.0763173,0.7983371,0.380467,-1.4080048,-0.10949373,1.7105103,1.4928818,-1.0778546,0.76349974,0.37345886,2.04941,-0.468113,1.48025,-1.41802,0.00951588,0.962293,0.58533984,-0.44777155,0.6093278,0.5268475,0.12256349,0.10534506,0.8344533,-1.1333128,-1.1948097,0.80178326,1.0,0.0,0.0,0.0,0.0,0.0,0.0,-1.84941,0.11811301,-0.58025,5.903983,26.892609,-4.7683716e-05,12.44657,0.59514046,13.935053,2.825874,6.2942505,27.102232,0.0,10.261536,-1.181364,13.67569,2.4986267
-4.544277,158.4,72.74011,15.02213,1.3444183,4.6655407,-0.37799722,-0.86105984,0.64777714,0.65515584,0.71300095,0.48182878,0.32314476,0.11169796,1.8640126,-1.2655841,-1.6309534,-0.8911753,1.7597517,1.2672334,-0.8519502,1.9364295,-1.328758,-1.679364,-0.9464823,1.7020721,1.2441466,-0.85925484,-1.3600696,0.2271717,1.7104237,1.6276956,-0.9092894,0.96558154,0.39035028,-1.3689041,0.16038418,1.7105103,1.5993118,-0.9496689,0.92276335,0.38651824,2.00706,-0.467746,1.50757,-1.40967,0.0149727,0.885415,0.5733716,-0.45938903,0.61868614,0.53714335,0.11092147,0.09963667,0.8302084,-1.2311702,-1.1448865,0.97306156,1.0,0.0,0.0,0.0,0.0,0.0,0.0,-1.80706,0.117745996,-0.60757005,3.593421,26.774996,4.7683716e-05,11.352825,16.09533,17.125057,1.5423596,3.9100647,26.987791,0.0,10.643005,12.818575,15.926361,1.3059378
-9.088249,158.4,66.8787,13.551889,1.6480834,4.2144337,-0.26025438,-0.8615867,0.69873947,0.7128224,0.7337557,0.5204799,0.086155966,-0.01803981,1.8502709,-1.2588841,-1.6080817,-0.8731067,1.7541201,1.2527622,-0.86105883,1.9227843,-1.3244303,-1.6622589,-0.9299389,1.6949594,1.2541888,-0.8555212,-1.3652501,0.500609,1.7104234,1.6664017,-0.64748865,1.0180858,0.36944544,-1.3645172,0.43276548,1.7105103,1.6543388,-0.71127415,1.004219,0.3733635,1.97884,-0.467537,1.5246,-1.40798,0.0101566,0.837696,0.5604357,-0.47054046,0.62968266,0.54762644,0.09812567,0.093609355,0.8256596,-1.3279061,-1.0966103,1.1338842,1.0,0.0,0.0,0.0,0.0,0.0,0.0,-1.77884,0.11753699,-0.62460005,-0.28355122,27.145481,0.00011920929,4.831815,25.549662,5.5380225,-1.5627325,0.4386902,27.23813,0.0,5.502701,23.839474,8.145571,-1.3154745
-7.300064,158.4,60.52396,9.241007,1.4596608,3.6731195,-0.13184169,-0.8590395,0.75010526,0.7535835,0.7369749,0.57609683,-0.09751781,-0.20131569,1.8368803,-1.2494198,-1.5869005,-0.8562414,1.7525691,1.244437,-0.8756528,1.9088721,-1.3173598,-1.6451538,-0.9135672,1.6908469,1.2638608,-0.852252,-1.3991537,0.7753027,1.7104235,1.6304408,-0.33472186,0.95092875,0.3143311,-1.3912201,0.70705414,1.7105103,1.6371727,-0.4112482,0.9672046,0.32691956,1.95066,-0.467236,1.54054,-1.4155,0.016287,0.784278,0.5466155,-0.48112974,0.64220566,0.5581377,0.084812,0.08722718,0.8207805,-1.4138671,-1.0348415,1.283549,1.0,0.0,0.0,0.0,0.0,0.0,0.0,-1.75066,0.11723602,-0.64054,-3.2187462,27.256893,0.00019073486,-2.7060986,30.671257,-6.4633846,-5.052763,-2.670288,27.428865,0.0,-1.7166138,30.002594,-3.7014484,-4.644394
-0.5627074,158.4,52.138462,3.1713886,0.9771985,3.0138192,0.03720075,-0.8504249,0.77872795,0.7810362,0.7259463,0.63201505,-0.14606735,-0.2883452,1.8238297,-1.239487,-1.5670501,-0.84097254,1.7540485,1.2492541,-0.8810865,1.8944907,-1.3075503,-1.6280487,-0.89809,1.690023,1.2719136,-0.8497114,-1.4507143,1.0487616,1.7104229,1.5229117,-3.717208e-05,0.75765836,0.23508462,-1.4381409,0.9809494,1.7105103,1.547718,-0.08239746,0.8052826,0.25405884,1.92254,-0.466919,1.55555,-1.40412,0.0160724,0.735795,0.53209245,-0.49096432,0.65614456,0.56847197,0.07160695,0.08057853,0.8156097,-1.4793562,-0.9523088,1.4225006,1.0,0.0,0.0,0.0,0.0,0.0,0.0,-1.7225399,0.11691901,-0.65555,-5.0527096,27.133905,0.0,-9.95059,32.933964,-19.04645,-7.5669527,-4.6920776,27.389526,0.0,-8.945465,32.885075,-16.192198,-7.286072
10.5123625,140.90742,42.802822,-4.0753474,0.28067285,2.3649619,0.2474044,-0.8335703,0.7986514,0.79377425,0.6959807,0.6787325,0.0051489705,-0.25486976,1.8111337,-1.2276852,-1.5486712,-0.8284919,1.7578962,1.2724285,-0.87519836,1.879724,-1.2951964,-1.611676,-0.88386977,1.6928763,1.2784635,-0.84788036,-1.4852574,1.2961023,1.6154909,1.390202,0.37734157,0.6197785,0.16622429,-1.4766693,1.2353897,1.6372681,1.4220238,0.28533936,0.6549835,0.18310547,1.89439,-0.466614,1.56964,-1.40851,0.0130713,0.691259,0.5170716,-0.49987772,0.67112315,0.5783965,0.058766153,0.07370166,0.81029135,-1.5234979,-0.85404295,1.515383,1.0,0.0,0.0,0.0,0.0,0.0,0.0,-1.6943899,0.116614014,-0.66964006,-3.5012484,24.294853,-8.715677,-12.729955,36.805897,-14.042544,-6.76153,-3.8528442,25.44403,-7.3242188,-12.5694275,36.77368,-15.029907,-7.095337
20.851257,112.461876,32.36778,-10.462683,-0.47029346,1.7021651,0.42631036,-0.82352793,0.8091219,0.79483175,0.6442695,0.68820643,0.18771252,-0.1559827,1.7973713,-1.2142842,-1.5321928,-0.8194428,1.7616969,1.2972348,-0.86347866,1.8647819,-1.2810344,-1.5962512,-0.8710009,1.698854,1.283949,-0.84659576,-1.4977193,1.4550649,1.5207024,1.2531209,0.66915065,0.5246746,0.115716144,-1.4942169,1.4162064,1.5424728,1.2868881,0.59776306,0.54855347,0.12845993,1.86634,-0.466309,1.58275,-1.40092,0.0130534,0.640738,0.5017832,-0.5077577,0.6866159,0.5876948,0.04632761,0.066668525,0.80499923,-1.543766,-0.74680644,1.5534298,1.0,0.0,0.0,0.0,0.0,0.0,0.0,-1.66634,0.11630902,-0.68275,-1.3549328,15.551996,-8.754706,-13.504219,28.525507,-9.580505,-5.0976486,-1.7547607,18.081665,-9.479523,-13.513565,31.24237,-10.643005,-5.464554
28.984894,86.76596,23.419535,-15.14208,-1.0657115,1.1411967,0.5731417,-0.81237006,0.8141698,0.79188263,0.579804,0.68914014,0.3169167,-0.026140893,1.7835449,-1.1996174,-1.517063,-0.81302047,1.767768,1.3156407,-0.84920985,1.8498664,-1.2659224,-1.5815971,-0.8594891,1.7069907,1.2887479,-0.8456516,-1.490004,1.52896,1.44913,1.1169761,0.8602555,0.4655092,0.08682567,-1.4915466,1.5111923,1.465416,1.1511803,0.8136749,0.47988892,0.09441376,1.83839,-0.465961,1.59487,-1.39346,0.0241488,0.594771,0.48644388,-0.5145586,0.7021415,0.59619814,0.034262348,0.059568074,0.7998909,-1.5422463,-0.63719064,1.545151,1.0,0.0,0.0,0.0,0.0,0.0,0.0,-1.63839,0.115961015,-0.69487,0.63455105,7.129216,-6.492114,-13.688135,18.648005,-5.789572,-3.0609384,0.2670288,9.498596,-7.7056885,-13.5707855,21.591187,-6.866455,-3.4046173
35.91102,70.97384,18.086851,-18.423477,-1.5187634,0.7762033,0.6716505,-0.79212886,0.82032794,0.7957402,0.5123537,0.6785689,0.40683606,0.06039319,1.7706535,-1.1838896,-1.5020231,-0.8082537,1.7748476,1.3294315,-0.8396123,1.8351703,-1.2505168,-1.5673931,-0.84930766,1.7163539,1.2931405,-0.84487724,-1.4634527,1.5439024,1.4129394,0.98444754,0.96042395,0.4316076,0.07348014,-1.4696121,1.5405655,1.4204025,1.0181427,0.93631744,0.4392624,0.077438354,1.81044,-0.465613,1.606,-1.39347,0.0204086,0.546634,0.4712405,-0.52025026,0.7173837,0.6037908,0.022492679,0.052495245,0.7950943,-1.5230021,-0.52544653,1.5104148,1.0,0.0,0.0,0.0,0.0,0.0,0.0,-1.6104399,0.11561301,-0.706,2.522421,1.2828827,-2.9757738,-13.479912,9.634519,-3.1267047,-1.5752151,2.193451,2.937317,-4.501343,-13.303757,12.264252,-4.0626526,-1.6975403
35.88308,62.027767,15.068222,-17.905037,-1.6013901,0.53542495,0.64179397,-0.77917403,0.8211844,0.7886859,0.46831214,0.6692169,0.4322763,0.102165505,1.7572528,-1.1683984,-1.4885244,-0.80247647,1.7832756,1.3363682,-0.8346607,1.8207946,-1.2352027,-1.5533855,-0.840304,1.7262416,1.297289,-0.8441706,-1.4295028,1.526541,1.3986433,0.8714699,0.99702615,0.4104211,0.068924755,-1.4375687,1.5314102,1.4007568,0.9003639,0.98876953,0.41484833,0.07066727,1.78246,-0.46531,1.61617,-1.40377,0.0181645,0.497043,0.45627493,-0.5248846,0.7321872,0.61048526,0.0109431585,0.045540694,0.7906415,-1.4959278,-0.42241034,1.4633132,1.0,0.0,0.0,0.0,0.0,0.0,0.0,-1.5824599,0.11531001,-0.7161701,3.285861,-1.906538,-0.8537054,-11.567677,3.34301,-1.7998993,-0.70289075,3.2043457,-0.91552734,-1.9645691,-11.777878,5.2452087,-2.4414062,-0.67710876
31.420689,59.232956,14.187329,-15.2046585,-1.4454739,0.46375418,0.54066795,-0.7727026,0.819864,0.78762233,0.4290555,0.6632541,0.45447606,0.08200189,1.7435243,-1.1532162,-1.4746232,-0.79739845,1.792567,1.3427366,-0.8359704,1.8067317,-1.2201442,-1.5394104,-0.83226264,1.7362227,1.3012849,-0.84350586,-1.3989108,1.4983765,1.3986983,0.78080076,0.9974271,0.39706925,0.06492108,-1.4062881,1.5058517,1.3975143,0.8041382,0.99811554,0.39958954,0.0664711,1.7546,-0.464961,1.62538,-1.3924,0.0204474,0.449765,0.44155428,-0.52857304,0.7465165,0.6163916,-0.0004554001,0.038764223,0.78648484,-1.4705007,-0.33143398,1.415612,1.0,0.0,0.0,0.0,0.0,0.0,0.0,-1.5546,0.114961,-0.72538006,2.9774904,-2.956438,0.5072117,-9.309446,-0.2235651,-1.0242581,-0.62010884,3.1280518,-2.5558472,-0.32424927,-9.622574,0.93460083,-1.5258789,-0.4196167
26.586529,59.66163,14.261306,-12.455543,-1.2725844,0.44595093,0.45690626,-0.76598847,0.81738186,0.78434914,0.39021394,0.6533889,0.4727537,0.10884981,1.7301328,-1.1384059,-1.4609754,-0.79324126,1.8015616,1.3485603,-0.83262086,1.7929225,-1.2053546,-1.5254028,-0.8249985,1.7460685,1.3051854,-0.8428526,-1.3751222,1.4720737,1.4029458,0.7075747,0.9796407,0.38873988,0.064842425,-1.3809204,1.4789581,1.4007568,0.7264137,0.98457336,0.3900528,0.06532669,1.72679,-0.464588,1.63363,-1.39174,0.0170231,0.40015,0.42705002,-0.5314155,0.7603977,0.6216209,-0.0117605785,0.032217994,0.782567,-1.4488438,-0.24996999,1.3718626,1.0,0.0,0.0,0.0,0.0,0.0,0.0,-1.5267899,0.11458799,-0.73363006,2.3186445,-2.7493,0.8625269,-7.515943,-1.997292,-0.54473877,-0.19111484,2.5367737,-2.6893616,0.32424927,-7.7724457,-1.3542175,-0.9536743,-0.11444092
22.087425,59.525417,14.113367,-10.558212,-1.1411953,0.4313579,0.42202905,-0.7707639,0.80559504,0.78546417,0.3305479,0.64877915,0.48446134,0.12374277,1.7158461,-1.1247951,-1.4468564,-0.7919437,1.8109463,1.3536316,-0.8304783,1.7792468,-1.1908149,-1.5113418,-0.8184935,1.7557063,1.3090287,-0.8421831,-1.3652022,1.4475102,1.4084898,0.6310416,0.9579119,0.3836894,0.06705671,-1.367569,1.4539719,1.4060974,0.65050125,0.96378326,0.38433075,0.06694794,1.69899,-0.464409,1.64068,-1.38664,-0.000870228,0.334704,0.41272846,-0.53348464,0.7738508,0.6262368,-0.022993987,0.025933485,0.77886206,-1.4305366,-0.17502761,1.329329,1.0,0.0,0.0,0.0,0.0,0.0,0.0,-1.4989899,0.114409,-0.74068,0.93820095,-2.559185,0.9385824,-7.8164935,-2.3397207,-0.21994114,0.06609857,1.335144,-2.4986267,0.5340576,-7.5912476,-2.07901,-0.5722046,0.16212463
28.243057,61.210922,13.764223,-14.349923,-1.5886254,0.28601903,0.5451501,-0.7578229,0.79962784,0.7756258,0.21927747,0.64344525,0.53577775,0.10761301,1.7034645,-1.1108521,-1.4337792,-0.7965657,1.8200508,1.3626065,-0.8314218,1.7656646,-1.1764792,-1.497277,-0.8130709,1.7651381,1.312872,-0.8415041,-1.3560789,1.4284859,1.407123,0.5122099,0.9376378,0.38571283,0.06780563,-1.358223,1.4335632,1.4064789,0.5422592,0.9431839,0.38433075,0.06790161,1.67111,-0.464029,1.64721,-1.38638,0.0184059,0.304556,0.39868817,-0.5346977,0.7868624,0.63016266,-0.034142703,0.019994743,0.77545434,-1.3980696,-0.08661465,1.284588,1.0,0.0,0.0,0.0,0.0,0.0,0.0,-1.47111,0.11402902,-0.74721,0.8578539,-2.0195723,0.2846241,-12.042546,-2.2148132,0.5478978,-0.07582307,0.93460083,-2.040863,0.038146973,-10.8242035,-2.0599365,0.0,0.09536743
23.870121,62.60881,14.123003,-11.9551525,-1.3998145,0.25009426,0.45973068,-0.76394564,0.7970715,0.77355427,0.19605602,0.641193,0.53360105,0.07392807,1.68927,-1.0967721,-1.4199216,-0.7934653,1.8292575,1.3662322,-0.8341113,1.752111,-1.162279,-1.4832542,-0.8087431,1.774406,1.3167402,-0.84084225,-1.3553289,1.416842,1.4018413,0.40592057,0.9228327,0.38814837,0.06521956,-1.3553619,1.420021,1.4022827,0.4327774,0.9267807,0.3868103,0.066185,1.6433,-0.463757,1.65255,-1.3944,0.0118792,0.251913,0.38493502,-0.53508604,0.7994647,0.63344884,-0.04521007,0.0144306645,0.7723278,-1.3694813,-0.006968392,1.2449688,1.0,0.0,0.0,0.0,0.0,0.0,0.0,-1.4433,0.113757014,-0.75255,0.033044815,-1.258111,-0.18222332,-10.740155,-1.6132951,0.571692,-0.3757015,0.2861023,-1.3542175,-0.4196167,-10.948181,-1.6403198,0.24795532,-0.17166138
28.912712,64.09691,13.862818,-15.2832575,-1.7563854,0.10511112,0.5550991,-0.76404405,0.79043716,0.7732904,0.06900401,0.64549726,0.5469925,-0.02355335,1.6757065,-1.0832353,-1.4059252,-0.8018427,1.8389556,1.3714395,-0.8431976,1.7385383,-1.1481742,-1.4692848,-0.80578864,1.7835822,1.3206445,-0.8402815,-1.3578709,1.4081341,1.3964471,0.25820917,0.9154375,0.39241722,0.05273144,-1.3572693,1.4104843,1.3969421,0.2954483,0.9176254,0.39043427,0.05607605,1.61554,-0.463451,1.657,-1.3913,0.017789,0.207305,0.37155128,-0.5345952,0.81165785,0.6360573,-0.05616651,0.009277054,0.769539,-1.3285891,0.083137855,1.2037746,1.0,0.0,0.0,0.0,0.0,0.0,0.0,-1.41554,0.113451004,-0.75699997,-0.29218197,-0.9704113,-0.17533302,-14.872778,-0.8805275,0.8041918,-1.3614767,-0.19073486,-0.9536743,-0.5340576,-13.73291,-0.91552734,0.36239624,-1.0108948
41.669243,65.002556,12.639151,-23.189793,-2.5832117,-0.20283043,0.8101424,-0.7565863,0.7818428,0.7625037,-0.119327255,0.6427057,0.5798061,-0.06825328,1.6628796,-1.0699899,-1.3930345,-0.81772137,1.8478528,1.3786252,-0.8471068,1.7249694,-1.1341628,-1.455405,-0.80490744,1.792707,1.3246175,-0.8398781,-1.3566464,1.3985653,1.3864778,0.031043291,0.9110265,0.40059236,0.035862762,-1.3568878,1.4011383,1.3879776,0.08811951,0.9124756,0.39730072,0.040340424,1.5878,-0.463055,1.66046,-1.3895,0.0191718,0.158894,0.35878572,-0.53302175,0.82337606,0.6377736,-0.06692981,0.0046507614,0.76729625,-1.2588129,0.19665112,1.1543641,1.0,0.0,0.0,0.0,0.0,0.0,0.0,-1.3878,0.11305502,-0.76046,0.09496212,-1.0792017,-0.56340694,-22.825464,-0.6314993,1.2916386,-1.8069409,0.038146973,-0.93460083,-0.89645386,-20.73288,-0.51498413,0.6866455,-1.5735626
50.193035,66.324554,11.908125,-28.312475,-3.1293497,-0.46894044,0.9642615,-0.7504126,0.7777612,0.7571937,-0.27401575,0.6398642,0.6060235,-0.12965725,1.6499281,-1.0563867,-1.3796856,-0.832309,1.8566934,1.3852198,-0.8528438,1.7114501,-1.120241,-1.4416358,-0.8066603,1.8017993,1.3286897,-0.83967876,-1.3505783,1.3898066,1.375044,-0.24438877,0.90794396,0.4113717,0.014304796,-1.3519287,1.3921738,1.376915,-0.17528534,0.9092331,0.40721893,0.019931793,1.56008,-0.462683,1.66288,-1.38832,0.0151306,0.108588,0.34686607,-0.5302059,0.8345736,0.6384278,-0.07743095,0.00065678125,0.7657767,-1.1680942,0.32344022,1.1014639,1.0,0.0,0.0,0.0,0.0,0.0,0.0,-1.36008,0.112683,-0.76287997,0.6107569,-0.9955883,-0.71201324,-27.618248,-0.50833225,1.600343,-2.261243,0.49591064,-0.89645386,-1.1062622,-26.340485,-0.32424927,0.9918213,-2.040863
43.612114,66.23987,12.221232,-23.582176,-2.6944208,-0.542963,0.7891289,-0.7438183,0.780896,0.7463499,-0.29786834,0.63359725,0.62619686,-0.115197435,1.6370683,-1.0421515,-1.3670008,-0.8364471,1.865159,1.3913094,-0.8511985,1.6980224,-1.1063632,-1.4280174,-0.8107325,1.8108573,1.3328763,-0.8396673,-1.3402839,1.3868707,1.3583436,-0.46163023,0.9048757,0.42276394,-0.003361534,-1.3427734,1.3877869,1.3618469,-0.40721893,0.90579987,0.41866302,0.0011444092,1.53233,-0.462242,1.66432,-1.38448,0.0225723,0.0613093,0.3357716,-0.52625805,0.84529835,0.63813853,-0.087681055,-0.0027131937,0.7649077,-1.0872017,0.4310091,1.0560961,1.0,0.0,0.0,0.0,0.0,0.0,0.0,-1.33233,0.11224201,-0.76432,1.0567904,-0.353837,-1.402092,-21.747112,-0.39877892,1.6163707,-1.8347284,0.91552734,-0.4386902,-1.5068054,-23.19336,-0.34332275,1.1444092,-1.8787384
37.444458,63.764206,11.970946,-18.684103,-2.2077541,-0.6401385,0.61983657,-0.72350657,0.77488995,0.7342429,-0.33539864,0.6184197,0.6550925,-0.04351125,1.6256717,-1.0288742,-1.354593,-0.8442724,1.8726993,1.3983855,-0.84401846,1.6847777,-1.0925158,-1.4145992,-0.81646216,1.8198504,1.3371869,-0.83975697,-1.3189483,1.383809,1.3366355,-0.61009735,0.89748466,0.4352509,-0.011023275,-1.3244629,1.3847351,1.3418198,-0.5729675,0.8993149,0.4310608,-0.008964539,1.50461,-0.46176,1.66482,-1.38227,0.0262469,0.012207,0.32540044,-0.521388,0.8556054,0.63709974,-0.09771592,-0.005524972,0.7645422,-1.0166408,0.51720256,1.0153842,1.0,0.0,0.0,0.0,0.0,0.0,0.0,-1.3046099,0.11176002,-0.76482,2.1687746,-0.3171444,-2.034855,-14.866722,-0.74704885,1.6844392,-0.82552546,1.8310547,-0.30517578,-2.002716,-16.57486,-0.64849854,1.2397766,-1.0108948
25.705246,61.013557,12.083612,-11.783787,-1.5806475,-0.59033674,0.41290683,-0.7380504,0.7759149,0.7196564,-0.37582,0.602318,0.6490434,0.025275666,1.6109726,-1.0149243,-1.3426335,-0.85404414,1.8800822,1.4020913,-0.8372294,1.6716533,-1.0786799,-1.4014328,-0.8232571,1.8287349,1.3416044,-0.83985233,-1.3101705,1.3834016,1.3097807,-0.7027182,0.8858113,0.44516972,-0.009077381,-1.3124466,1.3835907,1.3166428,-0.67949295,0.888443,0.44174194,-0.009536743,1.47694,-0.461365,1.66435,-1.38496,0.0176609,-0.0393629,0.31558353,-0.51582426,0.8655443,0.63553417,-0.10755961,-0.007822262,0.7645037,-0.9656438,0.5802285,0.97975236,1.0,0.0,0.0,0.0,0.0,0.0,0.0,-1.27694,0.11136502,-0.76435006,0.8864641,-0.0036716461,-2.6806116,-9.289492,-1.0558128,1.390934,0.15380755,1.2016296,-0.11444092,-2.5177002,-10.652542,-1.0871887,1.0681152,-0.05722046
17.530853,57.12786,11.732975,-6.873192,-1.1074038,-0.57502663,0.26540273,-0.7407972,0.76731724,0.7122096,-0.4065463,0.58211607,0.65367395,0.059436053,1.5975735,-1.0019482,-1.3302118,-0.86391175,1.8869464,1.4069717,-0.83390874,1.6585555,-1.0648803,-1.3885238,-0.8306891,1.8374591,1.3461095,-0.83989143,-1.3097681,1.3789616,1.2845117,-0.7568062,0.86860317,0.45354435,-0.0023609845,-1.3097763,1.3799667,1.2908936,-0.7431984,0.87242126,0.45051575,-0.0039100647,1.44942,-0.460967,1.6629,-1.38185,0.0182301,-0.0840068,0.3061719,-0.50975955,0.87513715,0.6336222,-0.11722541,-0.009652356,0.76464885,-0.92833364,0.62546194,0.94558376,1.0,0.0,0.0,0.0,0.0,0.0,0.0,-1.2494199,0.11096701,-0.7629,0.023794174,-0.37937164,-2.5996447,-5.4640174,-1.5370011,1.2088239,0.63086677,0.2670288,-0.36239624,-2.5749207,-6.3705444,-1.6021729,0.8773804,0.56266785
16.214123,52.793537,10.660696,-5.3877125,-0.9100845,-0.7012129,0.21630335,-0.7217571,0.75233996,0.6995181,-0.4299754,0.56695455,0.6670093,0.08590265,1.5863798,-0.98964626,-1.318572,-0.8736866,1.8941545,1.4128104,-0.83130115,1.6455188,-1.0511931,-1.3758609,-0.83849394,1.8459888,1.3506967,-0.8398447,-1.3017069,1.36559,1.260004,-0.78862643,0.84833807,0.46156102,0.006835742,-1.3036728,1.3687134,1.2662888,-0.78048706,0.8529663,0.45871735,0.004673004,1.42181,-0.460568,1.6605,-1.38799,0.0249296,-0.130928,0.29712155,-0.5033189,0.88436943,0.6314476,-0.12670636,-0.011079589,0.764916,-0.89211655,0.6601653,0.90888065,1.0,0.0,0.0,0.0,0.0,0.0,0.0,-1.22181,0.11056802,-0.7605001,0.7859707,-1.2694836,-2.535963,-3.274703,-1.8473029,1.1529505,0.8584125,0.61035156,-1.1253357,-2.4604797,-3.7288666,-1.9454956,0.8201599,0.8583069
11.646997,52.131435,10.974094,-3.0073652,-0.7040081,-0.66409564,0.15522274,-0.7393649,0.7538041,0.6898597,-0.45491052,0.55669266,0.66451895,0.09473901,1.5715823,-0.97581273,-1.306875,-0.883985,1.901658,1.4171486,-0.8303708,1.6324725,-1.0376223,-1.3634212,-0.84656584,1.85432,1.3553525,-0.8397045,-1.3057675,1.3545297,1.2381692,-0.813731,0.8288815,0.46797273,0.016188212,-1.3046265,1.3570786,1.2439728,-0.80718994,0.8331299,0.4655838,0.014019012,1.3943,-0.460342,1.6571,-1.38953,0.0109553,-0.176859,0.28837186,-0.49657345,0.8932555,0.6290779,-0.13600561,-0.012127894,0.76525575,-0.86379576,0.6887844,0.8749012,1.0,0.0,0.0,0.0,0.0,0.0,0.0,-1.1942999,0.110341996,-0.7571,-0.44455528,-1.025343,-2.2994995,-2.6028872,-1.7246366,0.9791255,0.88340825,-0.09536743,-1.1634827,-2.231598,-2.670288,-1.9836426,0.6866455,0.93460083
10.807609,49.504135,10.352818,-2.2279644,-0.583339,-0.74643064,0.13539393,-0.7339381,0.73984957,0.67768806,-0.46648562,0.5515082,0.67138946,0.10110349,1.5590787,-0.96363735,-1.2956524,-0.8932144,1.9094709,1.4224914,-0.82959414,1.6193957,-1.0241984,-1.3511932,-0.85484564,1.8624835,1.3600675,-0.8394766,-1.3086091,1.3386763,1.2173618,-0.8332046,0.81273735,0.47378987,0.024848955,-1.3076782,1.342392,1.2228012,-0.82798004,0.8163452,0.47149658,0.022792816,1.36679,-0.459966,1.65275,-1.3855,0.0153661,-0.228786,0.27989987,-0.48958215,0.9017906,0.62654865,-0.14510977,-0.012839249,0.7656468,-0.8359597,0.7116374,0.83943856,1.0,0.0,0.0,0.0,0.0,0.0,0.0,-1.16679,0.10996601,-0.75275004,-0.3263712,-1.5055656,-2.1950245,-2.058351,-1.4005065,0.9058118,0.804219,-0.30517578,-1.4686584,-2.117157,-2.07901,-1.6784668,0.5912781,0.8773804
10.540097,48.083015,9.901047,-1.9904604,-0.5746927,-0.83143103,0.12378076,-0.7358263,0.7318643,0.6605918,-0.48341832,0.53489274,0.67122865,0.10204017,1.5458131,-0.951012,-1.285134,-0.90318745,1.9159728,1.4271903,-0.82927257,1.6062827,-1.0109404,-1.339194,-0.8633305,1.8704753,1.364832,-0.8391714,-1.312321,1.3218818,1.1937864,-0.8539846,0.79538965,0.4785223,0.032250218,-1.3113022,1.325798,1.199913,-0.84848404,0.7991791,0.4764557,0.030517578,1.33943,-0.459515,1.64747,-1.37434,0.0241399,-0.275624,0.27171522,-0.4823759,0.90996456,0.62388235,-0.15399674,-0.013218204,0.76608163,-0.80662185,0.7323349,0.803181,1.0,0.0,0.0,0.0,0.0,0.0,0.0,-1.1394299,0.10951501,-0.74747,-0.41587353,-1.6017437,-2.4616718,-2.1959543,-1.5328407,0.7860005,0.676091,-0.36239624,-1.6593933,-2.2888184,-2.0503998,-1.7166138,0.49591064,0.7724762
9.94335,45.755596,9.329239,-1.1716204,-0.49405938,-0.9082403,0.087345555,-0.73154753,0.71703583,0.64993185,-0.47934186,0.5067482,0.67738724,0.098580964,1.5331279,-0.9392369,-1.2742009,-0.91126466,1.9211501,1.4325708,-0.82931334,1.5931602,-0.99788046,-1.3274238,-0.87195075,1.8782439,1.3696424,-0.83880424,-1.3122998,1.3009479,1.1709517,-0.86510533,0.7714143,0.48289922,0.037960544,-1.3122559,1.3059974,1.1770248,-0.8620262,0.7768631,0.48103333,0.03671646,1.31209,-0.458998,1.64119,-1.36555,0.020954,-0.325549,0.2638215,-0.47499546,0.9177718,0.6211166,-0.16266139,-0.013275498,0.7665371,-0.7773558,0.74819785,0.76641285,1.0,0.0,0.0,0.0,0.0,0.0,0.0,-1.11209,0.108998,-0.7411901,-0.043606758,-2.016735,-2.388692,-1.2465715,-2.2034287,0.7353723,0.49745217,-0.09536743,-1.9800663,-2.2888184,-1.3542175,-2.231598,0.45776367,0.6198883
10.046095,43.728863,8.708475,-1.0096273,-0.4493782,-0.99927723,0.08273188,-0.7307792,0.7022612,0.63522065,-0.49273628,0.49973652,0.67822933,0.08974038,1.5200822,-0.9276543,-1.2639017,-0.92122436,1.9282175,1.4374653,-0.8298302,1.5800529,-0.98505545,-1.315892,-0.8806912,1.8857875,1.3744909,-0.8383951,-1.3105112,1.2765394,1.1470593,-0.87752223,0.74926907,0.4865347,0.041619964,-1.31073,1.2825012,1.153183,-0.8740425,0.7543564,0.48484802,0.04091263,1.28486,-0.458387,1.63396,-1.36631,0.0192583,-0.372541,0.25623286,-0.46747696,0.92520076,0.6182698,-0.17108376,-0.013033568,0.76700896,-0.74639547,0.7607706,0.7282803,1.0,0.0,0.0,0.0,0.0,0.0,0.0,-1.08486,0.10838699,-0.73396003,0.13492107,-2.3689032,-2.4823904,-1.386261,-2.0384908,0.64741373,0.28545782,0.15258789,-2.349615,-2.3841858,-1.2016296,-2.2506714,0.38146973,0.4196167
9.00265,39.160458,7.274991,0.33077097,-0.35059366,-1.1266856,0.0054075494,-0.7203745,0.67998266,0.6075538,-0.47139513,0.44616273,0.6845871,0.07777699,1.5080154,-0.91705716,-1.2551366,-0.9278307,1.9304037,1.4429495,-0.8306174,1.5670123,-0.972527,-1.3046672,-0.88942206,1.8929954,1.3793737,-0.83796597,-1.3019046,1.2450709,1.1139647,-0.8721819,0.7117009,0.48996577,0.043048486,-1.3040543,1.252842,1.1224747,-0.87308884,0.72078705,0.48828125,0.042915344,1.25766,-0.457812,1.62575,-1.3579,0.0255853,-0.424075,0.24896087,-0.4598945,0.93222755,0.6154188,-0.17924477,-0.0124851735,0.76744705,-0.71420515,0.76475096,0.6874573,1.0,0.0,0.0,0.0,0.0,0.0,0.0,-1.05766,0.10781202,-0.72574997,0.8147478,-3.0813932,-3.3951283,0.3574133,-3.6058068,0.606215,0.047204643,0.667572,-2.9659271,-3.0708313,0.09536743,-3.3569336,0.34332275,0.2002716
7.1710587,31.746717,4.9922533,2.0832787,-0.13762128,-1.275286,-0.06555922,-0.711384,0.6447368,0.575563,-0.4543107,0.4094532,0.6900616,0.08730438,1.4958739,-0.90805334,-1.247111,-0.93485314,1.9339406,1.4483799,-0.82923555,1.5540977,-0.9604182,-1.2938602,-0.89798987,1.8997607,1.3842908,-0.8375206,-1.2882401,1.1996669,1.0693811,-0.8524144,0.6654213,0.49316093,0.04462014,-1.2914658,1.2108803,1.0807037,-0.856781,0.67653656,0.49171448,0.04453659,1.23035,-0.457368,1.61658,-1.367,0.0155479,-0.469697,0.24201706,-0.4523715,0.93879944,0.61265355,-0.18710239,-0.011643867,0.76779723,-0.68124926,0.7549274,0.64066786,1.0,0.0,0.0,0.0,0.0,0.0,0.0,-1.03035,0.10736799,-0.71658003,1.3177156,-4.487896,-4.528308,1.7546058,-4.511094,0.5567789,0.03983006,1.2588501,-4.196167,-4.1770935,1.6307831,-4.425049,0.34332275,0.16212463
6.76143,31.484818,4.691119,1.3669357,-0.27117795,-1.3188744,-0.009140633,-0.7310421,0.6299018,0.55277795,-0.50452197,0.37882492,0.6812168,0.12877454,1.4809934,-0.89742804,-1.2385824,-0.94844204,1.9376432,1.4524125,-0.82464314,1.5412078,-0.94875574,-1.2835243,-0.90659773,1.9060416,1.3892289,-0.8370304,-1.2892181,1.1553,1.021612,-0.86418027,0.61615425,0.49484125,0.05018389,-1.2889862,1.1662483,1.0335922,-0.86078644,0.6280899,0.49381256,0.04901886,1.20311,-0.456748,1.60641,-1.36411,0.0322133,-0.517142,0.23542878,-0.44491455,0.9448873,0.6099695,-0.1946056,-0.010447511,0.7680863,-0.6448813,0.74896735,0.5921176,1.0,0.0,0.0,0.0,0.0,0.0,0.0,-1.0031099,0.106748015,-0.70641005,-0.14851093,-4.391241,-4.8166037,-1.3803005,-4.8246384,0.3892541,0.45116246,0.24795532,-4.463196,-4.711151,-0.4005432,-4.8446655,0.20980835,0.44822693
10.216799,23.648813,1.0720893,-0.25034428,-0.4214611,-1.6463078,0.012767516,-0.6970698,0.57787234,0.49252868,-0.508928,0.2950213,0.6933735,0.16044293,1.4715008,-0.8909685,-1.2342714,-0.95749056,1.9355438,1.4585663,-0.8209861,1.5284381,-0.93767214,-1.273835,-0.91538775,1.9116683,1.394188,-0.8364639,-1.2730751,1.0928068,0.9513981,-0.8848077,0.5448144,0.49691334,0.058330357,-1.2769699,1.1083603,0.9689331,-0.8790016,0.56266785,0.49591064,0.056648254,1.17589,-0.456215,1.59529,-1.36101,0.0362486,-0.566733,0.22932598,-0.43756533,0.95039743,0.6073634,-0.20165862,-0.00881157,0.7683526,-0.5923338,0.73596174,0.53155404,1.0,0.0,0.0,0.0,0.0,0.0,0.0,-0.97589,0.106215,-0.69528997,1.5928507,-6.2331915,-7.002449,-2.306378,-7.1275473,0.39277673,0.6741047,1.2016296,-5.788803,-6.465912,-1.821518,-6.542206,0.20980835,0.76293945
9.432178,9.150767,-4.91029,0.43000984,-0.50281036,-2.0317543,-0.100925595,-0.683681,0.5105896,0.3910268,-0.50858533,0.1310344,0.69924754,0.17069368,1.46007,-0.8866132,-1.2347323,-0.9662463,1.9247718,1.4641128,-0.8193946,1.5158858,-0.92741346,-1.2651966,-0.9243752,1.9161849,1.3991662,-0.8358154,-1.2492878,1.0034992,0.834974,-0.90448487,0.42034313,0.49871907,0.066415064,-1.2552261,1.0258675,0.8638382,-0.8987427,0.45166016,0.497818,0.06484985,1.14873,-0.455887,1.58313,-1.36076,0.0261188,-0.618649,0.22386734,-0.43047595,0.95515907,0.6049904,-0.20810184,-0.0065337685,0.7685294,-0.5241694,0.70497406,0.45233035,1.0,0.0,0.0,0.0,0.0,0.0,0.0,-0.94873005,0.105886996,-0.68313,2.371478,-8.952904,-11.550021,-2.277875,-12.552631,0.30836463,0.62275827,2.1743774,-8.249283,-10.509491,-1.9741058,-11.100769,0.19073486,0.8201599
5.3875184,-10.865625,-13.491902,2.7778873,-0.642737,-2.5534513,-0.34029275,-0.6800697,0.4353606,0.21255206,-0.5015537,-0.11875427,0.69620645,0.21397544,1.4478788,-0.8838774,-1.2439413,-0.9745306,1.9043095,1.4687868,-0.8144179,1.5035586,-0.91825056,-1.2583835,-0.9334818,1.918838,1.404154,-0.8350649,-1.2273589,0.88694215,0.6307771,-0.9140904,0.21283595,0.4991521,0.077120066,-1.2327194,0.9162903,0.68130493,-0.9106636,0.2653122,0.49877167,0.07505417,1.12171,-0.455366,1.56999,-1.35173,0.0276327,-0.666142,0.21924327,-0.42389017,0.9589346,0.6032017,-0.21369192,-0.0031995154,0.7684225,-0.4360566,0.64721745,0.3478611,1.0,0.0,0.0,0.0,0.0,0.0,0.0,-0.92170995,0.10536599,-0.66999006,2.1944523,-11.726868,-20.21383,-1.3403654,-21.00316,0.09108782,0.8204073,2.2506714,-10.957718,-18.253326,-1.1920929,-18.634796,0.09536743,1.0204315
7.240224,-14.97979,-18.312445,-0.49485826,-1.4388721,-3.0857077,-0.34925225,-0.6980319,0.4132667,-0.0010155827,-0.59681976,-0.29119828,0.6693158,0.2898218,1.4337554,-0.8769239,-1.2584851,-0.99316376,1.8897182,1.4710855,-0.8060827,1.4913116,-0.91014147,-1.2543304,-0.9430777,1.919126,1.4091226,-0.8341608,-1.2239016,0.78519595,0.33139065,-0.9758065,-0.03400115,0.49587268,0.09379638,-1.2247086,0.8109093,0.40531158,-0.9595871,0.028800964,0.49686432,0.090408325,1.0947,-0.454771,1.55594,-1.34499,0.0344127,-0.71497,0.21574378,-0.41784492,0.9615376,0.60222393,-0.21812192,0.0017629307,0.7679492,-0.31611335,0.59322196,0.22708605,1.0,0.0,0.0,0.0,0.0,0.0,0.0,-0.8947,0.10477102,-0.65594006,0.38340092,-10.270727,-29.58355,-6.4988136,-25.085238,-0.35945773,1.3681934,0.8010864,-10.538101,-27.599335,-4.8923492,-23.651123,-0.19073486,1.5354156
9.77879,-17.43456,-22.435978,-3.5220459,-1.9190767,-3.62501,-0.3609849,-0.701037,0.38619414,-0.25318512,-0.66967887,-0.3720258,0.64233214,0.23144697,1.4212079,-0.87152207,-1.2796489,-1.0100455,1.8819234,1.4733558,-0.8110161,1.4790282,-0.9028897,-1.2539661,-0.95359766,1.9170871,1.4140302,-0.83314896,-1.2295223,0.70482904,-0.06039646,-1.0781881,-0.26245484,0.48880938,0.10242924,-1.2283325,0.72517395,0.03643036,-1.0519981,-0.20389557,0.4907608,0.101184845,1.06812,-0.454154,1.54096,-1.30858,0.0327408,-0.755227,0.21365559,-0.41235545,0.9628254,0.6021897,-0.22104822,0.008731521,0.76709116,-0.16839974,0.53579557,0.092291534,1.0,0.0,0.0,0.0,0.0,0.0,0.0,-0.86812,0.10415402,-0.64096,-0.45740604,-8.137345,-38.694206,-10.494924,-23.400944,-0.8378446,0.4839763,-0.36239624,-8.573532,-36.888123,-9.241104,-23.269653,-0.61035156,1.077652
8.020015,-9.294123,-20.81414,-2.7608795,-1.965346,-3.7275498,-0.386492,-0.71916133,0.4034469,-0.4841897,-0.68977034,-0.4293423,0.6288339,0.28184825,1.4071121,-0.862545,-1.3023851,-1.0225747,1.8741529,1.4769136,-0.8049641,1.4665847,-0.8960824,-1.2578781,-0.96510375,1.9130874,1.4188577,-0.83203125,-1.2488512,0.67253256,-0.49968016,-1.1753161,-0.4479443,0.48005557,0.1134435,-1.2443542,0.6807327,-0.3911972,-1.1506081,-0.399971,0.48274994,0.11177063,1.04133,-0.453677,1.52489,-1.34116,0.0261486,-0.807273,0.21305075,-0.407417,0.9628248,0.6031644,-0.22230968,0.017847674,0.76580197,-0.02041968,0.47970498,-0.03480532,1.0,0.0,0.0,0.0,0.0,0.0,0.0,-0.84133,0.103677005,-0.62488997,-1.786828,-3.2889247,-43.418705,-9.900379,-19.146187,-1.0735929,0.66925585,-1.6021729,-4.4441223,-42.762756,-9.860992,-19.607544,-0.8010864,1.0585785
-1.203247,1.4459031,-13.847042,3.5397022,-1.0053413,-3.1240768,-0.3391814,-0.76700985,0.40583077,-0.58924896,-0.69577205,-0.3940296,0.60117495,0.4698403,1.3898838,-0.8554993,-1.316803,-1.034681,1.8736844,1.4789752,-0.78504723,1.4537311,-0.88935995,-1.2657096,-0.97736514,1.9078307,1.4235822,-0.83067226,-1.2969682,0.6721165,-0.8763318,-1.2436359,-0.5532858,0.4693254,0.14206971,-1.2853622,0.672245,-0.78315735,-1.2261391,-0.5256653,0.47245026,0.13589859,1.01445,-0.453029,1.50795,-1.34194,0.0323564,-0.856066,0.21361193,-0.4030575,0.96174407,0.6050212,-0.2220293,0.02878607,0.76408356,0.08505962,0.4190492,-0.1373333,1.0,0.0,0.0,0.0,0.0,0.0,0.0,-0.81444997,0.10302901,-0.60795,-4.6818495,-0.061285496,-37.240612,-6.9975376,-11.053038,-1.283747,2.4604588,-4.1007996,-0.84877014,-39.196014,-7.5531006,-12.5694275,-1.0299683,2.412796
-4.5595183,28.562397,-0.33029246,7.3533754,-0.24076653,-2.2797928,-0.17947873,-0.79757977,0.4752554,-0.64409554,-0.7047243,-0.27512127,0.5482112,0.54532576,1.3739731,-0.8418344,-1.3301191,-1.0478376,1.8803186,1.4784033,-0.7761397,1.44029,-0.88219595,-1.2764518,-0.99009573,1.9023013,1.4281732,-0.8289757,-1.3597894,0.73130846,-1.1393361,-1.2836853,-0.5537796,0.45512724,0.17803082,-1.3441086,0.71640015,-1.0742188,-1.2730598,-0.55294037,0.45909882,0.16965866,0.987078,-0.452462,1.49013,-1.34572,0.0183225,-0.896466,0.21487977,-0.3991092,0.95999485,0.6074338,-0.22056325,0.04096932,0.762035,0.14327024,0.38225225,-0.19337195,1.0,0.0,0.0,0.0,0.0,0.0,0.0,-0.787078,0.10246199,-0.59013,-6.2737226,5.966997,-26.053381,-4.2348623,-0.33661127,-1.5650153,3.3186169,-5.874634,4.415512,-29.10614,-4.6920776,-2.7275085,-1.335144,3.376007
-7.167203,29.20266,3.6099153,11.390681,0.8912014,-1.7866712,-0.090871215,-0.7942611,0.43608996,-0.7021768,-0.7037618,-0.20048903,0.5376392,0.5677051,1.3608639,-0.8385869,-1.3466696,-1.0604719,1.8822525,1.481937,-0.7722052,1.4263415,-0.87460184,-1.2890728,-1.0030252,1.8972621,1.4326268,-0.8269234,-1.4065022,0.7689011,-1.3027544,-1.2968249,-0.48789433,0.44166633,0.21371453,-1.394844,0.75941086,-1.2620926,-1.292944,-0.5039215,0.4453659,0.20523071,0.960008,-0.452106,1.47132,-1.34063,0.0375211,-0.948,0.21648222,-0.39561042,0.957802,0.6101063,-0.21818264,0.0536681,0.7597935,0.16785043,0.3328423,-0.23477387,1.0,0.0,0.0,0.0,0.0,0.0,0.0,-0.76000804,0.102106005,-0.57132006,-4.695463,3.798914,-16.227007,-1.5564919,6.430668,-1.4594436,3.376171,-5.0735474,4.301071,-18.787384,-1.988411,4.901886,-1.373291,3.5572052
-6.3169127,26.109846,5.354945,12.664753,1.5114825,-1.4153012,0.019472595,-0.785023,0.39352143,-0.7089159,-0.72019196,-0.22595982,0.537712,0.5705044,1.3478392,-0.8352497,-1.3599644,-1.0750444,1.8746661,1.486398,-0.7698729,1.4121242,-0.8669486,-1.3026035,-1.016039,1.8928676,1.4369603,-0.8245449,-1.426929,0.7643405,-1.3698506,-1.3033642,-0.42328268,0.43047166,0.24555343,-1.4217377,0.76532364,-1.3530731,-1.301384,-0.43945312,0.4333496,0.23784637,0.933202,-0.451514,1.45153,-1.33539,0.030458,-1.00157,0.2181939,-0.39263067,0.9552365,0.6127928,-0.21511228,0.06631862,0.75750476,0.17330644,0.27896982,-0.27087662,1.0,0.0,0.0,0.0,0.0,0.0,0.0,-0.73320204,0.10151401,-0.55153,-2.0720959,-0.4250884,-6.7298174,-0.8517027,6.4303694,-1.1963546,3.050965,-2.6893616,0.5912781,-9.098053,-0.84400177,6.4468384,-1.2016296,3.2615662
-8.949063,5.641832,0.2814119,14.921895,2.4398074,-1.3008788,0.073136345,-0.7781376,0.28200877,-0.7140332,-0.7382515,-0.18169172,0.5201312,0.5823452,1.3343104,-0.83874774,-1.3740067,-1.0898641,1.8746984,1.4889735,-0.7663104,1.3978724,-0.85997915,-1.3163383,-1.0291425,1.8891482,1.4411832,-0.8218746,-1.4244015,0.6744342,-1.3749448,-1.3129115,-0.3550322,0.419262,0.2739771,-1.4251709,0.6969452,-1.3734818,-1.3103485,-0.37193298,0.422287,0.2670288,0.906101,-0.451006,1.43072,-1.3486,0.0280619,-1.05054,0.21985407,-0.39043444,0.9521918,0.61534107,-0.21141355,0.07835971,0.7553273,0.16388045,0.1919374,-0.32265714,1.0,0.0,0.0,0.0,0.0,0.0,0.0,-0.706101,0.101006,-0.53072,0.31254292,-9.019077,-0.585413,-1.0207891,6.7610025,-1.2176692,2.747351,-0.34332275,-6.837845,-2.040863,-0.89645386,6.752014,-1.1062622,2.9182434
-23.892298,-55.04993,-18.205353,23.486158,5.068236,-1.3985349,-0.00687643,-0.76068276,-0.029949903,-0.69440454,-0.73307556,0.07745508,0.5512566,0.57119817,1.3218042,-0.86297417,-1.3857788,-1.10245,1.8968937,1.4963089,-0.7647548,1.3838115,-0.8553958,-1.3297908,-1.0422784,1.8867373,1.4453222,-0.8189573,-1.3988531,0.38552743,-1.3355448,-1.3129973,-0.2045024,0.4111103,0.29759726,-1.4060974,0.45833588,-1.345253,-1.313591,-0.24108887,0.41389465,0.29172897,0.879234,-0.45037,1.40904,-1.34777,0.0319898,-1.09493,0.22114815,-0.38996845,0.9482451,0.61773473,-0.20685846,0.08858889,0.753502,0.117061,-0.009588571,-0.42480555,1.0,0.0,0.0,0.0,0.0,0.0,0.0,-0.679234,0.10037002,-0.50904,2.8846025,-29.114962,3.9031029,0.2521515,14.659447,-1.0875642,2.3545027,1.9073486,-23.860931,2.822876,-0.32424927,13.084412,-0.8392334,2.4700165
-30.710184,-87.2229,-26.685877,28.601562,7.0546775,-1.3015914,-0.021556616,-0.6978249,-0.27334872,-0.6083323,-0.69545776,0.38147226,0.518643,0.4446887,1.314029,-0.88273066,-1.390624,-1.1118242,1.9248846,1.4971864,-0.77448845,1.3703151,-0.85466814,-1.3423946,-1.0552026,1.8865962,1.4493562,-0.81591797,-1.3317075,-0.03253052,-1.2357683,-1.2837495,0.047568522,0.399503,0.30673236,-1.3496399,0.07276535,-1.260376,-1.2924194,-0.01411438,0.40340424,0.303936,0.852534,-0.449645,1.38639,-1.34061,0.031507,-1.14204,0.22171372,-0.39201924,0.9431577,0.6199374,-0.20135635,0.095671184,0.7523166,0.033859074,-0.27668446,-0.54138386,1.0,0.0,0.0,0.0,0.0,0.0,0.0,-0.652534,0.09964502,-0.48639,7.155466,-42.126934,9.88667,3.452921,24.70661,-1.6108274,1.1280596,5.645752,-38.557053,8.487701,2.117157,22.697449,-1.0490417,1.2207031
6.7312326,-49.162643,-9.672874,13.297374,5.93455,-0.8853711,0.5809325,-0.39467013,-0.4296251,-0.27313673,-0.661559,0.36653262,0.42842004,0.17377691,1.3308481,-0.89763063,-1.3697083,-1.1213585,1.9232495,1.4921982,-0.7985403,1.3588462,-0.8582158,-1.3525264,-1.067671,1.8886962,1.4532357,-0.81300735,-1.0849656,-0.4626015,-0.94073623,-1.2330599,0.26514807,0.38373545,0.28705212,-1.1468887,-0.35476685,-1.0131836,-1.2468338,0.20999908,0.3879547,0.2910614,0.825856,-0.448992,1.36269,-1.33285,0.0293761,-1.19767,0.22164465,-0.39606893,0.93725336,0.62128425,-0.19559765,0.098827794,0.75231665,-0.02467739,-0.4518624,-0.61013436,1.0,0.0,0.0,0.0,0.0,0.0,0.0,-0.625856,0.09899202,-0.46269,24.795532,-43.115147,28.979551,5.5073977,22.08423,-1.6617894,-1.5850008,20.275116,-42.75322,24.719238,4.558563,22.411346,-1.5449524,-1.2874603
80.413445,10.990901,7.598895,-22.60453,1.9932421,-1.9290487,1.5132989,0.1079954,-0.5278358,-0.17369932,-0.69736826,0.38897112,0.3612598,-0.34455344,1.3696457,-0.9109994,-1.3698964,-1.1374078,1.9275934,1.4893618,-0.8474627,1.3520274,-0.86549807,-1.3594768,-1.079878,1.8926024,1.4569455,-0.8107004,-0.54876506,-0.8161378,-0.6155226,-1.2164403,0.43633285,0.36804348,0.21292682,-0.68187714,-0.7282257,-0.69503784,-1.2207031,0.390625,0.3709793,0.23069382,0.79925,-0.448363,1.33801,-1.33408,0.026992,-1.24857,0.22202827,-0.40081966,0.930863,0.6207357,-0.1902089,0.0980872,0.75424576,0.054889023,-0.48401055,-0.6511395,1.0,0.0,0.0,0.0,0.0,0.0,0.0,-0.59925,0.09836301,-0.43800998,53.247833,-35.167374,31.777084,1.6705751,18.280685,-1.1223495,-7.117635,46.50116,-37.345886,31.814575,2.6130676,18.062592,-1.6975403,-6.0367584
114.672134,-6.9803677,-13.4969425,-44.033432,-1.0225016,-4.803305,1.5844457,0.47563714,-0.73292965,-0.63406134,-0.68804085,0.32459608,0.29564694,-0.4528443,1.3995911,-0.93879104,-1.4228829,-1.1486821,1.9250621,1.4865103,-0.85598487,1.3517509,-0.8761573,-1.3659599,-1.0919935,1.8975348,1.4604455,-0.8092041,0.1441948,-1.1488101,-0.66024053,-1.2100302,0.5144993,0.34410885,0.12954119,-0.027656555,-1.0659218,-0.6483078,-1.2115479,0.49324036,0.34999847,0.1496315,0.772775,-0.447754,1.31233,-1.32705,0.0251323,-1.29708,0.22436176,-0.40605593,0.9234237,0.6182129,-0.18444224,0.09447351,0.75820094,0.2897012,-0.5355281,-0.7770822,1.0,0.0,0.0,0.0,0.0,0.0,0.0,-0.572775,0.097754,-0.41233003,68.72018,-33.142567,-4.7787666,0.6391525,8.54587,-2.3290038,-8.052463,65.42206,-33.769608,4.673004,0.91552734,10.261536,-2.0980835,-8.106232
115.738815,7.826398,-13.131477,-47.11939,-2.374978,-5.4596696,1.4409133,0.6320779,-0.7642447,-0.71048564,-0.71114457,0.45348617,0.00017224101,-0.40603358,1.4149586,-0.95258176,-1.4370085,-1.1631079,1.9428835,1.4604627,-0.84980744,1.3579135,-0.8893113,-1.3740795,-1.1042138,1.9032474,1.4634954,-0.8084364,0.7713841,-1.3706204,-0.8631745,-1.2258044,0.59217143,0.2916521,0.060562573,0.61626434,-1.315403,-0.8119583,-1.2220383,0.5712509,0.30498505,0.07677078,0.746312,-0.447108,1.28565,-1.32809,0.0307471,-1.34219,0.2293203,-0.41162723,0.9146662,0.614019,-0.17754973,0.08907571,0.7638862,0.56361556,-0.5605886,-0.91164106,1.0,0.0,0.0,0.0,0.0,0.0,0.0,-0.54631203,0.09710801,-0.38565004,62.065357,-22.085835,-20.506561,-1.4410019,8.363318,-5.3178368,-6.466913,64.39209,-24.94812,-16.365051,-1.0490417,7.801056,-4.501343,-7.286072
80.51217,21.05835,-5.610677,-29.368015,-1.5053382,-4.4834814,0.808054,0.65607804,-0.78821415,-0.7121689,-0.64724976,0.5932522,-0.3524541,-0.33719435,1.4235213,-0.96813273,-1.4452964,-1.1689388,1.9625726,1.42825,-0.8421558,1.368753,-0.9039111,-1.3843582,-1.1163121,1.9099326,1.4657747,-0.8082228,1.1866741,-1.4896104,-1.0832572,-1.2035424,0.6952629,0.20643921,0.009761222,1.0839462,-1.45998,-1.0278702,-1.2098312,0.6685257,0.22792816,0.021362305,0.719786,-0.446472,1.25803,-1.32881,0.0267863,-1.3945,0.23648764,-0.41743302,0.90482736,0.6087861,-0.16928838,0.08259477,0.7706485,0.7695861,-0.580372,-1.0124465,1.0,0.0,0.0,0.0,0.0,0.0,0.0,-0.519786,0.096471995,-0.35803008,41.084053,-11.844039,-22.19373,2.491641,10.740399,-8.639905,-4.637741,46.76819,-14.457703,-21.591187,1.2207031,9.727478,-7.7056885,-5.540848
40.09151,36.592857,5.449917,-8.893869,-0.5284017,-2.695787,0.10956544,0.6598079,-0.7928805,-0.7085038,-0.5853442,0.55259633,-0.24256803,-0.40695027,1.4347337,-0.9831992,-1.4552085,-1.1748465,1.9651922,1.4415178,-0.8489178,1.3820872,-0.91906977,-1.3963878,-1.1278726,1.9173522,1.4673349,-0.8085022,1.381597,-1.524474,-1.2432255,-1.1394643,0.7585335,0.13880132,-0.03966736,1.3334274,-1.5158653,-1.2029648,-1.156044,0.7419586,0.15602112,-0.027942657,0.693365,-0.445768,1.22943,-1.32999,0.0319839,-1.4402,0.24497652,-0.42333987,0.8943226,0.6032435,-0.15996711,0.075625405,0.77768147,0.8794003,-0.5843031,-1.0690812,1.0,0.0,0.0,0.0,0.0,0.0,0.0,-0.493365,0.095768005,-0.32942998,19.315147,-3.459239,-16.127253,6.617594,6.5938115,-6.857881,-4.676092,24.94812,-5.5885315,-17.50946,5.378723,7.343292,-7.1907043,-4.930496
17.029299,51.821,15.00562,0.8968916,-0.37844807,-1.2813398,-0.16672292,0.685609,-0.78859526,-0.70935637,-0.610574,0.48989126,-0.08578763,-0.44083738,1.4506481,-0.9979293,-1.4673234,-1.18893,1.9663414,1.4587561,-0.8525859,1.3962722,-0.9341769,-1.4094551,-1.1389486,1.9250083,1.4684182,-0.8092518,1.4307911,-1.5059961,-1.328399,-1.0966074,0.7687286,0.09802627,-0.08646548,1.4184952,-1.5107155,-1.3067245,-1.1075974,0.76560974,0.1083374,-0.0749588,0.66686,-0.445007,1.19992,-1.30916,0.0359744,-1.48745,0.2540982,-0.42907858,0.88347644,0.597779,-0.15002848,0.0686827,0.78449625,0.9284779,-0.5585008,-1.0967481,1.0,0.0,0.0,0.0,0.0,0.0,0.0,-0.46686,0.095007,-0.29992008,4.925871,1.8811226,-8.672261,4.377246,1.2133002,-4.1346607,-4.5857577,8.506775,0.51498413,-10.375977,4.8446655,2.3651123,-4.7683716,-4.7016144
-2.0547647,58.58735,20.842697,9.912168,0.004769802,-0.20170704,-0.39425266,0.6742581,-0.7856752,-0.7084945,-0.57095176,0.41307536,0.005975366,-0.42654666,1.463698,-1.0127444,-1.4803045,-1.1960437,1.9663159,1.4690158,-0.8519065,1.4102454,-0.9489398,-1.4229076,-1.1495553,1.9323783,1.4692403,-0.8104143,1.3865145,-1.4663622,-1.3511751,-1.0488207,0.7266709,0.07650594,-0.12633584,1.3973236,-1.4762878,-1.345253,-1.0606766,0.7369995,0.082206726,-0.1162529,0.640745,-0.444452,1.16938,-1.31708,0.0440657,-1.53699,0.2633267,-0.4344969,0.87252796,0.5926316,-0.13987632,0.062095016,0.7908012,0.9266034,-0.5235804,-1.1015357,1.0,0.0,0.0,0.0,0.0,0.0,0.0,-0.440745,0.09445199,-0.26937997,-4.3271065,3.974104,-2.375555,4.7694445,-4.1088343,-2.2095368,-4.0354195,-2.117157,3.4427643,-3.8528442,4.6920776,-2.861023,-2.6130676,-4.12941
-7.454524,61.29003,23.362658,11.62342,-0.026982367,0.28403103,-0.3522584,0.6723247,-0.7847682,-0.7024567,-0.5747222,0.34406143,0.05986567,-0.35302797,1.4774779,-1.0274166,-1.4931532,-1.2070276,1.9667845,1.4752269,-0.84571713,1.4235454,-0.96331644,-1.4362876,-1.1598302,1.9390693,1.4699365,-0.8118725,1.3114579,-1.4279852,-1.3339494,-1.0206223,0.6501195,0.067094654,-0.15259682,1.3299942,-1.437664,-1.3380051,-1.0274887,0.6690979,0.069618225,-0.1458168,0.614578,-0.443824,1.1381,-1.32821,0.0505149,-1.57551,0.27240953,-0.43950117,0.8615824,0.5878168,-0.12975505,0.056024197,0.7965527,0.9071485,-0.48003003,-1.0993619,1.0,0.0,0.0,0.0,0.0,0.0,0.0,-0.41457802,0.093824,-0.23810005,-7.384968,3.8465738,1.6152382,2.783513,-7.587266,-0.9946525,-2.7117014,-6.7329407,3.862381,0.7247925,3.3187866,-6.790161,-1.2588501,-2.9563904
-13.437925,58.295,23.290337,15.198698,0.41081417,0.50196546,-0.385405,0.64604247,-0.7848049,-0.69866097,-0.51794237,0.32074448,-0.0034236251,-0.2657498,1.4881496,-1.0417969,-1.5061537,-1.2116245,1.9711437,1.4695941,-0.83844745,1.4360251,-0.9774003,-1.449372,-1.1696798,1.944982,1.4705182,-0.81348515,1.2272936,-1.4019469,-1.3002346,-0.9733113,0.5717069,0.054877914,-0.16438779,1.2479782,-1.4083862,-1.3084412,-0.98495483,0.5912781,0.058174133,-0.16126633,0.588617,-0.443139,1.10573,-1.29408,0.0345379,-1.62768,0.28118777,-0.4441661,0.85069543,0.58334816,-0.11976878,0.05043296,0.8017585,0.87229896,-0.4498471,-1.0919014,1.0,0.0,0.0,0.0,0.0,0.0,0.0,-0.38861704,0.09313899,-0.20573008,-8.304954,2.586341,3.3269167,4.699993,-7.8310847,-1.2885981,-1.2726873,-8.201599,2.9277802,2.9563904,4.2533875,-7.7819824,-1.1444092,-1.5449524
-15.440313,54.977734,22.576885,16.876427,0.6240499,0.6106236,-0.38970116,0.6213672,-0.7889628,-0.67945266,-0.46875027,0.23290126,0.04488429,-0.20549506,1.4981619,-1.0562966,-1.5173173,-1.2165548,1.9682722,1.4750067,-0.8340347,1.4477229,-0.9913459,-1.4620464,-1.1789132,1.9499888,1.4710256,-0.81513786,1.1510602,-1.3922124,-1.2566801,-0.9066561,0.476875,0.049170464,-0.16583252,1.1697769,-1.394558,-1.2674332,-0.9233475,0.500679,0.050735474,-0.16527176,0.5629,-0.442555,1.07243,-1.29038,0.0510007,-1.65676,0.289578,-0.44859585,0.8398856,0.5792357,-0.11001063,0.045262795,0.80643344,0.8314501,-0.4291418,-1.0835866,1.0,0.0,0.0,0.0,0.0,0.0,0.0,-0.36290002,0.09255502,-0.17243004,-7.533169,0.937438,4.347658,6.6564083,-9.505474,-0.64581263,-0.22443831,-7.8201294,1.3828278,4.1007996,6.160736,-9.059906,-0.74386597,-0.4005432
-14.757847,52.243004,21.308922,17.377392,0.6366671,0.545184,-0.38970095,0.60493994,-0.78841764,-0.67808765,-0.40707797,0.115110986,0.075341195,-0.11055286,1.5082169,-1.0701877,-1.5298551,-1.2196211,1.9614999,1.4785597,-0.82619315,1.4587951,-1.0052688,-1.4743564,-1.1872998,1.953857,1.47151,-0.8167162,1.0930544,-1.39251,-1.2223145,-0.81607735,0.3565292,0.047943525,-0.15541604,1.1072159,-1.392293,-1.2310028,-0.8386612,0.3868103,0.048446655,-0.1578331,0.537359,-0.441597,1.03827,-1.27578,0.0588655,-1.71633,0.2975861,-0.45286706,0.8291435,0.57549006,-0.10054696,0.040547095,0.8105908,0.79371583,-0.41527644,-1.0768914,1.0,0.0,0.0,0.0,0.0,0.0,0.0,-0.337359,0.09159702,-0.13827002,-5.7314396,-0.07829666,3.4591913,9.075916,-12.078643,-0.21395907,0.9774178,-6.2561035,0.22649765,3.643036,8.468628,-11.386871,-0.22888184,0.74386597
-19.982243,47.07627,19.153708,21.013441,1.0515645,0.5472198,-0.4774451,0.56431854,-0.79604465,-0.68209535,-0.30798098,0.031870656,0.06042313,0.06491288,1.515227,-1.0848733,-1.542566,-1.2180979,1.957044,1.4775524,-0.8102249,1.4693027,-1.0192688,-1.4864452,-1.1944772,1.9564586,1.4719774,-0.8180542,1.0369991,-1.4027336,-1.2039887,-0.68480927,0.22757913,0.04593492,-0.12681435,1.0507584,-1.3999939,-1.2088776,-0.7177353,0.26016235,0.04673004,-0.1338005,0.511318,-0.440786,1.00316,-1.27551,0.0446498,-1.77617,0.30516967,-0.4571473,0.8184597,0.5721977,-0.09140088,0.036296718,0.81419784,0.74929833,-0.42169338,-1.0709621,1.0,0.0,0.0,0.0,0.0,0.0,0.0,-0.31131804,0.09078601,-0.10316002,-5.5395365,-1.1027336,1.936841,13.17718,-13.010118,-0.32455102,2.799201,-5.645752,-0.770092,2.2125244,12.09259,-12.664795,-0.17166138,2.4032593
-29.78279,37.13504,14.45671,26.184568,1.5424867,0.54516417,-0.69210994,0.51061904,-0.8217295,-0.7139039,-0.1898217,-0.12893452,0.07028985,0.15245381,1.5203645,-1.1014417,-1.5578356,-1.2134594,1.9435651,1.4790063,-0.8028088,1.4791636,-1.0334995,-1.4985893,-1.2000066,1.9575229,1.4724313,-0.8190479,0.9694843,-1.430253,-1.2172694,-0.50862795,0.06519235,0.044597216,-0.09046926,0.98609924,-1.4230728,-1.2144089,-0.55294037,0.10643005,0.045394897,-0.099372864,0.485447,-0.439953,0.966999,-1.28625,0.044781,-1.81551,0.3122402,-0.4617016,0.8077628,0.5695914,-0.082552955,0.032595877,0.81712186,0.69557637,-0.4564738,-1.0744715,1.0,0.0,0.0,0.0,0.0,0.0,0.0,-0.285447,0.089953005,-0.06699902,-6.664753,-2.877307,-1.1215925,17.739761,-16.457289,-0.32038614,3.5709903,-6.465912,-2.3078918,-0.5531311,16.479492,-15.37323,-0.1335144,3.4427643
-35.235703,32.411194,11.621124,27.663755,1.7881889,0.52536535,-0.7523786,0.45204177,-0.82989126,-0.74203956,-0.12712696,-0.18099973,0.06799213,0.21694766,1.5243678,-1.1164886,-1.5727932,-1.2127193,1.9394228,1.4792305,-0.79735315,1.4882255,-1.0480239,-1.5110538,-1.2037946,1.9570689,1.47287,-0.81965446,0.8855369,-1.4604002,-1.2555631,-0.33496562,-0.08315128,0.04290641,-0.050836165,0.90618134,-1.452446,-1.2464523,-0.37879944,-0.045394897,0.04386902,-0.060653687,0.459629,-0.439146,0.929873,-1.28755,0.0417769,-1.86598,0.3187465,-0.46670768,0.7969574,0.56780684,-0.07390697,0.029475225,0.81930715,0.63820076,-0.5056526,-1.0878865,1.0,0.0,0.0,0.0,0.0,0.0,0.0,-0.259629,0.08914602,-0.029873013,-8.266187,-3.1622648,-3.5917997,17.551064,-15.116816,-0.39160475,3.9118536,-7.991791,-2.937317,-3.2043457,17.414093,-15.182495,-0.15258789,3.8719177
-49.440292,26.727833,8.903611,30.671213,2.4764466,0.83728087,-0.8119994,0.31048408,-0.8456066,-0.7582134,-0.11760003,-0.09341298,0.052658867,0.2048184,1.5192739,-1.1325846,-1.5868752,-1.2155546,1.9477277,1.4781358,-0.79917264,1.4959579,-1.062865,-1.5239627,-1.2062322,1.9557128,1.4732782,-0.81990814,0.7366722,-1.492622,-1.3018845,-0.21230349,-0.1545308,0.039356038,-0.017039975,0.77323914,-1.484108,-1.2908936,-0.24375916,-0.13561249,0.04081726,-0.025367737,0.434139,-0.438295,0.891832,-1.26683,0.0347018,-1.91579,0.32450846,-0.4723623,0.7859254,0.56692547,-0.06525857,0.026728613,0.82074505,0.5580271,-0.5759708,-1.1137575,1.0,0.0,0.0,0.0,0.0,0.0,0.0,-0.23413901,0.08829501,0.008167982,-14.665365,-3.402543,-4.380679,12.524456,-7.536508,-0.62880445,3.3387165,-13.29422,-3.1661987,-4.4441223,13.504028,-9.021759,-0.30517578,3.528595
-98.87347,15.285202,3.3292055,41.911407,3.5290508,2.1212788,-1.1494864,-0.11079956,-0.8467117,-0.78589267,-0.27343446,-0.16051018,-0.09441986,0.15525045,1.484878,-1.1475362,-1.602552,-1.2335756,1.9396617,1.4638362,-0.8043831,1.5004516,-1.0779617,-1.537379,-1.2086221,1.9537406,1.4735337,-0.81990623,0.3552121,-1.5162551,-1.3540117,-0.24650443,-0.21401872,0.019423382,0.00552239,0.44937134,-1.5096664,-1.341629,-0.23899078,-0.19721985,0.025558472,0.00019073486,0.408922,-0.437297,0.852988,-1.34588,0.0209153,-1.94697,0.32890582,-0.47893965,0.77444607,0.5672874,-0.05624683,0.02446622,0.8212324,0.4023134,-0.6758821,-1.1649724,1.0,0.0,0.0,0.0,0.0,0.0,0.0,-0.20892198,0.08729699,0.04701197,-37.651527,-2.6435614,-4.93412,-3.012857,-6.728238,-2.456432,2.1194994,-32.38678,-2.5558472,-5.0735474,0.47683716,-6.160736,-1.5258789,2.5558472
-139.99817,11.42581,1.2010067,45.41524,4.4964857,3.4686503,-1.1150894,-0.5642194,-0.82904166,-0.77535564,-0.6322955,0.1883453,-0.2732106,-0.12361843,1.4440296,-1.1608659,-1.6149145,-1.2718517,1.9725751,1.4462126,-0.83226806,1.4993663,-1.0931346,-1.551152,-1.2133771,1.9523845,1.4734441,-0.81991863,-0.260373,-1.5189722,-1.3843554,-0.54978365,-0.11373999,-0.021048294,-0.0036693462,-0.10852814,-1.5172958,-1.3772964,-0.475502,-0.13561249,-0.008964539,-0.0012397766,0.383455,-0.436432,0.813229,-1.27083,0.040859,-1.99879,0.33120963,-0.48658144,0.76225984,0.5689724,-0.046297427,0.022412946,0.8207463,0.17369343,-0.7850324,-1.2423052,1.0,0.0,0.0,0.0,0.0,0.0,0.0,-0.183455,0.08643201,0.08677095,-60.791367,-0.67236423,-2.7926683,-29.672886,8.740952,-4.8217263,-0.9632135,-55.789948,-0.76293945,-3.566742,-23.651123,6.160736,-3.452301,-0.14305115
-123.91697,40.476265,16.541458,42.78328,4.8317337,4.2243905,-0.954463,-0.6148048,-0.7610689,-0.681059,-0.5657974,0.5775996,0.36369097,-0.54647017,1.4378858,-1.1692415,-1.6192579,-1.2699568,2.0101445,1.5098132,-0.87456566,1.4927325,-1.107949,-1.5646522,-1.2208692,1.9533324,1.4734422,-0.82035446,-0.7955754,-1.4703195,-1.3379824,-0.81378496,0.16033502,0.004253168,-0.05634146,-0.66337585,-1.4814377,-1.3500214,-0.74920654,0.09479523,-0.00019073486,-0.043582916,0.357773,-0.435567,0.772475,-1.29202,0.04251,-2.05255,0.33112204,-0.4951174,0.74973315,0.5717718,-0.035764392,0.019654274,0.8193971,-0.072065,-0.8684777,-1.261656,0.0,1.0,0.0,0.0,0.0,0.0,0.0,-0.157773,0.085567,0.12752497,-52.88978,4.4593573,4.8802137,-25.807213,26.204428,1.74537,-5.087847,-55.48477,3.5858154,2.7275085,-27.370453,23.040771,0.8773804,-4.234314
-87.600105,52.92181,22.538412,31.544172,3.6518278,3.5776978,-0.64136916,-0.6663741,-0.7774707,-0.66087717,-0.5881293,0.5139893,0.32006553,-0.614266,1.4260951,-1.1856961,-1.6307399,-1.2796822,2.0047314,1.5054487,-0.88178104,1.4819252,-1.1222982,-1.5778639,-1.2305828,1.955886,1.4747723,-0.82073355,-1.1731408,-1.4254092,-1.2993824,-1.0184019,0.3177541,0.13729864,-0.051054724,-1.0807276,-1.4349222,-1.3211727,-0.971365,0.25535822,0.13301373,-0.037908554,0.332308,-0.434479,0.730939,-1.36802,0.0199527,-2.10164,0.32893527,-0.50401807,0.7370124,0.5751314,-0.025501998,0.016256947,0.81750184,-0.27212474,-0.8953936,-1.2743229,0.0,1.0,0.0,0.0,0.0,0.0,0.0,-0.13230799,0.084479004,0.169061,-36.943794,3.9305687,7.06439,-18.96037,22.631752,1.3939053,-5.9336157,-41.735172,4.6515465,2.8848648,-22.215843,16.0563,13.320446,0.5674362
-52.86684,57.82278,23.981142,21.39584,2.0018737,2.5855026,-0.47623542,-0.71856743,-0.7827655,-0.6779947,-0.5794068,0.27003446,0.23333408,-0.5785978,1.7802359,-1.0646509,-1.8151424,-1.1170107,1.9373155,1.1170107,-0.91629785,1.7802359,-1.0646509,-1.8151424,-1.1170107,1.9373155,1.1170107,-0.91629785,0.0,0.0,0.0,0.0,0.0,0.0,0.0,0.0,0.0,0.0,0.0,0.0,0.0,0.0,2.99118,-0.473236,0.410064,-1.55184,-0.028348,1.65673,0.5304168,-0.45449507,0.693097,0.5745483,0.17512383,0.15255436,0.7848268,0.0,0.0,0.0,1.0,0.0,0.0,0.0,0.0,0.0,0.0,-2.79118,0.123236,0.48993596,0.0,0.0,0.0,0.0,0.0,0.0,0.0,0.0,0.0,0.0,0.0,0.0,0.0,0.0
139.96146,74.43819,50.755417,-34.333378,-3.5797167,1.028457,1.6855471,0.6499006,-0.26816425,0.5914379,0.104890004,-0.5186238,0.63310605,0.11343427,1.8452259,-1.0914673,-1.7559986,-1.1065217,1.8854531,1.1803213,-0.90495443,1.7832819,-1.0659117,-1.8123634,-1.1165148,1.9357495,1.1174799,-0.91621107,0.40638843,-0.16828056,0.3709466,0.06625781,-0.2093926,0.062019773,0.011714956,0.30460358,-0.12607574,0.2779007,0.049591064,-0.15659332,0.046920776,0.008678436,2.96012,-0.473401,0.445307,-1.5455,0.000444055,1.79027,0.5315779,-0.45271114,0.69354016,0.57310927,0.17391485,0.15220928,0.7862135,0.15498678,0.2380443,0.05909901,1.0,0.0,0.0,0.0,0.0,0.0,0.0,-2.76012,0.123401016,0.454693,40.65891,-16.895872,37.224434,6.695944,-21.133562,6.0729156,1.208661,30.460358,-12.607574,27.79007,4.9591064,-15.659332,4.6920776,0.8678436
158.4,66.49507,43.270542,-62.534702,-7.0757794,-0.92729443,2.0020814,0.6952545,-0.14078139,0.23695062,-0.31458044,-0.6482943,0.665273,0.21585861,1.8528074,-1.0799898,-1.7886683,-1.1479728,1.8709201,1.1840072,-0.8946252,1.7897192,-1.0683893,-1.8065403,-1.1183668,1.9313779,1.1173044,-0.9164123,0.7233021,-0.2751382,0.6536234,-0.26810062,-0.514531,-0.046243645,-0.030189108,0.64373016,-0.24776459,0.58231354,-0.18520355,-0.4371643,-0.017547607,-0.020122528,2.92869,-0.472754,0.483086,-1.57659,0.039041,1.91779,0.5347037,-0.44772795,0.6937378,0.5691735,0.17215481,0.152705,0.7893575,0.36474124,0.5850803,0.0066949753,1.0,0.0,0.0,0.0,0.0,0.0,0.0,-2.72869,0.12275401,0.416914,31.81244,-10.907134,28.487074,-33.15463,-30.957508,-11.428468,-4.0329356,33.91266,-12.168884,30.441284,-23.479462,-28.057098,-6.4468384,-2.8800964
147.59308,58.366493,34.55633,-57.49652,-6.451025,-1.1711351,1.8051655,0.7293828,-0.16597743,0.24040435,-0.38680324,-0.5923021,0.5732872,0.21414632,1.8626575,-1.084987,-1.7824998,-1.1570472,1.8721477,1.1746331,-0.89499766,1.7995821,-1.0715994,-1.7995975,-1.1229655,1.9247575,1.1171786,-0.91655344,1.074617,-0.33736837,0.70838004,-0.5222441,-0.71292114,-0.0042899344,-0.0077876165,0.98629,-0.32100677,0.6942749,-0.45986176,-0.6620407,-0.012588501,-0.01411438,2.89656,-0.471439,0.524253,-1.65694,0.085181,2.13084,0.5397794,-0.43957096,0.69323266,0.56271607,0.17010005,0.15440495,0.7940879,0.5527312,0.89330214,-0.0692448,1.0,0.0,0.0,0.0,0.0,0.0,0.0,-2.69656,0.12143901,0.37574697,35.33801,-6.487685,5.6586146,-24.918652,-20.37568,3.319892,2.5100422,34.25598,-7.3242188,11.196136,-27.46582,-22.48764,0.49591064,0.6008148
99.154854,60.53834,31.608568,-32.81795,-3.6766005,0.0097518265,1.2298577,0.7661432,-0.2194753,0.40652055,-0.31536472,-0.5373705,0.5369991,0.076668635,1.8761964,-1.0935469,-1.7589455,-1.1545019,1.8710204,1.1708784,-0.90888655,1.8122412,-1.0753587,-1.792136,-1.1291548,1.9169145,1.1175238,-0.916542,1.3303832,-0.38947093,0.7585539,-0.6497128,-0.8096465,0.045366354,0.005131685,1.2659073,-0.37593842,0.7461548,-0.61893463,-0.78430176,0.03452301,0.0011444092,2.86496,-0.470433,0.566594,-1.62275,0.0323027,2.15153,0.54613394,-0.42911386,0.69226485,0.55440414,0.1676549,0.15673439,0.79997635,0.6576488,1.0987264,-0.10505241,1.0,0.0,0.0,0.0,0.0,0.0,0.0,-2.66496,0.120433,0.33340597,25.800491,-5.377942,5.014813,-12.266898,-10.100925,4.3218656,1.6120555,27.961731,-5.493164,5.1879883,-15.907288,-12.226105,4.711151,1.5258789
48.55261,72.02,31.203674,-7.3810177,-1.3495685,1.3859264,0.47608322,0.7722005,-0.16797706,0.41792467,-0.30438176,-0.55045587,0.566554,-0.00047063403,1.8894613,-1.0921564,-1.7503434,-1.159593,1.8618689,1.1741792,-0.9165891,1.8265845,-1.0791982,-1.7844226,-1.1358553,1.908545,1.118405,-0.91646856,1.469593,-0.38226467,0.77502763,-0.6754339,-0.84691584,0.102015905,0.009235151,1.4343262,-0.38394928,0.7713318,-0.6700516,-0.8369446,0.08811951,0.0073432922,2.83441,-0.470127,0.610075,-1.51989,0.00489354,2.18993,0.5529539,-0.4173054,0.6912904,0.5451454,0.16469043,0.15930568,0.80642116,0.6818484,1.2115266,-0.093398936,1.0,0.0,0.0,0.0,0.0,0.0,0.0,-2.63441,0.12012699,0.28992498,14.10048,0.70141554,1.4811039,-2.2171497,-3.9846897,5.4962354,0.7218945,16.841888,-0.8010864,2.5177002,-5.1116943,-5.264282,5.3596497,0.6198883
-0.23338568,42.483665,13.335712,10.482862,0.84811306,0.8879034,-0.074270934,0.7782398,-0.27929854,0.30645227,-0.26294804,-0.52765703,0.5628475,-0.03241352,1.9044085,-1.1071281,-1.7537774,-1.1621501,1.8557793,1.1746898,-0.9197099,1.8416048,-1.0833391,-1.7772014,-1.1422144,1.9001355,1.1198202,-0.91640276,1.5129333,-0.42475894,0.70426303,-0.6223838,-0.83911324,0.1552033,0.0061713373,1.502037,-0.4140854,0.7221222,-0.63591003,-0.84095,0.14152527,0.006580353,2.80525,-0.470398,0.653683,-1.45161,-0.0151068,2.18375,0.5597135,-0.40529236,0.6901286,0.53574204,0.16154054,0.16179869,0.81283844,0.66437364,1.2016722,-0.12233481,1.0,0.0,0.0,0.0,0.0,0.0,0.0,-2.60525,0.120398015,0.24631697,4.3359756,-4.2037306,-7.1837664,5.379987,0.69328547,5.502805,-0.17143124,6.7710876,-3.0136108,-4.9209595,3.414154,-0.4005432,5.340576,-0.076293945
-33.55023,28.294567,4.0621,25.21893,2.4125755,0.7693975,-0.5079709,0.7742575,-0.32070595,0.25146025,-0.15453881,-0.5603489,0.5617972,0.08741693,1.9190305,-1.1154097,-1.7520554,-1.1576684,1.8441006,1.176,-0.9076611,1.8565928,-1.088077,-1.7710102,-1.14741,1.8918233,1.1217238,-0.9162883,1.4937195,-0.48982793,0.59064645,-0.485445,-0.82857996,0.20353535,0.013325522,1.4987946,-0.4737854,0.61912537,-0.51956177,-0.83122253,0.1903534,0.011444092,2.77507,-0.470486,0.697374,-1.46203,-0.0120252,2.19318,0.56611687,-0.3940148,0.6886019,0.5268211,0.15848276,0.16400847,0.8188064,0.6227134,1.1069322,-0.16122146,1.0,0.0,0.0,0.0,0.0,0.0,0.0,-2.57507,0.12048599,0.20262599,-2.031064,-6.411028,-11.436426,13.593203,1.07373,5.2933784,0.7595325,-0.32424927,-5.970001,-10.299683,11.634827,0.9727478,4.8828125,0.4863739
-38.229305,34.624268,7.5189753,27.7977,2.704537,1.2097521,-0.4594946,0.7624375,-0.32397678,0.30450308,-0.15549709,-0.55808395,0.556389,0.18965152,1.9328365,-1.1204746,-1.7405598,-1.1629597,1.8360149,1.1773627,-0.8973232,1.8711573,-1.0934004,-1.7655799,-1.1513277,1.8836312,1.1240507,-0.9160232,1.4437737,-0.5463062,0.52693546,-0.36088118,-0.81582457,0.24415554,0.03110208,1.4564514,-0.532341,0.54302216,-0.3917694,-0.81920624,0.23269653,0.026512146,2.74539,-0.470664,0.740822,-1.50938,-0.00913143,2.17543,0.57203287,-0.3837079,0.6868313,0.51851714,0.15550828,0.16580498,0.82429713,0.57283854,1.0086901,-0.18113303,1.0,0.0,0.0,0.0,0.0,0.0,0.0,-2.54539,0.120664,0.15917796,-5.0687313,-5.5431604,-6.493485,12.373346,1.3164878,4.5527577,1.8437936,-4.234314,-5.8555603,-7.610321,12.779236,1.2016296,4.234314,1.5068054
-33.086815,39.783875,10.742151,25.515265,2.4536567,1.3358593,-0.35421547,0.7564361,-0.34409472,0.2966118,-0.13329017,-0.5716976,0.5594779,0.22337058,1.946801,-1.1278099,-1.7359188,-1.1646568,1.8264614,1.1799985,-0.8936861,1.8852049,-1.0992292,-1.7605522,-1.1542002,1.8755059,1.1267325,-0.91555876,1.3916203,-0.59462774,0.49424756,-0.26264995,-0.81147665,0.27757934,0.051898524,1.4047623,-0.58288574,0.5027771,-0.2872467,-0.8125305,0.26817322,0.04644394,2.716,-0.470582,0.782713,-1.47281,-0.00455976,2.08559,0.5774749,-0.37425774,0.6849265,0.5107273,0.15256366,0.16717911,0.8294173,0.5276853,0.92670846,-0.19256084,1.0,0.0,0.0,0.0,0.0,0.0,0.0,-2.516,0.120582014,0.11728698,-5.248642,-4.743874,-3.4008503,9.791433,0.45331717,3.7664056,2.171848,-5.168915,-5.054474,-4.0245056,10.4522705,0.667572,3.5476685,1.9931793
-17.64173,30.228685,7.6860504,14.306841,1.52657,0.63744146,-0.029022412,0.7624485,-0.4227923,0.25639525,-0.19749941,-0.58756906,0.57029706,0.18396866,1.9614497,-1.1415085,-1.7349126,-1.1739502,1.816749,1.1837622,-0.8971619,1.8988711,-1.1057581,-1.7558391,-1.1567236,1.8673482,1.1297022,-0.91493124,1.3582872,-0.6721859,0.46343985,-0.24861118,-0.8171553,0.30387414,0.0667128,1.3666153,-0.65288544,0.47130585,-0.25234222,-0.815773,0.29697418,0.06275177,2.68598,-0.470433,0.824225,-1.51858,0.0133663,2.07472,0.58263695,-0.36535653,0.6826445,0.5031114,0.14980312,0.1682372,0.8343465,0.5064905,0.880458,-0.23932259,1.0,0.0,0.0,0.0,0.0,0.0,0.0,-2.48598,0.120433,0.07577497,-3.3422947,-7.7221155,-3.1750083,1.4390111,-0.5794406,2.8254867,1.5749917,-3.8146973,-6.9999695,-3.1471252,3.490448,-0.32424927,2.8800964,1.6307831
3.4530544,48.414295,18.128979,3.9844618,0.42144346,1.1604067,0.34150648,0.7504524,-0.39375922,0.34401032,-0.29977575,-0.57758975,0.5609592,0.16627288,1.9739163,-1.145134,-1.721438,-1.1867012,1.8095893,1.1857982,-0.8983039,1.9122874,-1.1127943,-1.75092,-1.1598555,1.8591466,1.1328818,-0.9141864,1.336424,-0.714138,0.5008664,-0.33407608,-0.8213214,0.32274196,0.0775505,1.341629,-0.7036209,0.4919052,-0.31318665,-0.8201599,0.31795502,0.074481964,2.65628,-0.47045,0.864216,-1.4622,-0.00843406,1.99523,0.58760566,-0.3563953,0.68007016,0.4951906,0.14714041,0.16908315,0.8393729,0.48829907,0.90372336,-0.2627741,1.0,0.0,0.0,0.0,0.0,0.0,0.0,-2.45628,0.12045002,0.035783947,-2.1077156,-4.1846395,3.5873294,-8.411276,-0.48795938,1.929605,1.2346313,-2.4986267,-5.0735474,2.0599365,-6.084442,-0.4386902,2.0980835,1.1730194
11.229689,49.654114,19.4436,0.013453245,0.07179837,1.0931729,0.44906837,0.7546067,-0.43543825,0.33774468,-0.31274435,-0.575916,0.5622165,0.13667665,1.987748,-1.1563381,-1.7171456,-1.1911299,1.801555,1.1891034,-0.9005188,1.9256064,-1.1202615,-1.7455757,-1.1639906,1.8509145,1.1362177,-0.913372,1.3307142,-0.7577298,0.5452187,-0.43947655,-0.8240795,0.3371875,0.083355136,1.3319016,-0.746727,0.5344391,-0.41351318,-0.82321167,0.33359528,0.08144379,2.62675,-0.470392,0.903462,-1.47891,0.00436306,1.94952,0.5924294,-0.34706688,0.677251,0.48673126,0.14453092,0.16975649,0.84462196,0.474748,0.9448989,-0.28745827,1.0,0.0,0.0,0.0,0.0,0.0,0.0,-2.42675,0.120391995,-0.0034620166,-0.47192574,-4.357803,4.26296,-10.366535,-0.36313534,1.4358163,0.7562876,-0.9727478,-4.310608,4.2533875,-10.032654,-0.30517578,1.5640259,0.69618225
9.88842,43.091167,16.026363,0.7663562,0.19669388,0.74311227,0.3600113,0.76380426,-0.4858436,0.29618254,-0.29813245,-0.57496,0.56327456,0.102571405,2.0019867,-1.1688459,-1.7159574,-1.1938039,1.7934185,1.1925452,-0.90311486,1.9389769,-1.1282705,-1.7400348,-1.1689535,1.8426671,1.1396776,-0.9125375,1.3392845,-0.8150919,0.5566249,-0.51442736,-0.8252471,0.34889865,0.08406946,1.3370514,-0.8008957,0.5540848,-0.4962921,-0.82473755,0.34599304,0.0834465,2.59733,-0.470299,0.941733,-1.47028,0.00867248,1.90343,0.5971674,-0.337426,0.67408913,0.47777793,0.14205806,0.17026961,0.8500329,0.4672182,0.97282225,-0.32439443,1.0,0.0,0.0,0.0,0.0,0.0,0.0,-2.39733,0.12029901,-0.041733027,0.93472004,-5.737436,0.9927392,-7.31979,-0.20509958,1.1721253,0.24893135,0.51498413,-5.41687,1.9645691,-8.277893,-0.15258789,1.2397766,0.2002716
-1.5483873,43.16525,15.083317,9.262043,0.96580833,0.815536,0.04087788,0.76269233,-0.5009201,0.2736883,-0.20442867,-0.571607,0.57638454,0.12509376,2.0152462,-1.1783625,-1.712666,-1.1893964,1.7855064,1.197316,-0.9000281,1.9524504,-1.1368078,-1.7345951,-1.1739622,1.8344235,1.1432558,-0.91168684,1.3501633,-0.8665116,0.5393695,-0.49606904,-0.8241998,0.36129966,0.08604896,1.3473511,-0.85372925,0.54397583,-0.50086975,-0.8243561,0.3578186,0.08506775,2.56795,-0.470281,0.978987,-1.4689,0.00537932,1.85344,0.6018038,-0.32780206,0.67064995,0.4686715,0.13971503,0.17057881,0.8554118,0.45580852,0.96141136,-0.3489509,1.0,0.0,0.0,0.0,0.0,0.0,0.0,-2.36795,0.12028101,-0.078987,1.1253595,-5.115533,-1.8447161,1.9737184,0.019454956,1.3976574,0.37842542,1.0299683,-5.2833557,-1.0108948,-0.45776367,0.038146973,1.1825562,0.16212463
-18.69064,35.19685,9.271219,19.210743,1.8777945,0.488658,-0.35330704,0.7544735,-0.535171,0.17775244,-0.08966695,-0.5745739,0.57433784,0.19657527,2.0278978,-1.1903249,-1.7168198,-1.1829289,1.7769661,1.2006896,-0.8920293,1.9659773,-1.1458753,-1.7298267,-1.1780363,1.8261876,1.1469504,-0.9107656,1.3534263,-0.92020833,0.45604023,-0.37756068,-0.8237018,0.37322652,0.094559394,1.3526917,-0.90675354,0.47683716,-0.40740967,-0.82359314,0.36945343,0.09212494,2.5386,-0.470276,1.01531,-1.46716,0.000920892,1.80531,0.60635114,-0.31871194,0.66690737,0.45989966,0.13758917,0.17069134,0.86048,0.4478483,0.8940152,-0.3811942,1.0,0.0,0.0,0.0,0.0,0.0,0.0,-2.3386,0.120276004,-0.11531007,0.29613972,-5.3262234,-8.375973,11.933815,-0.013399124,1.4967918,0.99787414,0.5340576,-5.302429,-6.713867,9.346008,0.076293945,1.1634827,0.705719
-28.856169,36.285797,9.257509,26.125044,2.5242016,0.6173322,-0.58447266,0.7436656,-0.55560464,0.16501103,0.008425611,-0.57303494,0.58675593,0.22013503,2.0403438,-1.2014358,-1.7133256,-1.1771938,1.7688841,1.205626,-0.8887521,1.9794585,-1.1554388,-1.7259223,-1.1804549,1.8179593,1.150767,-0.90974325,1.3462079,-0.96809715,0.36857373,-0.19629523,-0.82267857,0.38573852,0.10524603,1.348114,-0.9563446,0.39043427,-0.2418518,-0.8228302,0.38166046,0.10223389,2.50927,-0.470157,1.05059,-1.46494,0.00708699,1.75271,0.61080194,-0.31052843,0.6629318,0.45183194,0.1356777,0.17056094,0.8650713,0.43847752,0.79572284,-0.40181753,1.0,0.0,0.0,0.0,0.0,0.0,0.0,-2.30927,0.120157,-0.15059006,-0.7639885,-4.736638,-8.761233,18.19449,0.04155636,1.654613,1.2152076,-0.45776367,-4.9591064,-8.640289,16.555786,0.076293945,1.2207031,1.0108948
-55.228516,17.994858,-2.974976,41.486565,3.8781245,-0.26155263,-1.2674334,0.74012095,-0.60818964,-0.07015969,0.32732105,-0.6009809,0.6069413,0.22306626,2.0534706,-1.2162577,-1.7329383,-1.1477227,1.7578613,1.2114611,-0.8874366,1.9928347,-1.1655878,-1.7238128,-1.1798121,1.8096604,1.154719,-0.9086217,1.3342656,-1.0302469,0.15874313,0.15145029,-0.83231086,0.400279,0.11488044,1.3376236,-1.0149002,0.21095276,0.06427765,-0.8298874,0.39520264,0.1121521,2.48006,-0.469846,1.08494,-1.45533,0.022921,1.70602,0.6152841,-0.30400726,0.6585463,0.44522014,0.1341744,0.17027898,0.8687815,0.4470986,0.6069635,-0.4502185,1.0,0.0,0.0,0.0,0.0,0.0,0.0,-2.28006,0.119846016,-0.18493998,-1.3002634,-6.1580777,-20.886192,34.831123,-0.9496808,2.0209312,1.0661409,-1.0490417,-5.8555603,-17.94815,30.612946,-0.705719,1.3542175,0.9918213
-81.77713,-0.6301861,-15.589973,53.411198,4.9154906,-1.1044893,-1.782666,0.68194157,-0.6516845,-0.30045512,0.57045627,-0.6074769,0.6378194,0.2780643,2.061029,-1.2307563,-1.7538583,-1.1227665,1.7489127,1.218501,-0.88081527,2.0058315,-1.176433,-1.724654,-1.1749808,1.8012528,1.1588312,-0.90737337,1.288045,-1.1022866,-0.16489942,0.59418553,-0.84290165,0.41702366,0.12831908,1.2996793,-1.0845184,-0.084114075,0.4831314,-0.8407593,0.41122437,0.12483597,2.45084,-0.469708,1.11826,-1.46012,0.0100464,1.65215,0.619937,-0.2999363,0.6533915,0.44080043,0.13341418,0.17004696,0.87119436,0.46905008,0.34382397,-0.53791267,1.0,0.0,0.0,0.0,0.0,0.0,0.0,-2.25084,0.119708,-0.21826005,-4.679823,-7.152915,-32.280437,44.428696,-0.86005926,2.3224592,1.401791,-3.7944317,-6.9618225,-29.506683,41.885376,-1.0871887,1.6021729,1.2683868
-112.16537,-13.660776,-24.132252,63.262264,5.88399,-1.2355762,-2.0411086,0.5369974,-0.70506114,-0.45619062,0.7496619,-0.5958047,0.6593946,0.40638396,2.0595312,-1.2469391,-1.770273,-1.1000146,1.7416724,1.2247707,-0.866735,2.017722,-1.1880964,-1.7289989,-1.1656786,1.7927995,1.1631132,-0.90590566,1.1566472,-1.1873609,-0.52433705,1.0435044,-0.84478456,0.43415308,0.15305556,1.1890411,-1.1663437,-0.43449402,0.9302139,-0.8453369,0.42819977,0.14677048,2.42173,-0.469566,1.15061,-1.45826,0.00936985,1.60313,0.6247014,-0.29895037,0.64716464,0.4390192,0.13369867,0.16996695,0.8720654,0.47837982,0.021140434,-0.6529989,1.0,0.0,0.0,0.0,0.0,0.0,0.0,-2.22173,0.11956599,-0.25061,-13.023233,-8.472633,-35.98976,45.26094,0.21634102,2.3703456,2.493927,-11.063814,-8.182526,-35.037994,44.708252,-0.45776367,1.6975403,2.193451
-98.064285,-1.7211173,-16.748669,52.615547,4.9055977,-0.7149973,-1.5751797,0.48844206,-0.7179124,-0.4912639,0.7764756,-0.5643883,0.6704264,0.45822933,2.066566,-1.2598877,-1.7781253,-1.088031,1.7363607,1.2301558,-0.86008275,2.028178,-1.2004904,-1.7363269,-1.1528498,1.7844396,1.167544,-0.90416235,1.009538,-1.2568725,-0.8026236,1.3642122,-0.8320171,0.44718254,0.18161744,1.0456085,-1.2393951,-0.73280334,1.2828827,-0.8359909,0.4430771,0.17433167,2.39267,-0.469401,1.18193,-1.44858,0.0118226,1.55423,0.62944376,-0.3007427,0.6398835,0.4395058,0.13500406,0.17005889,0.8716011,0.473247,-0.24071844,-0.75704145,1.0,0.0,0.0,0.0,0.0,0.0,0.0,-2.1926699,0.11940101,-0.28192997,-14.4587755,-6.9927216,-27.896929,32.52418,1.584661,1.6602576,2.891624,-14.343262,-7.3051453,-29.830933,35.266876,0.93460083,1.4877319,2.7561188
