pos_X,pos_Y,pos_Z
0.317249,-0.330925,0.906604
0.317249,-0.330925,0.906604
0.317249,-0.330925,0.906604
0.317251,-0.330921,0.906606
0.317229,-0.330954,0.90656
0.317129,-0.331095,0.906334
0.317003,-0.331223,0.906073
0.316976,-0.331207,0.905987
0.317129,-0.331031,0.906218
0.317472,-0.330713,0.90685
0.318002,-0.330192,0.908012
0.318675,-0.329416,0.909773
0.319308,-0.328481,0.912071
0.319784,-0.327455,0.914802
0.320181,-0.32626,0.917876
0.320509,-0.324952,0.921095
0.3209,-0.323445,0.924347
0.321438,-0.321601,0.92771
0.322035,-0.31959,0.931023
0.322678,-0.317467,0.934216
0.323262,-0.315256,0.937434
0.323718,-0.313056,0.940648
0.324146,-0.310836,0.943753
0.324548,-0.308579,0.946791
0.324913,-0.306301,0.949759
0.325299,-0.303993,0.95261
0.325564,-0.301828,0.955316
0.325587,-0.299885,0.957994
0.325539,-0.297992,0.960615
0.325542,-0.296017,0.963158
0.325416,-0.29413,0.9657
0.324989,-0.292539,0.968244
0.324409,-0.291099,0.970766
0.323822,-0.289631,0.973268
0.323177,-0.288163,0.975791
0.322346,-0.286852,0.978339
0.321355,-0.285752,0.980816
0.320288,-0.284771,0.983236
0.31911,-0.283916,0.985633
0.317808,-0.283202,0.988005
0.316425,-0.282651,0.990273
0.315033,-0.282194,0.992435
0.313582,-0.281808,0.994579
0.312019,-0.281571,0.996691
0.310341,-0.281539,0.99872
0.308663,-0.281574,1.00067
0.306982,-0.2816,1.0026
0.305212,-0.281703,1.00455
0.303302,-0.281991,1.00647
0.301341,-0.282362,1.00835
0.299354,-0.282713,1.01025
0.297258,-0.283118,1.01218
0.294992,-0.283655,1.01417
0.292647,-0.284242,1.01618
0.290328,-0.28476,1.01818
0.287978,-0.285293,1.02017
0.285541,-0.285892,1.02219
0.282985,-0.286596,1.02421
0.28033,-0.287411,1.02621
0.277686,-0.288249,1.02817
0.275088,-0.289028,1.03009
0.272389,-0.289857,1.03205
0.269552,-0.290879,1.03395
0.266706,-0.291942,1.03581
0.263965,-0.292878,1.03762
0.261187,-0.29381,1.03944
0.258276,-0.294906,1.04124
0.255363,-0.296058,1.04296
0.252566,-0.297087,1.04464
0.249787,-0.298083,1.0463
0.246911,-0.299176,1.04794
0.244006,-0.300293,1.04957
0.241192,-0.301292,1.05119
0.238408,-0.30227,1.05277
0.235568,-0.303308,1.05433
0.232697,-0.304331,1.05591
0.229887,-0.305232,1.05752
0.227107,-0.306101,1.0591
0.224274,-0.307072,1.06062
0.221361,-0.308105,1.06215
0.218505,-0.308996,1.06371
0.215762,-0.309737,1.06528
0.213052,-0.310501,1.06679
0.210324,-0.311323,1.06825
0.207596,-0.312121,1.06971
0.204936,-0.31282,1.07118
0.202377,-0.313458,1.07259
0.199891,-0.314095,1.07393
0.197426,-0.314748,1.07524
0.194989,-0.315356,1.07653
0.192574,-0.31592,1.07782
0.190239,-0.31647,1.07904
0.187994,-0.316985,1.0802
0.185829,-0.317443,1.08132
0.183699,-0.317853,1.08243
0.181611,-0.31821,1.08353
0.17953,-0.318607,1.08457
0.177492,-0.319062,1.08553
0.175559,-0.319477,1.08642
0.17376,-0.319805,1.08727
0.172139,-0.320096,1.08802
0.170731,-0.320439,1.08857
0.169512,-0.320887,1.08892
0.168512,-0.321442,1.08901
0.167738,-0.322117,1.08885
0.167155,-0.322919,1.08843
0.166737,-0.323784,1.08781
0.166464,-0.32465,1.08703
0.166275,-0.325462,1.08617
0.16607,-0.326266,1.08526
0.165687,-0.327131,1.08437
0.165052,-0.328038,1.08357
0.164361,-0.328947,1.08277
0.163735,-0.329827,1.08195
0.163123,-0.330727,1.08113
0.162518,-0.331682,1.0803
0.162056,-0.332627,1.07941
0.16185,-0.333476,1.07846
0.161886,-0.334291,1.07741
0.162014,-0.335159,1.07626
0.162119,-0.336095,1.07508
0.162148,-0.337043,1.07393
0.162204,-0.337966,1.07275
0.162299,-0.338827,1.07157
0.16237,-0.339651,1.07041
0.162321,-0.340496,1.06929
0.162255,-0.341391,1.06812
0.162203,-0.342325,1.06688
0.162132,-0.343217,1.06566
0.161978,-0.343995,1.06457
0.161768,-0.344727,1.06352
0.161506,-0.345468,1.06247
0.161218,-0.346192,1.06144
0.160929,-0.346859,1.06045
0.160643,-0.347418,1.05953
0.160431,-0.347875,1.05863
0.160293,-0.348253,1.05774
0.160217,-0.348627,1.0568
0.160066,-0.349066,1.05586
0.159831,-0.349558,1.05493
0.159608,-0.350059,1.05398
0.159457,-0.35055,1.05299
0.159337,-0.351038,1.05197
0.159196,-0.351514,1.05098
0.159071,-0.351946,1.05001
0.159026,-0.352326,1.04902
0.159039,-0.352684,1.04801
0.159024,-0.35304,1.04701
0.158924,-0.353409,1.04604
0.158802,-0.353754,1.04507
0.158697,-0.354049,1.04411
0.158574,-0.354333,1.04315
0.158351,-0.354639,1.04223
0.15805,-0.354963,1.04135
0.157806,-0.355216,1.04047
0.15767,-0.355352,1.03961
0.157579,-0.355416,1.03877
0.157413,-0.355495,1.03797
0.157127,-0.355628,1.03721
0.15683,-0.355808,1.03642
0.156564,-0.355987,1.03561
0.156317,-0.356129,1.03482
0.156023,-0.356264,1.03409
0.15568,-0.356408,1.0334
0.155369,-0.356551,1.03269
0.155079,-0.356671,1.03201
0.154728,-0.356796,1.03137
0.154217,-0.356937,1.03087
0.15353,-0.357063,1.03053
0.152807,-0.357137,1.03028
0.152107,-0.357156,1.03011
0.15129,-0.357168,1.03006
0.150378,-0.357201,1.0301
0.149456,-0.357242,1.03017
0.148557,-0.357239,1.03028
0.147627,-0.357202,1.03045
0.146602,-0.357153,1.03068
0.145504,-0.357115,1.03095
0.144383,-0.357114,1.03117
0.143195,-0.357181,1.03136
0.141968,-0.357278,1.03152
0.140774,-0.35736,1.03164
0.139661,-0.357447,1.03167
0.138618,-0.357581,1.03158
0.137541,-0.357781,1.03144
0.136399,-0.357975,1.03132
0.135258,-0.358092,1.03123
0.134139,-0.358119,1.03116
0.132773,-0.358159,1.03122
0.130977,-0.358357,1.03142
0.128877,-0.358613,1.03176
0.126642,-0.358744,1.03231
0.124207,-0.358846,1.03306
0.12139,-0.359082,1.034
0.118263,-0.359317,1.03517
0.115052,-0.359385,1.03658
0.111776,-0.359313,1.03818
0.108377,-0.359175,1.03995
0.104864,-0.359007,1.04182
0.101225,-0.358864,1.04372
0.0974652,-0.358716,1.04567
0.0937449,-0.358477,1.04764
0.0900878,-0.35816,1.04959
0.0864071,-0.35784,1.05148
0.082556,-0.357571,1.05333
0.0786244,-0.357363,1.05508
0.0747189,-0.357189,1.05668
0.0707849,-0.356989,1.05819
0.0668009,-0.356707,1.05968
0.0627235,-0.356364,1.06113
0.058594,-0.355992,1.06247
0.0545289,-0.355514,1.06368
0.0506261,-0.354862,1.06479
0.0468159,-0.354036,1.06584
0.0430193,-0.353201,1.06672
0.0393287,-0.35238,1.06739
0.0359409,-0.35152,1.06788
0.0328583,-0.350632,1.06822
0.0299511,-0.349855,1.06841
0.0270876,-0.349299,1.06843
0.0243793,-0.348917,1.06834
0.0219931,-0.348604,1.06818
0.0198164,-0.348413,1.06798
0.0176557,-0.348467,1.06768
0.0156287,-0.348698,1.06732
0.0140296,-0.348909,1.06696
0.0127178,-0.349179,1.06656
0.0114345,-0.349704,1.06607
0.0102783,-0.350431,1.06551
0.00948981,-0.351103,1.06495
0.00901121,-0.351705,1.06441
0.00859224,-0.352442,1.06381
0.00818137,-0.353351,1.06317
0.00803474,-0.354149,1.06256
0.00811009,-0.354838,1.06197
0.00812811,-0.355674,1.06133
0.00821343,-0.356543,1.0607
0.00856457,-0.357293,1.06007
0.00889718,-0.358156,1.05939
0.00930632,-0.359053,1.0587
0.00997321,-0.359867,1.05801
0.0107018,-0.360716,1.0573
0.0115309,-0.361582,1.05653
0.0123668,-0.36253,1.05573
0.013384,-0.363386,1.05494
0.0146038,-0.364132,1.05416
0.0157164,-0.364965,1.05337
0.016945,-0.36577,1.05254
0.0182366,-0.36658,1.05173
0.0197222,-0.367261,1.05095
0.0212438,-0.367951,1.05013
0.0226849,-0.368733,1.04931
0.0242905,-0.369425,1.04848
0.0258962,-0.370086,1.04771
0.0276298,-0.37062,1.04696
0.0292821,-0.371238,1.04619
0.0309101,-0.371888,1.04542
0.03271,-0.372394,1.04466
0.0344172,-0.372934,1.04394
0.0362362,-0.373351,1.04323
0.0379855,-0.373783,1.04254
0.0396826,-0.374202,1.04188
0.0415245,-0.374421,1.04126
0.0432331,-0.374734,1.04065
0.0449617,-0.374986,1.04006
0.0467231,-0.375137,1.03952
0.0484173,-0.375328,1.03898
0.0501454,-0.37539,1.03849
0.0518865,-0.375388,1.03803
0.0535339,-0.375468,1.03754
0.0551215,-0.375497,1.0371
0.0567044,-0.375473,1.03668
0.058218,-0.375492,1.03626
0.0597652,-0.375342,1.03592
0.0613629,-0.375081,1.03562
0.062837,-0.374947,1.03529
0.0642726,-0.374744,1.03502
0.0657325,-0.37447,1.03478
0.0670992,-0.374329,1.0345
0.0684022,-0.374191,1.03425
0.0698014,-0.373867,1.03407
0.0712051,-0.373542,1.03389
0.0725117,-0.373267,1.03374
0.0738503,-0.372828,1.03366
0.0752192,-0.372352,1.03357
0.0764463,-0.372048,1.03346
0.0775636,-0.371717,1.0334
0.0787385,-0.371254,1.03337
0.079874,-0.370876,1.03331
0.0808927,-0.37055,1.03327
0.0819562,-0.370035,1.03331
0.0830869,-0.369453,1.03335
0.0841301,-0.369003,1.03338
0.0850895,-0.368551,1.03347
0.0861131,-0.36794,1.0336
0.087165,-0.367345,1.03371
0.0881238,-0.366846,1.03384
0.0891249,-0.366198,1.03402
0.0902394,-0.365453,1.03424
0.0913261,-0.364878,1.03441
0.0922841,-0.364438,1.03458
0.093211,-0.363868,1.03481
0.0941691,-0.363193,1.03505
0.0950268,-0.362605,1.03528
0.0958086,-0.362004,1.03554
0.0966334,-0.361252,1.03583
0.0975482,-0.360442,1.03609
0.0984174,-0.359784,1.03632
0.0991919,-0.359222,1.03655
0.0999869,-0.358559,1.03683
0.100872,-0.357816,1.0371
0.10174,-0.35716,1.03736
0.102539,-0.356554,1.03761
0.103346,-0.355832,1.03788
0.104185,-0.355006,1.03816
0.104983,-0.354244,1.03839
0.105705,-0.353571,1.03858
0.106376,-0.352873,1.03877
0.107059,-0.352121,1.03896
0.107825,-0.351368,1.03911
0.108569,-0.350743,1.03924
0.109271,-0.350181,1.03936
0.11003,-0.349568,1.03951
0.110873,-0.348901,1.03966
0.11172,-0.348324,1.0398
0.112566,-0.347875,1.03991
0.113427,-0.347432,1.04003
0.114315,-0.346943,1.04018
0.115224,-0.346436,1.04034
0.11609,-0.345976,1.04049
0.116904,-0.345605,1.04062
0.117692,-0.345266,1.04074
0.118455,-0.344903,1.04085
0.119184,-0.344485,1.04097
0.119885,-0.344043,1.04109
0.120575,-0.343603,1.04118
0.12126,-0.343147,1.04125
0.121919,-0.342698,1.04131
0.122576,-0.342232,1.04135
0.123222,-0.341757,1.04138
0.123857,-0.341255,1.04139
0.124478,-0.340723,1.0414
0.12506,-0.340223,1.04138
0.125628,-0.339716,1.04135
0.126205,-0.339185,1.0413
0.126766,-0.338648,1.04124
0.12729,-0.338114,1.04119
0.12778,-0.337587,1.04113
0.12824,-0.33705,1.04107
0.128654,-0.33652,1.04102
0.128997,-0.336019,1.04098
0.129293,-0.335542,1.04093
0.129555,-0.335111,1.04088
0.129803,-0.334718,1.04083
0.130054,-0.334349,1.04077
0.130285,-0.334027,1.04073
0.130546,-0.333684,1.04068
0.130772,-0.333409,1.04064
0.130998,-0.333099,1.0406
0.131223,-0.332778,1.04057
0.131472,-0.332435,1.04052
0.131717,-0.332106,1.04044
0.131964,-0.33177,1.04033
0.132212,-0.331444,1.04019
0.132431,-0.331149,1.04001
0.132639,-0.330879,1.03979
0.132863,-0.330593,1.03955
0.133099,-0.330314,1.03928
0.133372,-0.330012,1.03897
0.133672,-0.32972,1.03864
0.133969,-0.329456,1.03829
0.134237,-0.329237,1.0379
0.134498,-0.329019,1.03749
0.13473,-0.328832,1.03706
0.134943,-0.328687,1.03659
0.135152,-0.328569,1.03609
0.135348,-0.328476,1.03557
0.1355,-0.328408,1.03504
0.135606,-0.328337,1.03451
0.135687,-0.328282,1.03396
0.135721,-0.328284,1.03338
0.135694,-0.3284,1.03277
0.135605,-0.328624,1.03212
0.135495,-0.328834,1.03147
0.135367,-0.329004,1.03082
0.135184,-0.329241,1.03016
0.134923,-0.329616,1.02947
0.134573,-0.330077,1.02878
0.134199,-0.330488,1.02809
0.133831,-0.330881,1.02739
0.1334,-0.331405,1.02665
0.132891,-0.332069,1.0259
0.132353,-0.332734,1.02514
0.131864,-0.333289,1.0244
0.131356,-0.333881,1.02364
0.130746,-0.334675,1.02284
0.130044,-0.335562,1.02203
0.129339,-0.336389,1.02124
0.128656,-0.337194,1.02044
0.127933,-0.338129,1.01959
0.127119,-0.339197,1.01873
0.12629,-0.340216,1.0179
0.125521,-0.341122,1.01708
0.124731,-0.342108,1.01622
0.123833,-0.343266,1.01534
0.122884,-0.344432,1.01448
0.121997,-0.345491,1.01362
0.121116,-0.346588,1.01274
0.120135,-0.34786,1.01182
0.119076,-0.349184,1.01092
0.118062,-0.350367,1.01005
0.117079,-0.35151,1.00917
0.115984,-0.35279,1.00828
0.114781,-0.354148,1.00741
0.113611,-0.355427,1.00655
0.112533,-0.356633,1.00569
0.11142,-0.357943,1.00481
0.110207,-0.35936,1.00395
0.10901,-0.36069,1.00312
0.10787,-0.361945,1.00231
0.10666,-0.363314,1.00148
0.105304,-0.36482,1.00066
0.103902,-0.366284,0.999887
0.10257,-0.367623,0.999157
0.101217,-0.369021,0.998422
0.0997148,-0.370564,0.997689
0.0981674,-0.372073,0.997
0.096718,-0.373457,0.99634
0.0952704,-0.374881,0.995658
0.0936737,-0.37644,0.994981
0.092033,-0.377956,0.994341
0.090493,-0.379336,0.993725
0.0889545,-0.380756,0.993076
0.0872725,-0.382336,0.992396
0.0855169,-0.383884,0.99176
0.0838264,-0.385267,0.99119
0.0821705,-0.386624,0.990616
0.0803713,-0.388147,0.990005
0.0784628,-0.389716,0.989416
0.076648,-0.391154,0.988857
0.074892,-0.392566,0.988294
0.0730203,-0.394101,0.98771
0.0710508,-0.395657,0.98716
0.0691679,-0.397072,0.98665
0.0673453,-0.398459,0.986134
0.0653975,-0.399978,0.985583
0.0633212,-0.401527,0.985064
0.0613213,-0.402925,0.984601
0.0594164,-0.404265,0.984124
0.0574098,-0.405749,0.983578
0.0552827,-0.407293,0.983025
0.0532194,-0.408681,0.982531
0.0512885,-0.409941,0.982061
0.0492792,-0.411298,0.981533
0.0471094,-0.412774,0.980961
0.0449699,-0.414148,0.980412
0.042954,-0.415377,0.979899
0.0408939,-0.416629,0.979369
0.03866,-0.41799,0.978806
0.0364244,-0.419304,0.978242
0.0343181,-0.420509,0.977681
0.0321949,-0.421732,0.9771
0.0299098,-0.423037,0.9765
0.0276026,-0.424301,0.975907
0.0254395,-0.425458,0.975311
0.0232833,-0.42664,0.974668
0.0209462,-0.427928,0.973995
0.0185479,-0.42918,0.973345
0.0162965,-0.430307,0.972709
0.0140813,-0.431427,0.972039
0.0117178,-0.43267,0.971287
0.00922167,-0.433958,0.970514
0.00680064,-0.435127,0.969776
0.00450524,-0.436208,0.969037
0.00213157,-0.43736,0.968236
-0.000429952,-0.438603,0.967391
-0.00297646,-0.439794,0.966546
-0.00537556,-0.44088,0.965719
-0.00776767,-0.441966,0.964868
-0.0103084,-0.443142,0.963967
-0.0129329,-0.444328,0.963053
-0.0154685,-0.445426,0.96216
-0.0179385,-0.446486,0.961263
-0.0205352,-0.447627,0.960322
-0.0233044,-0.448843,0.959357
-0.0260694,-0.450029,0.958409
-0.0287169,-0.451131,0.9575
-0.0313659,-0.452254,0.956578
-0.0341541,-0.453462,0.955621
-0.03705,-0.454726,0.954642
-0.0398961,-0.455946,0.953692
-0.0426756,-0.457103,0.952786
-0.0454597,-0.458276,0.951869
-0.0483748,-0.459521,0.950914
-0.0513746,-0.460792,0.949954
-0.0543519,-0.462015,0.949026
-0.0572846,-0.463171,0.948152
-0.0602054,-0.464305,0.947297
-0.063158,-0.465463,0.94642
-0.0661562,-0.466644,0.945517
-0.0691524,-0.4678,0.94463
-0.0721375,-0.468902,0.943787
-0.0750771,-0.46995,0.942973
-0.0780162,-0.47099,0.942166
-0.0810097,-0.472057,0.941329
-0.0840722,-0.473152,0.940461
-0.0871442,-0.474193,0.939627
-0.0901452,-0.475165,0.938833
-0.0930987,-0.476103,0.938047
-0.096076,-0.477055,0.937232
-0.0991031,-0.478025,0.936401
-0.102167,-0.478954,0.935602
-0.105182,-0.479821,0.934849
-0.108144,-0.480652,0.934098
-0.111122,-0.481493,0.933308
-0.114111,-0.482313,0.932524
-0.117068,-0.483089,0.931774
-0.119996,-0.483841,0.93104
-0.122971,-0.484595,0.930292
-0.125997,-0.485358,0.929512
-0.129022,-0.486069,0.928752
-0.131991,-0.486725,0.92803
-0.134917,-0.487369,0.927305
-0.137874,-0.488033,0.92654
-0.140868,-0.488696,0.925763
-0.14388,-0.489321,0.92502
-0.146827,-0.489907,0.92428
-0.149745,-0.490476,0.923523
-0.1527,-0.491044,0.922742
-0.155676,-0.491597,0.921951
-0.158647,-0.492109,0.921192
-0.161559,-0.492598,0.920443
-0.16448,-0.493101,0.919658
-0.16742,-0.49362,0.918807
-0.1704,-0.494113,0.917967
-0.173384,-0.494567,0.917149
-0.176381,-0.494985,0.916347
-0.1794,-0.495398,0.915536
-0.182443,-0.495839,0.91467
-0.185458,-0.496292,0.913768
-0.188447,-0.496728,0.912878
-0.191394,-0.497142,0.911988
-0.194406,-0.497557,0.911079
-0.197481,-0.49795,0.910154
-0.20061,-0.498318,0.909223
-0.203718,-0.498672,0.908271
-0.206785,-0.499008,0.907322
-0.209822,-0.49934,0.90636
-0.212887,-0.499665,0.905385
-0.215974,-0.499964,0.904421
-0.219043,-0.500254,0.903459
-0.222074,-0.500541,0.902464
-0.225144,-0.500816,0.901449
-0.228271,-0.501088,0.900396
-0.231497,-0.501328,0.899344
-0.234729,-0.501527,0.898315
-0.237893,-0.501725,0.897276
-0.241011,-0.501944,0.89619
-0.244156,-0.502176,0.895067
-0.247359,-0.502399,0.893922
-0.250583,-0.502588,0.892801
-0.25378,-0.502761,0.891692
-0.256941,-0.502931,0.890549
-0.26011,-0.50308,0.889393
-0.263333,-0.503191,0.888238
-0.266624,-0.503233,0.887128
-0.269908,-0.503243,0.88603
-0.273142,-0.503268,0.884893
-0.276356,-0.503336,0.883691
-0.279598,-0.503428,0.882439
-0.282892,-0.503486,0.881203
-0.286165,-0.503511,0.879986
-0.289411,-0.503544,0.87874
-0.292649,-0.50357,0.877469
-0.295928,-0.503556,0.876194
-0.299259,-0.503469,0.874973
-0.302593,-0.503323,0.873793
-0.305872,-0.503183,0.872592
-0.309124,-0.503074,0.871328
-0.312393,-0.502981,0.870013
-0.315735,-0.502858,0.868708
-0.319062,-0.502707,0.867407
-0.322328,-0.502578,0.866066
-0.325535,-0.502478,0.864687
-0.328765,-0.502347,0.863312
-0.332072,-0.502126,0.86199
-0.335365,-0.501855,0.860689
-0.338588,-0.501602,0.859362
-0.341783,-0.501366,0.85799
-0.345047,-0.501093,0.856602
-0.348394,-0.500766,0.855213
-0.35172,-0.500444,0.853802
-0.35494,-0.500174,0.852344
-0.358097,-0.499915,0.850873
-0.36128,-0.49961,0.849438
-0.364489,-0.49925,0.848026
-0.367673,-0.498878,0.8466
-0.370793,-0.498544,0.845122
-0.373929,-0.498209,0.843612
-0.377127,-0.497803,0.842128
-0.380338,-0.497365,0.840633
-0.383525,-0.496957,0.839087
-0.386643,-0.496568,0.837526
-0.389735,-0.496136,0.836018
-0.392836,-0.495624,0.834564
-0.395928,-0.495101,0.833094
-0.39902,-0.494621,0.831534
-0.402123,-0.494139,0.829925
-0.405256,-0.493622,0.82833
-0.408394,-0.493085,0.826721
-0.411469,-0.492573,0.825081
-0.414448,-0.4921,0.823431
-0.417417,-0.491582,0.821824
-0.420388,-0.490986,0.820291
-0.423346,-0.490381,0.818731
-0.426281,-0.48982,0.81709
-0.429215,-0.489279,0.815393
-0.432215,-0.488693,0.813687
-0.435264,-0.488041,0.81198
-0.438252,-0.487391,0.81029
-0.441131,-0.486779,0.808609
-0.443969,-0.486139,0.806951
-0.446869,-0.485423,0.805312
-0.449791,-0.48468,0.803645
-0.452694,-0.483977,0.801913
-0.455558,-0.483326,0.800117
-0.458422,-0.482656,0.79832
-0.461286,-0.48193,0.79658
-0.464074,-0.481185,0.794898
-0.466781,-0.480472,0.793202
-0.469477,-0.479783,0.79145
-0.472248,-0.479041,0.789687
-0.475039,-0.478263,0.78791
-0.47779,-0.477526,0.786084
-0.480488,-0.47682,0.784235
-0.483141,-0.476084,0.782438
-0.485801,-0.475265,0.780723
-0.488476,-0.474397,0.779001
-0.491121,-0.473569,0.777226
-0.493738,-0.472794,0.775383
-0.496392,-0.471992,0.773514
-0.49907,-0.471131,0.771671
-0.501677,-0.470273,0.769858
-0.504199,-0.469453,0.768051
-0.506679,-0.46866,0.76622
-0.509202,-0.467804,0.764395
-0.511761,-0.466912,0.762554
-0.514277,-0.466068,0.760675
-0.516724,-0.465272,0.758773
-0.51911,-0.46448,0.756901
-0.521535,-0.463612,0.755064
-0.523975,-0.462695,0.753224
-0.526359,-0.461817,0.751357
-0.528696,-0.460993,0.749446
-0.531025,-0.460171,0.747528
-0.533353,-0.459311,0.745652
-0.535652,-0.458416,0.74381
-0.53791,-0.457555,0.741925
-0.540145,-0.456713,0.740012
-0.542393,-0.455831,0.738096
-0.544665,-0.454899,0.736202
-0.546906,-0.453959,0.734326
-0.549061,-0.453083,0.732443
-0.551179,-0.452237,0.730531
-0.553324,-0.451339,0.728608
-0.5555,-0.450389,0.726704
-0.55766,-0.449438,0.724797
-0.559739,-0.44854,0.722885
-0.561747,-0.447697,0.720982
-0.563737,-0.44684,0.719083
-0.565774,-0.445915,0.717182
-0.567823,-0.444943,0.715279
-0.569845,-0.443994,0.713357
-0.571798,-0.443117,0.711413
-0.573699,-0.442258,0.709494
-0.575581,-0.441403,0.707557
-0.577491,-0.440532,0.705589
-0.579388,-0.439653,0.703607
-0.581244,-0.438812,0.701599
-0.58306,-0.438007,0.699589
-0.584836,-0.437217,0.697605
-0.586576,-0.436453,0.695611
-0.588324,-0.435686,0.693591
-0.590074,-0.434909,0.691571
-0.591815,-0.434133,0.68953
-0.59352,-0.433392,0.687477
-0.595205,-0.432667,0.685442
-0.596861,-0.431956,0.683397
-0.598522,-0.431244,0.681328
-0.600175,-0.430521,0.679268
-0.601831,-0.429789,0.677202
-0.603452,-0.429092,0.675109
-0.605053,-0.428425,0.673026
-0.60662,-0.42777,0.670946
-0.608193,-0.427119,0.668843
-0.609764,-0.426445,0.666758
-0.611327,-0.425766,0.664683
-0.612864,-0.425113,0.662597
-0.614366,-0.42449,0.660521
-0.615842,-0.423883,0.658459
-0.617306,-0.423297,0.656364
-0.618779,-0.422686,0.654278
-0.62024,-0.422075,0.652196
-0.621694,-0.421478,0.650116
-0.6231,-0.420919,0.648037
-0.624478,-0.420381,0.645993
-0.625842,-0.419854,0.64393
-0.627224,-0.419314,0.641864
-0.628592,-0.418768,0.639818
-0.629948,-0.418243,0.637768
-0.631292,-0.417736,0.635715
-0.63259,-0.417262,0.633699
-0.633864,-0.416793,0.631723
-0.635157,-0.416327,0.629722
-0.636469,-0.415866,0.627724
-0.637794,-0.415431,0.625713
-0.639144,-0.415033,0.623671
-0.640495,-0.414659,0.621618
-0.641784,-0.414332,0.619603
-0.643038,-0.414014,0.617625
-0.644284,-0.413697,0.615642
-0.645535,-0.413368,0.613661
-0.646778,-0.413058,0.61164
-0.648005,-0.412778,0.609578
-0.649205,-0.412517,0.607517
-0.650368,-0.412239,0.605535
-0.651499,-0.411923,0.603633
-0.652612,-0.411598,0.601724
-0.653711,-0.41127,0.599801
-0.654822,-0.410916,0.597867
-0.655937,-0.410549,0.595906
-0.65703,-0.410202,0.593934
-0.658083,-0.409864,0.592026
-0.659132,-0.409469,0.590213
-0.660186,-0.409018,0.588447
-0.661229,-0.408564,0.586679
-0.662234,-0.408149,0.58492
-0.663184,-0.407805,0.583163
-0.664125,-0.407459,0.581398
-0.665084,-0.407028,0.579677
-0.666016,-0.40654,0.578079
-0.666882,-0.406093,0.576605
-0.667674,-0.405747,0.575154
-0.6684,-0.4055,0.573682
-0.669096,-0.405204,0.572337
-0.669795,-0.404772,0.571156
-0.670501,-0.404351,0.570048
-0.671163,-0.404134,0.568949
-0.671748,-0.404258,0.567803
-0.672301,-0.404619,0.56666
-0.672931,-0.404911,0.565657
-0.673706,-0.404983,0.564815
-0.674672,-0.404737,0.564154
-0.675669,-0.404422,0.563655
-0.676541,-0.404299,0.563252
-0.67717,-0.404562,0.562862
-0.677519,-0.405251,0.56239
-0.677668,-0.406168,0.561856
-0.677837,-0.406947,0.561293
-0.678091,-0.407441,0.560782
-0.678405,-0.407647,0.560447
-0.678742,-0.407639,0.560293
-0.678915,-0.407795,0.560178
-0.678817,-0.408312,0.560072
-0.678447,-0.409178,0.55992
-0.677876,-0.410266,0.559679
-0.677284,-0.411259,0.559369
-0.676691,-0.412044,0.559089
-0.675989,-0.412693,0.558929
-0.675105,-0.413289,0.558956
-0.674054,-0.413921,0.55908
-0.672966,-0.414623,0.559157
-0.671829,-0.415432,0.559201
-0.670587,-0.416352,0.559227
-0.669289,-0.417295,0.559264
-0.667953,-0.4182,0.559388
-0.666549,-0.419132,0.559543
-0.665037,-0.420155,0.55975
-0.663391,-0.421255,0.560079
-0.661631,-0.422381,0.56061
-0.659771,-0.423509,0.561328
-0.657792,-0.424675,0.562209
-0.655632,-0.425964,0.563226
-0.653338,-0.427343,0.564389
-0.650928,-0.428752,0.565721
-0.648457,-0.430156,0.567228
-0.645878,-0.431605,0.568922
-0.643181,-0.433109,0.570876
-0.640337,-0.43469,0.573109
-0.637391,-0.436323,0.575561
-0.634388,-0.437955,0.578176
-0.631339,-0.439567,0.580967
-0.628158,-0.441184,0.584017
-0.624811,-0.442804,0.587403
-0.621297,-0.4445,0.590955
-0.617646,-0.446296,0.594559
-0.613875,-0.448136,0.598279
-0.609949,-0.449986,0.602269
-0.605937,-0.451792,0.606468
-0.601882,-0.453598,0.610648
-0.597744,-0.45548,0.614777
-0.593357,-0.457516,0.61909
-0.588758,-0.459668,0.623573
-0.584101,-0.46186,0.627992
-0.57945,-0.463988,0.632408
-0.574648,-0.466089,0.637028
-0.569698,-0.468267,0.641671
-0.564674,-0.470525,0.646163
-0.559613,-0.472712,0.650749
-0.554506,-0.474835,0.655364
-0.549308,-0.477011,0.659879
-0.543948,-0.479187,0.664503
-0.538539,-0.481309,0.669156
-0.533158,-0.48341,0.673599
-0.527716,-0.485408,0.678169
-0.522121,-0.487379,0.682846
-0.516415,-0.489434,0.687355
-0.510724,-0.491361,0.691886
-0.505063,-0.493143,0.696443
-0.499267,-0.495006,0.700863
-0.493282,-0.49685,0.705394
-0.487319,-0.498557,0.709968
-0.481446,-0.500208,0.714292
-0.475516,-0.501777,0.718648
-0.469422,-0.503312,0.723084
-0.463267,-0.504868,0.727387
-0.457181,-0.506251,0.731713
-0.451128,-0.507503,0.736041
-0.444907,-0.508858,0.740204
-0.438568,-0.510163,0.7444
-0.432355,-0.511256,0.748655
-0.426175,-0.512302,0.75277
-0.419852,-0.513336,0.756873
-0.413431,-0.514319,0.761002
-0.407059,-0.515275,0.76495
-0.40076,-0.516094,0.76889
-0.394376,-0.516792,0.772945
-0.387868,-0.517546,0.776851
-0.381431,-0.518237,0.780641
-0.375068,-0.518751,0.784496
-0.368575,-0.51927,0.788288
-0.361998,-0.519773,0.792022
-0.355555,-0.520097,0.795816
-0.349153,-0.520379,0.799491
-0.342627,-0.520696,0.803062
-0.336039,-0.520925,0.80671
-0.329543,-0.521052,0.810344
-0.323107,-0.52116,0.813857
-0.316593,-0.521216,0.817401
-0.310001,-0.521238,0.820945
-0.303461,-0.521301,0.824331
-0.296975,-0.521343,0.827744
-0.290344,-0.521365,0.831291
-0.283639,-0.521474,0.834745
-0.277076,-0.521597,0.838073
-0.270493,-0.521628,0.841451
-0.26369,-0.521604,0.84484
-0.256918,-0.521528,0.848116
-0.250344,-0.521327,0.851323
-0.243693,-0.521016,0.8545
-0.236804,-0.520687,0.857564
-0.229958,-0.520265,0.860581
-0.223236,-0.519664,0.863603
-0.216457,-0.518986,0.866533
-0.209501,-0.518281,0.869341
-0.202593,-0.517438,0.872168
-0.195785,-0.516429,0.874993
-0.188922,-0.515349,0.877719
-0.18196,-0.514193,0.880375
-0.175095,-0.512873,0.883086
-0.168376,-0.511436,0.885736
-0.161651,-0.50993,0.888294
-0.15484,-0.508303,0.890866
-0.148122,-0.50654,0.89346
-0.141623,-0.504692,0.896003
-0.135186,-0.502745,0.898524
-0.128692,-0.500616,0.901098
-0.122289,-0.498301,0.90363
-0.116186,-0.495801,0.906106
-0.110207,-0.493037,0.908567
-0.104256,-0.490028,0.911
-0.0984457,-0.486889,0.913308
-0.0927829,-0.483661,0.915555
-0.0871309,-0.480269,0.917833
-0.0815591,-0.476809,0.920081
-0.0761441,-0.47343,0.922202
-0.0706682,-0.470041,0.924283
-0.0650929,-0.466562,0.926444
-0.0597099,-0.463104,0.928608
-0.0546765,-0.459732,0.930787
-0.0497349,-0.456343,0.933062
-0.0448823,-0.452964,0.935437
-0.0403745,-0.449777,0.937784
-0.0361297,-0.446901,0.940023
-0.0318153,-0.444305,0.942233
-0.0273883,-0.442074,0.944386
-0.0227988,-0.440228,0.946434
-0.0178655,-0.438561,0.948488
-0.0127658,-0.436869,0.950698
-0.0077711,-0.435131,0.952964
-0.00307069,-0.433452,0.955108
