pure_target_joint_0,pure_target_joint_1,pure_target_joint_2,pure_target_joint_3,pure_target_joint_4,pure_target_joint_5,pure_target_joint_6,target_joint_0,target_joint_1,target_joint_2,target_joint_3,target_joint_4,target_joint_5,target_joint_6,pos_joint_0,pos_joint_1,pos_joint_2,pos_joint_3,pos_joint_4,pos_joint_5,pos_joint_6,vel_joint_0,vel_joint_1,vel_joint_2,vel_joint_3,vel_joint_4,vel_joint_5,vel_joint_6,vel_smooth_joint_0,vel_smooth_joint_1,vel_smooth_joint_2,vel_smooth_joint_3,vel_smooth_joint_4,vel_smooth_joint_5,vel_smooth_joint_6,ee_pos_x,ee_pos_y,ee_pos_z,ee_or_w,ee_or_x,ee_or_y,ee_or_z,ee_vel_x,ee_vel_y,ee_vel_z,ball_pos_x,ball_pos_y,ball_pos_z,ball_raw_vx,ball_raw_vy,ball_raw_vz,ball_ema_vx,ball_ema_vy,ball_ema_vz,action_0,action_1,action_2,action_3,action_4,action_5,action_6,command_published
1.70996,-1.01349,-1.78361,-1.16981,2.00961,1.17548,-0.940055,1.70996,-1.01349,-1.78361,-1.16981,2.00961,1.17548,-0.940055,1.78093,-1.07152,-1.81514,-1.11971,1.93718,1.11683,-0.916302,-1.19882e-05,2.99652e-05,0,1.19882e-05,0,1.79769e-05,-1.19882e-05,-1.19882e-05,2.99652e-05,0,1.19882e-05,0,1.79769e-05,-1.19882e-05,0.532349,-0.455442,0.689796,0.572545,0.178095,0.150924,0.785936,0,0,0,2.96673,-0.512952,0.268086,-3.54776,0.257528,5.09928,-3.54776,0.257528,5.09928,-0.709681,0.580355,0.315377,-0.500984,0.724322,0.586535,-0.237534,1
1.70852,-1.01119,-1.78438,-1.16768,2.01075,1.17135,-0.937185,1.70852,-1.01119,-1.78438,-1.16768,2.01075,1.17135,-0.937185,1.78093,-1.07152,-1.81514,-1.11971,1.93718,1.11683,-0.916302,-1.19882e-05,2.99652e-05,0,1.19882e-05,0,1.79769e-05,-1.19882e-05,-1.19882e-05,2.99652e-05,0,1.19882e-05,0,1.79769e-05,-1.19882e-05,0.532349,-0.455442,0.689796,0.572545,0.178095,0.150924,0.785936,0,0,0,2.93159,-0.51012,0.319471,-3.51436,0.283152,5.13849,-3.51436,0.283152,5.13849,-0.724078,0.603331,0.307635,-0.479763,0.735776,0.545168,-0.208834,1
1.70757,-1.00832,-1.79244,-1.16821,2.00949,1.16898,-0.938153,1.70757,-1.00832,-1.79244,-1.16821,2.00949,1.16898,-0.938153,1.78093,-1.07152,-1.81514,-1.11971,1.93718,1.11683,-0.916302,-1.19882e-05,2.99652e-05,0,1.19882e-05,0,1.79769e-05,-1.19882e-05,-1.19882e-05,2.99652e-05,0,1.19882e-05,0,1.79769e-05,-1.19882e-05,0.532349,-0.455442,0.689796,0.572545,0.178095,0.150924,0.785936,0,0,0,2.89604,-0.507132,0.370275,-3.55504,0.298786,5.08048,-3.55504,0.298786,5.08048,-0.733533,0.631997,0.227036,-0.485036,0.723098,0.521519,-0.21851,1
1.70797,-1.00714,-1.80002,-1.16543,2.00743,1.17356,-0.939892,1.70797,-1.00714,-1.80002,-1.16543,2.00743,1.17356,-0.939892,1.78093,-1.07152,-1.81514,-1.11971,1.93718,1.11683,-0.916302,-1.19882e-05,2.99652e-05,0,1.19882e-05,0,1.79769e-05,-1.19882e-05,-1.19882e-05,2.99652e-05,0,1.19882e-05,0,1.79769e-05,-1.19882e-05,0.532349,-0.455442,0.689796,0.572545,0.178095,0.150924,0.785936,0,0,0,2.8598,-0.504598,0.418722,-3.62384,0.253433,4.84461,-3.62384,0.253433,4.84461,-0.7296,0.643799,0.15126,-0.457213,0.702555,0.567289,-0.235901,1
1.71015,-1.00715,-1.78365,-1.16589,2.01055,1.17268,-0.932656,1.71015,-1.00715,-1.78365,-1.16589,2.01055,1.17268,-0.932656,1.78093,-1.07152,-1.81514,-1.11971,1.93718,1.11683,-0.916302,-1.19882e-05,2.99652e-05,0,1.19882e-05,0,1.79769e-05,-1.19882e-05,-1.19882e-05,2.99652e-05,0,1.19882e-05,0,1.79769e-05,-1.19882e-05,0.532349,-0.455442,0.689796,0.572545,0.178095,0.150924,0.785936,0,0,0,2.82471,-0.501674,0.465963,-3.50897,0.292373,4.72417,-3.50897,0.292373,4.72417,-0.707742,0.643729,0.314936,-0.461794,0.733739,0.558563,-0.163544,1
1.7076,-1.00608,-1.7894,-1.15937,2.01085,1.16864,-0.9313,1.7076,-1.00608,-1.7894,-1.15937,2.01085,1.16864,-0.9313,1.78093,-1.07152,-1.81514,-1.11971,1.93718,1.11683,-0.916302,-1.19882e-05,2.99652e-05,0,1.19882e-05,0,1.79769e-05,-1.19882e-05,-1.19882e-05,2.99652e-05,0,1.19882e-05,0,1.79769e-05,-1.19882e-05,0.532349,-0.455442,0.689796,0.572545,0.178095,0.150924,0.785936,0,0,0,2.7896,-0.499066,0.512696,-3.51052,0.260767,4.67327,-3.51052,0.260767,4.67327,-0.733233,0.654445,0.257485,-0.396666,0.736711,0.518081,-0.149983,1
1.70725,-1.00383,-1.80362,-1.16308,2.00838,1.16828,-0.938014,1.70725,-1.00383,-1.80362,-1.16308,2.00838,1.16828,-0.938014,1.78093,-1.07152,-1.81514,-1.11971,1.93718,1.11683,-0.916302,-1.19882e-05,2.99652e-05,0,1.19882e-05,0,1.79769e-05,-1.19882e-05,-1.19882e-05,2.99652e-05,0,1.19882e-05,0,1.79769e-05,-1.19882e-05,0.532349,-0.455442,0.689796,0.572545,0.178095,0.150924,0.785936,0,0,0,2.75425,-0.496371,0.558019,-3.53489,0.269505,4.53226,-3.53489,0.269505,4.53226,-0.736744,0.676866,0.115215,-0.433722,0.712016,0.514563,-0.217125,1
1.71069,-1.00323,-1.78991,-1.16163,2.00952,1.17221,-0.937179,1.71069,-1.00323,-1.78991,-1.16163,2.00952,1.17221,-0.937179,1.78093,-1.07152,-1.81514,-1.11971,1.93718,1.11683,-0.916302,-1.19882e-05,2.99652e-05,0,1.19882e-05,0,1.79769e-05,-1.19882e-05,-1.19882e-05,2.99652e-05,0,1.19882e-05,0,1.79769e-05,-1.19882e-05,0.532349,-0.455442,0.689796,0.572545,0.178095,0.150924,0.785936,0,0,0,2.71954,-0.493787,0.602179,-3.47095,0.258487,4.41603,-3.47095,0.258487,4.41603,-0.702381,0.6829,0.252294,-0.419228,0.723473,0.55378,-0.208772,1
1.70985,-1.0028,-1.78761,-1.15559,2.01146,1.16861,-0.929495,1.70985,-1.0028,-1.78761,-1.15559,2.01146,1.16861,-0.929495,1.78093,-1.07152,-1.81514,-1.11971,1.93718,1.11683,-0.916302,-1.19882e-05,2.99652e-05,0,1.19882e-05,0,1.79769e-05,-1.19882e-05,-1.19882e-05,2.99652e-05,0,1.19882e-05,0,1.79769e-05,-1.19882e-05,0.532349,-0.455442,0.689796,0.572545,0.178095,0.150924,0.785936,0,0,0,2.68524,-0.49136,0.646169,-3.43037,0.242674,4.39902,-3.43037,0.242674,4.39902,-0.710794,0.687214,0.275329,-0.358792,0.742845,0.517792,-0.13193,1
1.70638,-1.00067,-1.81901,-1.14999,2.00743,1.168,-0.937307,1.70638,-1.00067,-1.81901,-1.14999,2.00743,1.168,-0.937307,1.78093,-1.07152,-1.81514,-1.11971,1.93718,1.11683,-0.916302,-1.19882e-05,2.99652e-05,0,1.19882e-05,0,1.79769e-05,-1.19882e-05,-1.19882e-05,2.99652e-05,0,1.19882e-05,0,1.79769e-05,-1.19882e-05,0.532349,-0.455442,0.689796,0.572545,0.178095,0.150924,0.785936,0,0,0,2.64994,-0.489147,0.689816,-3.53026,0.221324,4.36472,-3.53026,0.221324,4.36472,-0.745462,0.708478,-0.0386448,-0.302833,0.702575,0.511695,-0.210055,1
1.71097,-0.998912,-1.81139,-1.13822,2.00776,1.17336,-0.939367,1.71097,-0.998912,-1.81139,-1.13822,2.00776,1.17336,-0.939367,1.78093,-1.07152,-1.81514,-1.11971,1.93718,1.11683,-0.916302,-1.19882e-05,2.99652e-05,0,1.19882e-05,0,1.79769e-05,-1.19882e-05,-1.19882e-05,2.99652e-05,0,1.19882e-05,0,1.79769e-05,-1.19882e-05,0.532349,-0.455442,0.689796,0.572545,0.178095,0.150924,0.785936,0,0,0,2.6146,-0.486566,0.731744,-3.53367,0.258049,4.19282,-3.53367,0.258049,4.19282,-0.699573,0.72609,0.0374936,-0.185125,0.705805,0.565283,-0.230652,1
1.71125,-0.99873,-1.79707,-1.14105,2.01154,1.16446,-0.926702,1.71125,-0.99873,-1.79707,-1.14105,2.01154,1.16446,-0.926702,1.78093,-1.07152,-1.81514,-1.11971,1.93718,1.11683,-0.916302,-1.19882e-05,2.99652e-05,0,1.19882e-05,0,1.79769e-05,-1.19882e-05,-1.19882e-05,2.99652e-05,0,1.19882e-05,0,1.79769e-05,-1.19882e-05,0.532349,-0.455442,0.689796,0.572545,0.178095,0.150924,0.785936,0,0,0,2.57963,-0.483897,0.772422,-3.49734,0.266889,4.06773,-3.49734,0.266889,4.06773,-0.696797,0.727909,0.180733,-0.213451,0.743661,0.476329,-0.104002,1
1.70635,-0.998162,-1.82088,-1.13979,2.00877,1.1566,-0.932952,1.70635,-0.998162,-1.82088,-1.13979,2.00877,1.1566,-0.932952,1.78093,-1.07152,-1.81514,-1.11971,1.93718,1.11683,-0.916302,-1.19882e-05,2.99652e-05,0,1.19882e-05,0,1.79769e-05,-1.19882e-05,-1.19882e-05,2.99652e-05,0,1.19882e-05,0,1.79769e-05,-1.19882e-05,0.532349,-0.455442,0.689796,0.572545,0.178095,0.150924,0.785936,0,0,0,2.54427,-0.481416,0.812519,-3.53541,0.248078,4.00972,-3.53541,0.248078,4.00972,-0.745749,0.733591,-0.0573661,-0.200855,0.715939,0.397714,-0.166504,1
1.71034,-0.997008,-1.83226,-1.1197,2.00428,1.17379,-0.943162,1.71034,-0.997008,-1.83226,-1.1197,2.00428,1.17379,-0.943162,1.78093,-1.07152,-1.81514,-1.11971,1.93718,1.11683,-0.916302,-1.19882e-05,2.99652e-05,0,1.19882e-05,0,1.79769e-05,-1.19882e-05,-1.19882e-05,2.99652e-05,0,1.19882e-05,0,1.79769e-05,-1.19882e-05,0.532349,-0.455442,0.689796,0.572545,0.178095,0.150924,0.785936,0,0,0,2.50862,-0.479558,0.850886,-3.56562,0.185859,3.83673,-3.56562,0.185859,3.83673,-0.705849,0.745126,-0.171205,7.54687e-05,0.671004,0.569567,-0.268599,1
1.71459,-0.997313,-1.81787,-1.11406,2.00806,1.17271,-0.936498,1.71459,-0.997313,-1.81787,-1.11406,2.00806,1.17271,-0.936498,1.78093,-1.07152,-1.81514,-1.11971,1.93718,1.11683,-0.916302,-1.19882e-05,2.99652e-05,0,1.19882e-05,0,1.79769e-05,-1.19882e-05,-1.19882e-05,2.99652e-05,0,1.19882e-05,0,1.79769e-05,-1.19882e-05,0.532349,-0.455442,0.689796,0.572545,0.178095,0.150924,0.785936,0,0,0,2.4732,-0.477432,0.887956,-3.54137,0.212538,3.70701,-3.54137,0.212538,3.70701,-0.663347,0.742081,-0.0272624,0.0565209,0.708825,0.558784,-0.201959,1
1.70814,-0.996551,-1.8231,-1.12098,2.01009,1.14755,-0.922819,1.70814,-0.996551,-1.8231,-1.12098,2.01009,1.14755,-0.922819,1.78093,-1.07152,-1.81514,-1.11971,1.93718,1.11683,-0.916302,-1.19882e-05,2.99652e-05,0,1.19882e-05,0,1.79769e-05,-1.19882e-05,-1.19882e-05,2.99652e-05,0,1.19882e-05,0,1.79769e-05,-1.19882e-05,0.532349,-0.455442,0.689796,0.572545,0.178095,0.150924,0.785936,0,0,0,2.4382,-0.47494,0.924546,-3.50037,0.249258,3.65893,-3.50037,0.249258,3.65893,-0.727811,0.749694,-0.0795942,-0.0127426,0.729148,0.307262,-0.0651741,1
1.70625,-0.994845,-1.83665,-1.11937,2.00627,1.1442,-0.93397,1.70625,-0.994845,-1.83665,-1.11937,2.00627,1.1442,-0.93397,1.78093,-1.07152,-1.81514,-1.11971,1.93718,1.11683,-0.916302,-1.19882e-05,2.99652e-05,0,1.19882e-05,0,1.79769e-05,-1.19882e-05,-1.19882e-05,2.99652e-05,0,1.19882e-05,0,1.79769e-05,-1.19882e-05,0.532349,-0.455442,0.689796,0.572545,0.178095,0.150924,0.785936,0,0,0,2.403,-0.47237,0.960487,-3.52006,0.257015,3.59415,-3.52006,0.257015,3.59415,-0.746737,0.766756,-0.215043,0.00334826,0.690969,0.273713,-0.176684,1
1.7128,-0.994867,-1.83498,-1.10013,2.0037,1.16749,-0.943049,1.7128,-0.994867,-1.83498,-1.10013,2.0037,1.16749,-0.943049,1.78093,-1.07152,-1.81514,-1.11971,1.93718,1.11683,-0.916302,-1.19882e-05,2.99652e-05,0,1.19882e-05,0,1.79769e-05,-1.19882e-05,-1.19882e-05,2.99652e-05,0,1.19882e-05,0,1.79769e-05,-1.19882e-05,0.532349,-0.455442,0.689796,0.572545,0.178095,0.150924,0.785936,0,0,0,2.36802,-0.470356,0.99444,-3.49767,0.201324,3.39528,-3.49767,0.201324,3.39528,-0.681254,0.766534,-0.198347,0.195755,0.66523,0.506642,-0.26747,1
1.71533,-0.995633,-1.82701,-1.10196,2.00796,1.16505,-0.927477,1.71533,-0.995633,-1.82701,-1.10196,2.00796,1.16505,-0.927477,1.78093,-1.07152,-1.81514,-1.11971,1.93718,1.11683,-0.916302,-1.19882e-05,2.99652e-05,0,1.19882e-05,0,1.79769e-05,-1.19882e-05,-1.19882e-05,2.99652e-05,0,1.19882e-05,0,1.79769e-05,-1.19882e-05,0.532349,-0.455442,0.689796,0.572545,0.178095,0.150924,0.785936,0,0,0,2.33364,-0.468063,1.0276,-3.4379,0.229344,3.316,-3.4379,0.229344,3.316,-0.655933,0.758877,-0.118633,0.177468,0.707803,0.482167,-0.11175,1
1.70824,-0.995005,-1.83656,-1.1006,2.0072,1.13874,-0.929603,1.70824,-0.995005,-1.83656,-1.1006,2.0072,1.13874,-0.929603,1.78093,-1.07152,-1.81514,-1.11971,1.93718,1.11683,-0.916302,-1.19882e-05,2.99652e-05,0,1.19882e-05,0,1.79769e-05,-1.19882e-05,-1.19882e-05,2.99652e-05,0,1.19882e-05,0,1.79769e-05,-1.19882e-05,0.532349,-0.455442,0.689796,0.572545,0.178095,0.150924,0.785936,0,0,0,2.29874,-0.465672,1.06002,-3.48995,0.239068,3.24233,-3.48995,0.239068,3.24233,-0.726869,0.765154,-0.214197,0.191035,0.700244,0.219073,-0.133012,1
1.70906,-0.993583,-1.83872,-1.09883,2.00371,1.14282,-0.937177,1.70906,-0.993583,-1.83872,-1.09883,2.00371,1.14282,-0.937177,1.78093,-1.07152,-1.81514,-1.11971,1.93718,1.11683,-0.916302,-1.19882e-05,2.99652e-05,0,1.19882e-05,0,1.79769e-05,-1.19882e-05,-1.19882e-05,2.99652e-05,0,1.19882e-05,0,1.79769e-05,-1.19882e-05,0.532349,-0.455442,0.689796,0.572545,0.178095,0.150924,0.785936,0,0,0,2.26408,-0.463003,1.0912,-3.46632,0.266922,3.1179,-3.46632,0.266922,3.1179,-0.71861,0.779378,-0.23574,0.20877,0.665298,0.259881,-0.208748,1
1.71268,-0.994146,-1.83982,-1.08337,2.00176,1.16201,-0.941852,1.71268,-0.994146,-1.83982,-1.08337,2.00176,1.16201,-0.941852,1.78093,-1.07152,-1.81514,-1.11971,1.93718,1.11683,-0.916302,-1.19882e-05,2.99652e-05,0,1.19882e-05,0,1.79769e-05,-1.19882e-05,-1.19882e-05,2.99652e-05,0,1.19882e-05,0,1.79769e-05,-1.19882e-05,0.532349,-0.455442,0.689796,0.572545,0.178095,0.150924,0.785936,0,0,0,2.22938,-0.460963,1.12098,-3.47021,0.20397,2.97799,-3.47021,0.20397,2.97799,-0.682426,0.773744,-0.246726,0.363387,0.645805,0.451856,-0.255503,1
1.71346,-0.995084,-1.8461,-1.08036,2.00398,1.16316,-0.936517,1.71346,-0.995084,-1.8461,-1.08036,2.00398,1.16316,-0.936517,1.78093,-1.07152,-1.81514,-1.11971,1.93718,1.11683,-0.916302,-1.19882e-05,2.99652e-05,0,1.19882e-05,0,1.79769e-05,-1.19882e-05,-1.19882e-05,2.99652e-05,0,1.19882e-05,0,1.79769e-05,-1.19882e-05,0.532349,-0.455442,0.689796,0.572545,0.178095,0.150924,0.785936,0,0,0,2.19475,-0.459021,1.15078,-3.46317,0.194207,2.97986,-3.46317,0.194207,2.97986,-0.674665,0.764368,-0.309568,0.393518,0.668005,0.463343,-0.202149,1
1.71289,-0.99491,-1.84577,-1.0806,2.00392,1.16012,-0.932252,1.71289,-0.99491,-1.84577,-1.0806,2.00392,1.16012,-0.932252,1.78093,-1.07152,-1.81514,-1.11971,1.93718,1.11683,-0.916302,-1.19882e-05,2.99652e-05,0,1.19882e-05,0,1.79769e-05,-1.19882e-05,-1.19882e-05,2.99652e-05,0,1.19882e-05,0,1.79769e-05,-1.19882e-05,0.532349,-0.455442,0.689796,0.572545,0.178095,0.150924,0.785936,0,0,0,2.15991,-0.456961,1.17995,-3.48346,0.206003,2.91711,-3.48346,0.206003,2.91711,-0.680305,0.766104,-0.306227,0.391073,0.667469,0.43294,-0.159505,1
1.7124,-0.994517,-1.84283,-1.08128,2.0039,1.15247,-0.930022,1.7124,-0.994517,-1.84283,-1.08128,2.0039,1.15247,-0.930022,1.78093,-1.07152,-1.81514,-1.11971,1.93718,1.11683,-0.916302,-1.19882e-05,2.99652e-05,0,1.19882e-05,0,1.79769e-05,-1.19882e-05,-1.19882e-05,2.99652e-05,0,1.19882e-05,0,1.79769e-05,-1.19882e-05,0.532349,-0.455442,0.689796,0.572545,0.178095,0.150924,0.785936,0,0,0,2.1251,-0.454634,1.20747,-3.4816,0.232777,2.7521,-3.4816,0.232777,2.7521,-0.685214,0.770034,-0.276864,0.384324,0.667201,0.356435,-0.137197,1
1.71135,-0.994198,-1.84557,-1.07847,2.00188,1.1487,-0.934573,1.71135,-0.994198,-1.84557,-1.07847,2.00188,1.1487,-0.934573,1.78093,-1.07152,-1.81514,-1.11971,1.93718,1.11683,-0.916302,-1.19882e-05,2.99652e-05,0,1.19882e-05,0,1.79769e-05,-1.19882e-05,-1.19882e-05,2.99652e-05,0,1.19882e-05,0,1.79769e-05,-1.19882e-05,0.532349,-0.455442,0.689796,0.572545,0.178095,0.150924,0.785936,0,0,0,2.09041,-0.452436,1.23377,-3.46889,0.219765,2.62969,-3.46889,0.219765,2.62969,-0.695714,0.773224,-0.30424,0.412402,0.647076,0.31874,-0.182708,1
1.7117,-0.99387,-1.84737,-1.0765,2.00038,1.15351,-0.939118,1.7117,-0.99387,-1.84737,-1.0765,2.00038,1.15351,-0.939118,1.78093,-1.07152,-1.81514,-1.11971,1.93718,1.11683,-0.916302,-1.19882e-05,2.99652e-05,0,1.19882e-05,0,1.79769e-05,-1.19882e-05,-1.19882e-05,2.99652e-05,0,1.19882e-05,0,1.79769e-05,-1.19882e-05,0.532349,-0.455442,0.689796,0.572545,0.178095,0.150924,0.785936,0,0,0,2.05568,-0.45026,1.25945,-3.47304,0.217557,2.56778,-3.47304,0.217557,2.56778,-0.69228,0.776511,-0.322215,0.432039,0.632024,0.366863,-0.228166,1
1.71161,-0.994036,-1.85051,-1.07261,1.99874,1.15972,-0.942021,1.71161,-0.994036,-1.85051,-1.07261,1.99874,1.15972,-0.942021,1.78093,-1.07152,-1.81514,-1.11971,1.93718,1.11683,-0.916302,-1.19882e-05,2.99652e-05,0,1.19882e-05,0,1.79769e-05,-1.19882e-05,-1.19882e-05,2.99652e-05,0,1.19882e-05,0,1.79769e-05,-1.19882e-05,0.532349,-0.455442,0.689796,0.572545,0.178095,0.150924,0.785936,0,0,0,2.01996,-0.448319,1.28365,-3.57127,0.194094,2.42012,-3.57127,0.194094,2.42012,-0.69312,0.774849,-0.353625,0.471016,0.615683,0.428948,-0.257194,1
1.71298,-0.994215,-1.84807,-1.0765,2.0019,1.16003,-0.934696,1.71298,-0.994215,-1.84807,-1.0765,2.0019,1.16003,-0.934696,1.78093,-1.07152,-1.81514,-1.11971,1.93718,1.11683,-0.916302,-1.19882e-05,2.99652e-05,0,1.19882e-05,0,1.79769e-05,-1.19882e-05,-1.19882e-05,2.99652e-05,0,1.19882e-05,0,1.79769e-05,-1.19882e-05,0.532349,-0.455442,0.689796,0.572545,0.178095,0.150924,0.785936,0,0,0,1.98472,-0.446278,1.30652,-3.52411,0.20417,2.28735,-3.52411,0.20417,2.28735,-0.679435,0.773052,-0.329231,0.432044,0.647198,0.432061,-0.183945,1
1.71244,-0.994052,-1.8471,-1.07819,2.00295,1.15005,-0.931391,1.71244,-0.994052,-1.8471,-1.07819,2.00295,1.15005,-0.931391,1.78093,-1.07152,-1.81514,-1.11971,1.93718,1.11683,-0.916302,-1.19882e-05,2.99652e-05,0,1.19882e-05,0,1.79769e-05,-1.19882e-05,-1.19882e-05,2.99652e-05,0,1.19882e-05,0,1.79769e-05,-1.19882e-05,0.532349,-0.455442,0.689796,0.572545,0.178095,0.150924,0.785936,0,0,0,1.94966,-0.44405,1.32909,-3.50662,0.222763,2.257,-3.50662,0.222763,2.257,-0.684823,0.774685,-0.31951,0.415156,0.65779,0.332215,-0.150891,1
1.71241,-0.993612,-1.84716,-1.07691,2.00099,1.1501,-0.937189,1.71241,-0.993612,-1.84716,-1.07691,2.00099,1.1501,-0.937189,1.78093,-1.07152,-1.81514,-1.11971,1.93718,1.11683,-0.916302,-1.19882e-05,2.99652e-05,0,1.19882e-05,0,1.79769e-05,-1.19882e-05,-1.19882e-05,2.99652e-05,0,1.19882e-05,0,1.79769e-05,-1.19882e-05,0.532349,-0.455442,0.689796,0.572545,0.178095,0.150924,0.785936,0,0,0,1.91463,-0.442038,1.3503,-3.50316,0.201234,2.1212,-3.50316,0.201234,2.1212,-0.685124,0.779091,-0.320123,0.427988,0.638112,0.332709,-0.208872,1
1.71483,-0.993837,-1.84836,-1.07328,1.99939,1.16172,-0.940177,1.71483,-0.993837,-1.84836,-1.07328,1.99939,1.16172,-0.940177,1.78093,-1.07152,-1.81514,-1.11971,1.93718,1.11683,-0.916302,-1.19882e-05,2.99652e-05,0,1.19882e-05,0,1.79769e-05,-1.19882e-05,-1.19882e-05,2.99652e-05,0,1.19882e-05,0,1.79769e-05,-1.19882e-05,0.532349,-0.455442,0.689796,0.572545,0.178095,0.150924,0.785936,0,0,0,1.88028,-0.440667,1.37033,-3.43443,0.137043,2.00263,-3.43443,0.137043,2.00263,-0.660962,0.776834,-0.332191,0.464247,0.622144,0.44895,-0.238749,1
1.71513,-0.994024,-1.84819,-1.07682,2.00315,1.15759,-0.933549,1.71513,-0.994024,-1.84819,-1.07682,2.00315,1.15759,-0.933549,1.78093,-1.07152,-1.81514,-1.11971,1.93718,1.11683,-0.916302,-1.19882e-05,2.99652e-05,0,1.19882e-05,0,1.79769e-05,-1.19882e-05,-1.19882e-05,2.99652e-05,0,1.19882e-05,0,1.79769e-05,-1.19882e-05,0.532349,-0.455442,0.689796,0.572545,0.178095,0.150924,0.785936,0,0,0,1.84593,-0.438793,1.38931,-3.43459,0.187469,1.89753,-3.43459,0.187469,1.89753,-0.657956,0.774964,-0.330491,0.42886,0.659698,0.407579,-0.172474,1
1.71505,-0.993394,-1.84239,-1.08565,2.00547,1.14051,-0.927428,1.71505,-0.993394,-1.84239,-1.08565,2.00547,1.14051,-0.927428,1.78093,-1.07152,-1.81514,-1.11971,1.93718,1.11683,-0.916302,-1.19882e-05,2.99652e-05,0,1.19882e-05,0,1.79769e-05,-1.19882e-05,-1.19882e-05,2.99652e-05,0,1.19882e-05,0,1.79769e-05,-1.19882e-05,0.532349,-0.455442,0.689796,0.572545,0.178095,0.150924,0.785936,0,0,0,1.81174,-0.436374,1.40746,-3.41948,0.241849,1.81577,-3.41948,0.241849,1.81577,-0.658736,0.781262,-0.272495,0.340596,0.682911,0.236776,-0.111261,1
1.71291,-0.992473,-1.84329,-1.08068,2.0024,1.13218,-0.938421,1.71291,-0.992473,-1.84329,-1.08068,2.0024,1.13218,-0.938421,1.78093,-1.07152,-1.81514,-1.11971,1.93718,1.11683,-0.916302,-1.19882e-05,2.99652e-05,0,1.19882e-05,0,1.79769e-05,-1.19882e-05,-1.19882e-05,2.99652e-05,0,1.19882e-05,0,1.79769e-05,-1.19882e-05,0.532349,-0.455442,0.689796,0.572545,0.178095,0.150924,0.785936,0,0,0,1.77699,-0.434327,1.42455,-3.47527,0.204721,1.70889,-3.47527,0.204721,1.70889,-0.680139,0.790472,-0.281491,0.390269,0.652195,0.153499,-0.221188,1
1.71322,-0.992457,-1.84577,-1.07673,2.00029,1.14436,-0.94479,1.71322,-0.992457,-1.84577,-1.07673,2.00029,1.14436,-0.94479,1.78093,-1.07152,-1.81514,-1.11971,1.93718,1.11683,-0.916302,-1.19882e-05,2.99652e-05,0,1.19882e-05,0,1.79769e-05,-1.19882e-05,-1.19882e-05,2.99652e-05,0,1.19882e-05,0,1.79769e-05,-1.19882e-05,0.532349,-0.455442,0.689796,0.572545,0.178095,0.150924,0.785936,0,0,0,1.74268,-0.432339,1.44078,-3.43049,0.198838,1.62324,-3.43049,0.198838,1.62324,-0.677071,0.790634,-0.306242,0.429728,0.631176,0.27535,-0.284881,1
1.71387,-0.99294,-1.84917,-1.07349,2.00012,1.15719,-0.943106,1.71387,-0.99294,-1.84917,-1.07349,2.00012,1.15719,-0.943106,1.78093,-1.07152,-1.81514,-1.11971,1.93718,1.11683,-0.916302,-1.19882e-05,2.99652e-05,0,1.19882e-05,0,1.79769e-05,-1.19882e-05,-1.19882e-05,2.99652e-05,0,1.19882e-05,0,1.79769e-05,-1.19882e-05,0.532349,-0.455442,0.689796,0.572545,0.178095,0.150924,0.785936,0,0,0,1.70852,-0.430668,1.45634,-3.41674,0.167057,1.55528,-3.41674,0.167057,1.55528,-0.670579,0.785809,-0.340237,0.462152,0.629464,0.403663,-0.268037,1
1.71543,-0.993429,-1.84956,-1.07422,2.0024,1.15975,-0.938851,1.71543,-0.993429,-1.84956,-1.07422,2.0024,1.15975,-0.938851,1.78093,-1.07152,-1.81514,-1.11971,1.93718,1.11683,-0.916302,-1.19882e-05,2.99652e-05,0,1.19882e-05,0,1.79769e-05,-1.19882e-05,-1.19882e-05,2.99652e-05,0,1.19882e-05,0,1.79769e-05,-1.19882e-05,0.532349,-0.455442,0.689796,0.572545,0.178095,0.150924,0.785936,0,0,0,1.67398,-0.429094,1.47126,-3.45373,0.157443,1.49192,-3.45373,0.157443,1.49192,-0.654952,0.780921,-0.344191,0.454916,0.652197,0.429195,-0.225491,1
1.71683,-0.993532,-1.84646,-1.07874,2.00421,1.15521,-0.935424,1.71683,-0.993532,-1.84646,-1.07874,2.00421,1.15521,-0.935424,1.78093,-1.07152,-1.81514,-1.11971,1.93718,1.11683,-0.916302,-1.19882e-05,2.99652e-05,0,1.19882e-05,0,1.79769e-05,-1.19882e-05,-1.19882e-05,2.99652e-05,0,1.19882e-05,0,1.79769e-05,-1.19882e-05,0.532349,-0.455442,0.689796,0.572545,0.178095,0.150924,0.785936,0,0,0,1.63915,-0.42732,1.48484,-3.48228,0.177372,1.35794,-3.48228,0.177372,1.35794,-0.640969,0.779888,-0.313146,0.409674,0.670359,0.383837,-0.19122,1
1.71762,-0.993076,-1.84174,-1.08291,2.00577,1.14493,-0.934071,1.71762,-0.993076,-1.84174,-1.08291,2.00577,1.14493,-0.934071,1.78093,-1.07152,-1.81514,-1.11971,1.93718,1.11683,-0.916302,-1.19882e-05,2.99652e-05,0,1.19882e-05,0,1.79769e-05,-1.19882e-05,-1.19882e-05,2.99652e-05,0,1.19882e-05,0,1.79769e-05,-1.19882e-05,0.532349,-0.455442,0.689796,0.572545,0.178095,0.150924,0.785936,0,0,0,1.60472,-0.425327,1.49704,-3.44315,0.199249,1.21998,-3.44315,0.199249,1.21998,-0.633038,0.784444,-0.265909,0.367982,0.685894,0.281032,-0.177694,1
1.71589,-0.992398,-1.84013,-1.08445,2.00585,1.12892,-0.935965,1.71589,-0.992398,-1.84013,-1.08445,2.00585,1.12892,-0.935965,1.78093,-1.07152,-1.81514,-1.11971,1.93718,1.11683,-0.916302,-1.19882e-05,2.99652e-05,0,1.19882e-05,0,1.79769e-05,-1.19882e-05,-1.19882e-05,2.99652e-05,0,1.19882e-05,0,1.79769e-05,-1.19882e-05,0.532349,-0.455442,0.689796,0.572545,0.178095,0.150924,0.785936,0,0,0,1.5707,-0.423139,1.50856,-3.40185,0.218815,1.152,-3.40185,0.218815,1.152,-0.650385,0.791228,-0.249851,0.352588,0.686783,0.120934,-0.196627,1
1.71351,-0.991914,-1.84598,-1.07581,2.00092,1.13903,-0.94824,1.71351,-0.991914,-1.84598,-1.07581,2.00092,1.13903,-0.94824,1.78093,-1.07152,-1.81514,-1.11971,1.93718,1.11683,-0.916302,-1.19882e-05,2.99652e-05,0,1.19882e-05,0,1.79769e-05,-1.19882e-05,-1.19882e-05,2.99652e-05,0,1.19882e-05,0,1.79769e-05,-1.19882e-05,0.532349,-0.455442,0.689796,0.572545,0.178095,0.150924,0.785936,0,0,0,1.53535,-0.421525,1.51898,-3.53514,0.161383,1.0427,-3.53514,0.161383,1.0427,-0.674182,0.796071,-0.308334,0.438961,0.637464,0.222024,-0.31938,1
1.71324,-0.992339,-1.84813,-1.07288,2.00103,1.15223,-0.94878,1.71324,-0.992339,-1.84813,-1.07288,2.00103,1.15223,-0.94878,1.78093,-1.07152,-1.81514,-1.11971,1.93718,1.11683,-0.916302,-1.19882e-05,2.99652e-05,0,1.19882e-05,0,1.79769e-05,-1.19882e-05,-1.19882e-05,2.99652e-05,0,1.19882e-05,0,1.79769e-05,-1.19882e-05,0.532349,-0.455442,0.689796,0.572545,0.178095,0.150924,0.785936,0,0,0,1.50009,-0.41963,1.52816,-3.52618,0.189558,0.917852,-3.52618,0.189558,0.917852,-0.676812,0.791813,-0.329814,0.468266,0.63857,0.354057,-0.324785,1
1.7148,-0.992832,-1.84689,-1.07855,2.00469,1.15135,-0.940423,1.7148,-0.992832,-1.84689,-1.07855,2.00469,1.15135,-0.940423,1.78093,-1.07152,-1.81514,-1.11971,1.93718,1.11683,-0.916302,-1.19882e-05,2.99652e-05,0,1.19882e-05,0,1.79769e-05,-1.19882e-05,-1.19882e-05,2.99652e-05,0,1.19882e-05,0,1.79769e-05,-1.19882e-05,0.532349,-0.455442,0.689796,0.572545,0.178095,0.150924,0.785936,0,0,0,1.46559,-0.417756,1.53641,-3.44987,0.187388,0.824738,-3.44987,0.187388,0.824738,-0.661252,0.786884,-0.317425,0.411617,0.675173,0.345164,-0.241215,1
1.71742,-0.993021,-1.84456,-1.07951,2.00508,1.15368,-0.937587,1.71742,-0.993021,-1.84456,-1.07951,2.00508,1.15368,-0.937587,1.78093,-1.07152,-1.81514,-1.11971,1.93718,1.11683,-0.916302,-1.19882e-05,2.99652e-05,0,1.19882e-05,0,1.79769e-05,-1.19882e-05,-1.19882e-05,2.99652e-05,0,1.19882e-05,0,1.79769e-05,-1.19882e-05,0.532349,-0.455442,0.689796,0.572545,0.178095,0.150924,0.785936,0,0,0,1.431,-0.416335,1.54363,-3.45945,0.142089,0.721669,-3.45945,0.142089,0.721669,-0.63507,0.785,-0.294197,0.401956,0.679071,0.368475,-0.212857,1
1.71756,-0.993382,-1.84522,-1.07826,2.00546,1.15397,-0.941119,1.71756,-0.993382,-1.84522,-1.07826,2.00546,1.15397,-0.941119,1.78093,-1.07152,-1.81514,-1.11971,1.93718,1.11683,-0.916302,-1.19882e-05,2.99652e-05,0,1.19882e-05,0,1.79769e-05,-1.19882e-05,-1.19882e-05,2.99652e-05,0,1.19882e-05,0,1.79769e-05,-1.19882e-05,0.532349,-0.455442,0.689796,0.572545,0.178095,0.150924,0.785936,0,0,0,1.39651,-0.414822,1.54989,-3.44867,0.151336,0.626004,-3.44867,0.151336,0.626004,-0.633703,0.781386,-0.300804,0.41445,0.68285,0.371382,-0.248168,1
1.71894,-0.993071,-1.84066,-1.08483,2.0074,1.14722,-0.937164,1.71894,-0.993071,-1.84066,-1.08483,2.0074,1.14722,-0.937164,1.78093,-1.07152,-1.81514,-1.11971,1.93718,1.11683,-0.916302,-1.19882e-05,2.99652e-05,0,1.19882e-05,0,1.79769e-05,-1.19882e-05,-1.19882e-05,2.99652e-05,0,1.19882e-05,0,1.79769e-05,-1.19882e-05,0.532349,-0.455442,0.689796,0.572545,0.178095,0.150924,0.785936,0,0,0,1.36243,-0.41295,1.5547,-3.40867,0.187176,0.480962,-3.40867,0.187176,0.480962,-0.619811,0.784498,-0.25516,0.348774,0.702214,0.303964,-0.208626,1
1.71626,-0.992466,-1.83927,-1.08857,2.00832,1.12352,-0.936317,1.71626,-0.992466,-1.83927,-1.08857,2.00832,1.12352,-0.936317,1.78093,-1.07152,-1.81514,-1.11971,1.93718,1.11683,-0.916302,-1.19882e-05,2.99652e-05,0,1.19882e-05,0,1.79769e-05,-1.19882e-05,-1.19882e-05,2.99652e-05,0,1.19882e-05,0,1.79769e-05,-1.19882e-05,0.532349,-0.455442,0.689796,0.572545,0.178095,0.150924,0.785936,0,0,0,1.32804,-0.41063,1.55902,-3.43901,0.231948,0.432241,-3.43901,0.231948,0.432241,-0.646605,0.790543,-0.241261,0.311373,0.711434,0.0668801,-0.200151,1
1.71474,-0.991389,-1.83879,-1.08677,2.00639,1.11037,-0.939648,1.71474,-0.991389,-1.83879,-1.08677,2.00639,1.11037,-0.939648,1.78093,-1.07152,-1.81514,-1.11971,1.93718,1.11683,-0.916302,-1.19882e-05,2.99652e-05,0,1.19882e-05,0,1.79769e-05,-1.19882e-05,-1.19882e-05,2.99652e-05,0,1.19882e-05,0,1.79769e-05,-1.19882e-05,0.532349,-0.455442,0.689796,0.572545,0.178095,0.150924,0.785936,0,0,0,1.29377,-0.408646,1.56227,-3.42661,0.198451,0.325263,-3.42661,0.198451,0.325263,-0.661855,0.801318,-0.236506,0.329413,0.692094,-0.0646326,-0.233458,1
1.71487,-0.991512,-1.84106,-1.0785,2.00434,1.12975,-0.945557,1.71487,-0.991512,-1.84106,-1.0785,2.00434,1.12975,-0.945557,1.78093,-1.07152,-1.81514,-1.11971,1.93718,1.11683,-0.916302,-1.19882e-05,2.99652e-05,0,1.19882e-05,0,1.79769e-05,-1.19882e-05,-1.19882e-05,2.99652e-05,0,1.19882e-05,0,1.79769e-05,-1.19882e-05,0.532349,-0.455442,0.689796,0.572545,0.178095,0.150924,0.785936,0,0,0,1.2599,-0.407086,1.5646,-3.38701,0.156,0.232732,-3.38701,0.156,0.232732,-0.660555,0.800091,-0.259123,0.412077,0.671648,0.12926,-0.292547,1
1.71261,-0.99278,-1.8506,-1.07212,2.00287,1.15111,-0.950164,1.71261,-0.99278,-1.8506,-1.07212,2.00287,1.15111,-0.950164,1.78093,-1.07152,-1.81514,-1.11971,1.93718,1.11683,-0.916302,-1.19882e-05,2.99652e-05,0,1.19882e-05,0,1.79769e-05,-1.19882e-05,-1.19882e-05,2.99652e-05,0,1.19882e-05,0,1.79769e-05,-1.19882e-05,0.532349,-0.455442,0.689796,0.572545,0.178095,0.150924,0.785936,0,0,0,1.226,-0.405789,1.5662,-3.39036,0.129673,0.160205,-3.39036,0.129673,0.160205,-0.683144,0.787408,-0.354545,0.475915,0.656917,0.342796,-0.338618,1
1.71469,-0.992904,-1.84831,-1.0775,2.00625,1.15056,-0.94483,1.71469,-0.992904,-1.84831,-1.0775,2.00625,1.15056,-0.94483,1.78093,-1.07152,-1.81514,-1.11971,1.93718,1.11683,-0.916302,-1.19882e-05,2.99652e-05,0,1.19882e-05,0,1.79769e-05,-1.19882e-05,-1.19882e-05,2.99652e-05,0,1.19882e-05,0,1.79769e-05,-1.19882e-05,0.532349,-0.455442,0.689796,0.572545,0.178095,0.150924,0.785936,0,0,0,1.19159,-0.403946,1.56697,-3.44055,0.184327,0.0765681,-3.44055,0.184327,0.0765681,-0.662319,0.786165,-0.331654,0.422042,0.690777,0.337304,-0.285283,1
1.71737,-0.993072,-1.84346,-1.0858,2.00829,1.14446,-0.93575,1.71737,-0.993072,-1.84346,-1.0858,2.00829,1.14446,-0.93575,1.78093,-1.07152,-1.81514,-1.11971,1.93718,1.11683,-0.916302,-1.19882e-05,2.99652e-05,0,1.19882e-05,0,1.79769e-05,-1.19882e-05,-1.19882e-05,2.99652e-05,0,1.19882e-05,0,1.79769e-05,-1.19882e-05,0.532349,-0.455442,0.689796,0.572545,0.178095,0.150924,0.785936,0,0,0,1.15709,-0.402155,1.56657,-3.44956,0.179136,-0.0392079,-3.44956,0.179136,-0.0392079,-0.635535,0.784491,-0.283136,0.339043,0.711152,0.276348,-0.194485,1
1.71703,-0.992964,-1.84257,-1.08527,2.00818,1.14423,-0.937979,1.71703,-0.992964,-1.84257,-1.08527,2.00818,1.14423,-0.937979,1.78093,-1.07152,-1.81514,-1.11971,1.93718,1.11683,-0.916302,-1.19882e-05,2.99652e-05,0,1.19882e-05,0,1.79769e-05,-1.19882e-05,-1.19882e-05,2.99652e-05,0,1.19882e-05,0,1.79769e-05,-1.19882e-05,0.532349,-0.455442,0.689796,0.572545,0.178095,0.150924,0.785936,0,0,0,1.1227,-0.400656,1.56475,-3.4397,0.149807,-0.182116,-3.4397,0.149807,-0.182116,-0.638985,0.785567,-0.274229,0.344418,0.710067,0.274053,-0.216773,1
1.71565,-0.993287,-1.84536,-1.08323,2.00787,1.1458,-0.942144,1.71565,-0.993287,-1.84536,-1.08323,2.00787,1.1458,-0.942144,1.78093,-1.07152,-1.81514,-1.11971,1.93718,1.11683,-0.916302,-1.19882e-05,2.99652e-05,0,1.19882e-05,0,1.79769e-05,-1.19882e-05,-1.19882e-05,2.99652e-05,0,1.19882e-05,0,1.79769e-05,-1.19882e-05,0.532349,-0.455442,0.689796,0.572545,0.178095,0.150924,0.785936,0,0,0,1.08884,-0.399129,1.56235,-3.38581,0.152764,-0.239754,-3.38581,0.152764,-0.239754,-0.652796,0.782341,-0.302124,0.364784,0.706989,0.289712,-0.25842,1
1.7158,-0.993019,-1.84381,-1.08447,2.00843,1.14357,-0.942094,1.7158,-0.993019,-1.84381,-1.08447,2.00843,1.14357,-0.942094,1.78093,-1.07152,-1.81514,-1.11971,1.93718,1.11683,-0.916302,-1.19882e-05,2.99652e-05,0,1.19882e-05,0,1.79769e-05,-1.19882e-05,-1.19882e-05,2.99652e-05,0,1.19882e-05,0,1.79769e-05,-1.19882e-05,0.532349,-0.455442,0.689796,0.572545,0.178095,0.150924,0.785936,0,0,0,1.05423,-0.397344,1.55896,-3.46109,0.178483,-0.339115,-3.46109,0.178483,-0.339115,-0.651216,0.785021,-0.286624,0.352327,0.712564,0.267421,-0.257925,1
1.71511,-0.99306,-1.84411,-1.0866,2.00888,1.13697,-0.940556,1.71511,-0.99306,-1.84411,-1.0866,2.00888,1.13697,-0.940556,1.78093,-1.07152,-1.81514,-1.11971,1.93718,1.11683,-0.916302,-1.19882e-05,2.99652e-05,0,1.19882e-05,0,1.79769e-05,-1.19882e-05,-1.19882e-05,2.99652e-05,0,1.19882e-05,0,1.79769e-05,-1.19882e-05,0.532349,-0.455442,0.689796,0.572545,0.178095,0.150924,0.785936,0,0,0,1.0196,-0.395414,1.55445,-3.46239,0.193009,-0.451338,-3.46239,0.193009,-0.451338,-0.658137,0.784608,-0.289612,0.331069,0.717015,0.201399,-0.242543,1
1.71527,-0.992772,-1.84296,-1.08934,2.00922,1.12852,-0.938785,1.71527,-0.992772,-1.84296,-1.08934,2.00922,1.12852,-0.938785,1.78093,-1.07152,-1.81514,-1.11971,1.93718,1.11683,-0.916302,-1.19882e-05,2.99652e-05,0,1.19882e-05,0,1.79769e-05,-1.19882e-05,-1.19882e-05,2.99652e-05,0,1.19882e-05,0,1.79769e-05,-1.19882e-05,0.532349,-0.455442,0.689796,0.572545,0.178095,0.150924,0.785936,0,0,0,0.985551,-0.393424,1.54873,-3.40533,0.198969,-0.571942,-3.40533,0.198969,-0.571942,-0.656565,0.787487,-0.278189,0.303713,0.720401,0.116903,-0.224835,1
1.71548,-0.992665,-1.84469,-1.08209,2.0076,1.14114,-0.943015,1.71548,-0.992665,-1.84469,-1.08209,2.0076,1.14114,-0.943015,1.78093,-1.07152,-1.81514,-1.11971,1.93718,1.11683,-0.916302,-1.19882e-05,2.99652e-05,0,1.19882e-05,0,1.79769e-05,-1.19882e-05,-1.19882e-05,2.99652e-05,0,1.19882e-05,0,1.79769e-05,-1.19882e-05,0.532349,-0.455442,0.689796,0.572545,0.178095,0.150924,0.785936,0,0,0,0.951164,-0.392014,1.54208,-3.43875,0.141019,-0.665283,-3.43875,0.141019,-0.665283,-0.6545,0.788562,-0.295483,0.376165,0.704209,0.243074,-0.267136,1
1.71648,-0.994104,-1.8472,-1.07644,2.00749,1.15494,-0.946782,1.71648,-0.994104,-1.8472,-1.07644,2.00749,1.15494,-0.946782,1.78093,-1.07152,-1.81514,-1.11971,1.93718,1.11683,-0.916302,-1.19882e-05,2.99652e-05,0,1.19882e-05,0,1.79769e-05,-1.19882e-05,-1.19882e-05,2.99652e-05,0,1.19882e-05,0,1.79769e-05,-1.19882e-05,0.532349,-0.455442,0.689796,0.572545,0.178095,0.150924,0.785936,0,0,0,0.916866,-0.390816,1.53418,-3.42979,0.119829,-0.790012,-3.42979,0.119829,-0.790012,-0.644492,0.774168,-0.320565,0.432633,0.703191,0.381103,-0.304804,1
1.71768,-0.994364,-1.84576,-1.08888,2.0107,1.14542,-0.938121,1.71768,-0.994364,-1.84576,-1.08888,2.0107,1.14542,-0.938121,1.78093,-1.07152,-1.81514,-1.11971,1.93718,1.11683,-0.916302,-1.19882e-05,2.99652e-05,0,1.19882e-05,0,1.79769e-05,-1.19882e-05,-1.19882e-05,2.99652e-05,0,1.19882e-05,0,1.79769e-05,-1.19882e-05,0.532349,-0.455442,0.689796,0.572545,0.178095,0.150924,0.785936,0,0,0,0.883007,-0.389093,1.52532,-3.38593,0.172237,-0.885522,-3.38593,0.172237,-0.885522,-0.632461,0.771565,-0.306131,0.308307,0.735213,0.285948,-0.218194,1
1.71802,-0.99336,-1.84061,-1.10422,2.01209,1.11238,-0.926887,1.71802,-0.99336,-1.84061,-1.10422,2.01209,1.11238,-0.926887,1.78093,-1.07152,-1.81514,-1.11971,1.93718,1.11683,-0.916302,-1.19882e-05,2.99652e-05,0,1.19882e-05,0,1.79769e-05,-1.19882e-05,-1.19882e-05,2.99652e-05,0,1.19882e-05,0,1.79769e-05,-1.19882e-05,0.532349,-0.455442,0.689796,0.572545,0.178095,0.150924,0.785936,0,0,0,0.849473,-0.387094,1.51566,-3.35337,0.199893,-0.966585,-3.35337,0.199893,-0.966585,-0.629098,0.781603,-0.254608,0.154891,0.749144,-0.0444623,-0.105854,1
1.718,-0.9913,-1.83585,-1.09499,2.0101,1.09908,-0.929858,1.718,-0.9913,-1.83585,-1.09499,2.0101,1.09908,-0.929858,1.78093,-1.07152,-1.81514,-1.11971,1.93718,1.11683,-0.916302,-1.19882e-05,2.99652e-05,0,1.19882e-05,0,1.79769e-05,-1.19882e-05,-1.19882e-05,2.99652e-05,0,1.19882e-05,0,1.79769e-05,-1.19882e-05,0.532349,-0.455442,0.689796,0.572545,0.178095,0.150924,0.785936,0,0,0,0.815409,-0.385462,1.50496,-3.40634,0.163239,-1.06927,-3.40634,0.163239,-1.06927,-0.629301,0.802207,-0.207011,0.247203,0.729275,-0.177494,-0.135565,1
1.71889,-0.991922,-1.84017,-1.0794,2.0075,1.1304,-0.94233,1.71889,-0.991922,-1.84017,-1.0794,2.0075,1.1304,-0.94233,1.78093,-1.07152,-1.81514,-1.11971,1.93718,1.11683,-0.916302,-1.19882e-05,2.99652e-05,0,1.19882e-05,0,1.79769e-05,-1.19882e-05,-1.19882e-05,2.99652e-05,0,1.19882e-05,0,1.79769e-05,-1.19882e-05,0.532349,-0.455442,0.689796,0.572545,0.178095,0.150924,0.785936,0,0,0,0.781413,-0.384178,1.49354,-3.39968,0.12843,-1.14255,-3.39968,0.12843,-1.14255,-0.620366,0.795983,-0.250242,0.403088,0.703251,0.135727,-0.260279,1
1.71412,-0.994552,-1.84923,-1.07753,2.00937,1.12949,-0.947756,1.71412,-0.994552,-1.84923,-1.07753,2.00937,1.12949,-0.947756,1.78093,-1.07152,-1.81514,-1.11971,1.93718,1.11683,-0.916302,-1.19882e-05,2.99652e-05,0,1.19882e-05,0,1.79769e-05,-1.19882e-05,-1.19882e-05,2.99652e-05,0,1.19882e-05,0,1.79769e-05,-1.19882e-05,0.532349,-0.455442,0.689796,0.572545,0.178095,0.150924,0.785936,0,0,0,0.748104,-0.382196,1.48151,-3.33087,0.198197,-1.20249,-3.33087,0.198197,-1.20249,-0.668065,0.769692,-0.340857,0.421802,0.721968,0.126609,-0.314538,1
1.71539,-0.993332,-1.84679,-1.0895,2.0101,1.11385,-0.941501,1.71539,-0.993332,-1.84679,-1.0895,2.0101,1.11385,-0.941501,1.78093,-1.07152,-1.81514,-1.11971,1.93718,1.11683,-0.916302,-1.19882e-05,2.99652e-05,0,1.19882e-05,0,1.79769e-05,-1.19882e-05,-1.19882e-05,2.99652e-05,0,1.19882e-05,0,1.79769e-05,-1.19882e-05,0.532349,-0.455442,0.689796,0.572545,0.178095,0.150924,0.785936,0,0,0,0.714161,-0.380399,1.46879,-3.39427,0.179672,-1.27246,-3.39427,0.179672,-1.27246,-0.655386,0.781889,-0.316449,0.302043,0.72928,-0.0297518,-0.251989,1
1.71685,-0.992496,-1.84343,-1.09345,2.01069,1.10035,-0.936011,1.71685,-0.992496,-1.84343,-1.09345,2.01069,1.10035,-0.936011,1.78093,-1.07152,-1.81514,-1.11971,1.93718,1.11683,-0.916302,-1.19882e-05,2.99652e-05,0,1.19882e-05,0,1.79769e-05,-1.19882e-05,-1.19882e-05,2.99652e-05,0,1.19882e-05,0,1.79769e-05,-1.19882e-05,0.532349,-0.455442,0.689796,0.572545,0.178095,0.150924,0.785936,0,0,0,0.679953,-0.378666,1.45453,-3.42082,0.173321,-1.42597,-3.42082,0.173321,-1.42597,-0.640725,0.790242,-0.282872,0.262623,0.73518,-0.164794,-0.197088,1
1.71983,-0.992482,-1.84245,-1.08668,2.01019,1.11426,-0.935741,1.71983,-0.992482,-1.84245,-1.08668,2.01019,1.11426,-0.935741,1.78093,-1.07152,-1.81514,-1.11971,1.93718,1.11683,-0.916302,-1.19882e-05,2.99652e-05,0,1.19882e-05,0,1.79769e-05,-1.19882e-05,-1.19882e-05,2.99652e-05,0,1.19882e-05,0,1.79769e-05,-1.19882e-05,0.532349,-0.455442,0.689796,0.572545,0.178095,0.150924,0.785936,0,0,0,0.646175,-0.377367,1.43893,-3.3778,0.129834,-1.56,-3.3778,0.129834,-1.56,-0.610954,0.790387,-0.273082,0.330249,0.730176,-0.0256911,-0.194392,1
1.72028,-0.994771,-1.8467,-1.07668,2.01012,1.14072,-0.942169,1.72028,-0.994771,-1.8467,-1.07668,2.01012,1.14072,-0.942169,1.78093,-1.07152,-1.81514,-1.11971,1.93718,1.11683,-0.916302,-1.19882e-05,2.99652e-05,0,1.19882e-05,0,1.79769e-05,-1.19882e-05,-1.19882e-05,2.99652e-05,0,1.19882e-05,0,1.79769e-05,-1.19882e-05,0.532349,-0.455442,0.689796,0.572545,0.178095,0.150924,0.785936,0,0,0,0.612479,-0.376234,1.42272,-3.36961,0.113374,-1.62052,-3.36961,0.113374,-1.62052,-0.606452,0.767502,-0.315604,0.430249,0.729405,0.238962,-0.25867,1
1.72146,-0.9963,-1.84763,-1.08215,2.01157,1.14155,-0.941534,1.72146,-0.9963,-1.84763,-1.08215,2.01157,1.14155,-0.941534,1.78093,-1.07152,-1.81514,-1.11971,1.93718,1.11683,-0.916302,-1.19882e-05,2.99652e-05,0,1.19882e-05,0,1.79769e-05,-1.19882e-05,-1.19882e-05,2.99652e-05,0,1.19882e-05,0,1.79769e-05,-1.19882e-05,0.532349,-0.455442,0.689796,0.572545,0.178095,0.150924,0.785936,0,0,0,0.577821,-0.374775,1.40556,-3.4658,0.145844,-1.71655,-3.4658,0.145844,-1.71655,-0.594611,0.752209,-0.324864,0.375606,0.743917,0.247222,-0.252318,1
1.71827,-0.995475,-1.84937,-1.10712,2.01288,1.11313,-0.929635,1.71827,-0.995475,-1.84937,-1.10712,2.01288,1.11313,-0.929635,1.78093,-1.07152,-1.81514,-1.11971,1.93718,1.11683,-0.916302,-1.19882e-05,2.99652e-05,0,1.19882e-05,0,1.79769e-05,-1.19882e-05,-1.19882e-05,2.99652e-05,0,1.19882e-05,0,1.79769e-05,-1.19882e-05,0.532349,-0.455442,0.689796,0.572545,0.178095,0.150924,0.785936,0,0,0,0.543971,-0.372975,1.38736,-3.38497,0.180057,-1.81935,-3.38497,0.180057,-1.81935,-0.626562,0.760456,-0.342219,0.125857,0.757045,-0.0369915,-0.13333,1
1.72063,-0.992963,-1.84727,-1.10923,2.01196,1.09657,-0.922862,1.72063,-0.992963,-1.84727,-1.10923,2.01196,1.09657,-0.922862,1.78093,-1.07152,-1.81514,-1.11971,1.93718,1.11683,-0.916302,-1.19882e-05,2.99652e-05,0,1.19882e-05,0,1.79769e-05,-1.19882e-05,-1.19882e-05,2.99652e-05,0,1.19882e-05,0,1.79769e-05,-1.19882e-05,0.532349,-0.455442,0.689796,0.572545,0.178095,0.150924,0.785936,0,0,0,0.510111,-0.371479,1.36819,-3.38603,0.149566,-1.91754,-3.38603,0.149566,-1.91754,-0.602963,0.785574,-0.321222,0.104762,0.747834,-0.202607,-0.0656025,1
1.72718,-0.993873,-1.84631,-1.09183,2.0109,1.12685,-0.927694,1.72718,-0.993873,-1.84631,-1.09183,2.0109,1.12685,-0.927694,1.78093,-1.07152,-1.81514,-1.11971,1.93718,1.11683,-0.916302,-1.19882e-05,2.99652e-05,0,1.19882e-05,0,1.79769e-05,-1.19882e-05,-1.19882e-05,2.99652e-05,0,1.19882e-05,0,1.79769e-05,-1.19882e-05,0.532349,-0.455442,0.689796,0.572545,0.178095,0.150924,0.785936,0,0,0,0.475636,-0.370101,1.34769,-3.44748,0.137785,-2.04946,-3.44748,0.137785,-2.04946,-0.537433,0.776477,-0.311626,0.278776,0.737261,0.100248,-0.113926,1
1.73073,-0.999531,-1.85245,-1.08061,2.01247,1.15218,-0.930539,1.73073,-0.999531,-1.85245,-1.08061,2.01247,1.15218,-0.930539,1.78093,-1.07152,-1.81514,-1.11971,1.93718,1.11683,-0.916302,-1.19882e-05,2.99652e-05,0,1.19882e-05,0,1.79769e-05,-1.19882e-05,-1.19882e-05,2.99652e-05,0,1.19882e-05,0,1.79769e-05,-1.19882e-05,0.532349,-0.455442,0.689796,0.572545,0.178095,0.150924,0.785936,0,0,0,0.441929,-0.3687,1.32597,-3.37072,0.14008,-2.17202,-3.37072,0.14008,-2.17202,-0.501954,0.719893,-0.373013,0.390932,0.752954,0.3535,-0.142373,1
1.72892,-1.00062,-1.85245,-1.09327,2.01431,1.14625,-0.914554,1.72892,-1.00062,-1.85245,-1.09327,2.01431,1.14625,-0.914554,1.78093,-1.07152,-1.81514,-1.11971,1.93718,1.11683,-0.916302,-1.19882e-05,2.99652e-05,0,1.19882e-05,0,1.79769e-05,-1.19882e-05,-1.19882e-05,2.99652e-05,0,1.19882e-05,0,1.79769e-05,-1.19882e-05,0.532349,-0.455442,0.689796,0.572545,0.178095,0.150924,0.785936,0,0,0,0.408756,-0.367084,1.30322,-3.31729,0.161687,-2.27524,-3.31729,0.161687,-2.27524,-0.520068,0.709029,-0.373088,0.264381,0.771324,0.294188,0.0174744,1
1.72386,-0.998134,-1.85815,-1.11461,2.01458,1.1224,-0.909555,1.72386,-0.998134,-1.85815,-1.11461,2.01458,1.1224,-0.909555,1.78093,-1.07152,-1.81514,-1.11971,1.93718,1.11683,-0.916302,-1.19882e-05,2.99652e-05,0,1.19882e-05,0,1.79769e-05,-1.19882e-05,-1.19882e-05,2.99652e-05,0,1.19882e-05,0,1.79769e-05,-1.19882e-05,0.532349,-0.455442,0.689796,0.572545,0.178095,0.150924,0.785936,0,0,0,0.375227,-0.365796,1.27968,-3.35286,0.128785,-2.35415,-3.35286,0.128785,-2.35415,-0.570699,0.733868,-0.430062,0.0510002,0.774028,0.0557337,0.0674668,1
1.72412,-0.998546,-1.85946,-1.09896,2.01317,1.11851,-0.907275,1.72412,-0.998546,-1.85946,-1.09896,2.01317,1.11851,-0.907275,1.78093,-1.07152,-1.81514,-1.11971,1.93718,1.11683,-0.916302,-1.19882e-05,2.99652e-05,0,1.19882e-05,0,1.79769e-05,-1.19882e-05,-1.19882e-05,2.99652e-05,0,1.19882e-05,0,1.79769e-05,-1.19882e-05,0.532349,-0.455442,0.689796,0.572545,0.178095,0.150924,0.785936,0,0,0,0.341996,-0.364425,1.25539,-3.32317,0.137091,-2.42898,-3.32317,0.137091,-2.42898,-0.568017,0.729751,-0.44318,0.20744,0.759954,0.0168471,0.0902634,1
1.7279,-1.00511,-1.86347,-1.0842,2.01225,1.14649,-0.910411,1.7279,-1.00511,-1.86347,-1.0842,2.01225,1.14649,-0.910411,1.78093,-1.07152,-1.81514,-1.11971,1.93718,1.11683,-0.916302,-1.19882e-05,2.99652e-05,0,1.19882e-05,0,1.79769e-05,-1.19882e-05,-1.19882e-05,2.99652e-05,0,1.19882e-05,0,1.79769e-05,-1.19882e-05,0.532349,-0.455442,0.689796,0.572545,0.178095,0.150924,0.785936,0,0,0,0.308527,-0.363198,1.23045,-3.34684,0.122654,-2.49444,-3.34684,0.122654,-2.49444,-0.530287,0.664142,-0.483302,0.355063,0.750693,0.296664,0.0589077,1
1.72892,-1.01537,-1.86656,-1.09318,2.01397,1.13973,-0.917547,1.72892,-1.01537,-1.86656,-1.09318,2.01397,1.13973,-0.917547,1.78093,-1.07152,-1.81514,-1.11971,1.93718,1.11683,-0.916302,-1.19882e-05,2.99652e-05,0,1.19882e-05,0,1.79769e-05,-1.19882e-05,-1.19882e-05,2.99652e-05,0,1.19882e-05,0,1.79769e-05,-1.19882e-05,0.532349,-0.455442,0.689796,0.572545,0.178095,0.150924,0.785936,0,0,0,0.275265,-0.361165,1.20493,-3.3262,0.203311,-2.55151,-3.3262,0.203311,-2.55151,-0.52004,0.561547,-0.514157,0.265316,0.767939,0.228975,-0.0124466,1
1.72593,-1.01004,-1.86884,-1.09524,2.01334,1.12863,-0.912033,1.72593,-1.01004,-1.86884,-1.09524,2.01334,1.12863,-0.912033,1.78093,-1.07152,-1.81514,-1.11971,1.93718,1.11683,-0.916302,-1.19882e-05,2.99652e-05,0,1.19882e-05,0,1.79769e-05,-1.19882e-05,-1.19882e-05,2.99652e-05,0,1.19882e-05,0,1.79769e-05,-1.19882e-05,0.532349,-0.455442,0.689796,0.572545,0.178095,0.150924,0.785936,0,0,0,0.24136,-0.359537,1.17866,-3.39053,0.162777,-2.62742,-3.39053,0.162777,-2.62742,-0.549916,0.614777,-0.536929,0.244628,0.761613,0.118052,0.0426859,1
1.72575,-1.01071,-1.86923,-1.09303,2.01302,1.12889,-0.912217,1.72575,-1.01071,-1.86923,-1.09303,2.01302,1.12889,-0.912217,1.78093,-1.07152,-1.81514,-1.11971,1.93718,1.11683,-0.916302,-1.19882e-05,2.99652e-05,0,1.19882e-05,0,1.79769e-05,-1.19882e-05,-1.19882e-05,2.99652e-05,0,1.19882e-05,0,1.79769e-05,-1.19882e-05,0.532349,-0.455442,0.689796,0.572545,0.178095,0.150924,0.785936,0,0,0,0.207897,-0.358183,1.15062,-3.34628,0.13546,-2.80361,-3.34628,0.13546,-2.80361,-0.551708,0.608091,-0.540871,0.266826,0.758419,0.120595,0.040852,1
1.73179,-1.0172,-1.86946,-1.09424,2.01234,1.13951,-0.922498,1.73179,-1.0172,-1.86946,-1.09424,2.01234,1.13951,-0.922498,1.78093,-1.07152,-1.81514,-1.11971,1.93718,1.11683,-0.916302,-1.19882e-05,2.99652e-05,0,1.19882e-05,0,1.79769e-05,-1.19882e-05,-1.19882e-05,2.99652e-05,0,1.19882e-05,0,1.79769e-05,-1.19882e-05,0.532349,-0.455442,0.689796,0.572545,0.178095,0.150924,0.785936,0,0,0,0.174533,-0.357096,1.12096,-3.33646,0.108635,-2.96578,-3.33646,0.108635,-2.96578,-0.491326,0.543166,-0.543191,0.254651,0.751595,0.226785,-0.0619649,1
1.74034,-1.02705,-1.87197,-1.10766,2.01246,1.14876,-0.931918,1.74034,-1.02705,-1.87197,-1.10766,2.01246,1.14876,-0.931918,1.78093,-1.07152,-1.81514,-1.11971,1.93718,1.11683,-0.916302,-1.19882e-05,2.99652e-05,0,1.19882e-05,0,1.79769e-05,-1.19882e-05,-1.19882e-05,2.99652e-05,0,1.19882e-05,0,1.79769e-05,-1.19882e-05,0.532349,-0.455442,0.689796,0.572545,0.178095,0.150924,0.785936,0,0,0,0.141116,-0.355937,1.09115,-3.34166,0.115946,-2.98105,-3.34166,0.115946,-2.98105,-0.405902,0.444662,-0.568307,0.120509,0.75289,0.319364,-0.15616,1
1.74054,-1.03398,-1.87326,-1.13573,2.014,1.14718,-0.931846,1.74054,-1.03398,-1.87326,-1.13573,2.014,1.14718,-0.931846,1.78093,-1.07152,-1.81514,-1.11971,1.93718,1.11683,-0.916302,-1.19882e-05,2.99652e-05,0,1.19882e-05,0,1.79769e-05,-1.19882e-05,-1.19882e-05,2.99652e-05,0,1.19882e-05,0,1.79769e-05,-1.19882e-05,0.532349,-0.455442,0.689796,0.572545,0.178095,0.150924,0.785936,0,0,0,0.107628,-0.354196,1.06042,-3.34885,0.174138,-3.07341,-3.34885,0.174138,-3.07341,-0.403863,0.375454,-0.581133,-0.160228,0.768271,0.303471,-0.155446,1
1.73559,-1.02366,-1.87447,-1.12811,2.01354,1.15088,-0.931334,1.73559,-1.02366,-1.87447,-1.12811,2.01354,1.15088,-0.931334,1.78093,-1.07152,-1.81514,-1.11971,1.93718,1.11683,-0.916302,-1.19882e-05,2.99652e-05,0,1.19882e-05,0,1.79769e-05,-1.19882e-05,-1.19882e-05,2.99652e-05,0,1.19882e-05,0,1.79769e-05,-1.19882e-05,0.532349,-0.455442,0.689796,0.572545,0.178095,0.150924,0.785936,0,0,0,0.0745218,-0.352873,1.02874,-3.31057,0.132254,-3.1677,-3.31057,0.132254,-3.1677,-0.453317,0.478643,-0.593296,-0.084044,0.763662,0.340543,-0.150325,1
1.73538,-1.02872,-1.87567,-1.1457,2.01394,1.15309,-0.933805,1.73538,-1.02872,-1.87567,-1.1457,2.01394,1.15309,-0.933805,1.78093,-1.07152,-1.81514,-1.11971,1.93718,1.11683,-0.916302,-1.19882e-05,2.99652e-05,0,1.19882e-05,0,1.79769e-05,-1.19882e-05,-1.19882e-05,2.99652e-05,0,1.19882e-05,0,1.79769e-05,-1.19882e-05,0.532349,-0.455442,0.689796,0.572545,0.178095,0.150924,0.785936,0,0,0,0.0409235,-0.351536,0.996037,-3.35983,0.133708,-3.27043,-3.35983,0.133708,-3.27043,-0.455453,0.427971,-0.605239,-0.259966,0.76767,0.36265,-0.175035,1
1.73699,-1.03096,-1.8758,-1.14764,2.01355,1.15774,-0.941066,1.73699,-1.03096,-1.8758,-1.14764,2.01355,1.15774,-0.941066,1.78093,-1.07152,-1.81514,-1.11971,1.93718,1.11683,-0.916302,-1.19882e-05,2.99652e-05,0,1.19882e-05,0,1.79769e-05,-1.19882e-05,-1.19882e-05,2.99652e-05,0,1.19882e-05,0,1.79769e-05,-1.19882e-05,0.532349,-0.455442,0.689796,0.572545,0.178095,0.150924,0.785936,0,0,0,0.00708426,-0.350069,0.962325,-3.38392,0.146699,-3.37126,-3.38392,0.146699,-3.37126,-0.439314,0.405609,-0.60651,-0.279325,0.763743,0.409105,-0.247639,1
1.74587,-1.04177,-1.87709,-1.15962,2.01385,1.16465,-0.943572,1.74587,-1.04177,-1.87709,-1.15962,2.01385,1.16465,-0.943572,1.78093,-1.07152,-1.81514,-1.11971,1.93718,1.11683,-0.916302,-1.19882e-05,2.99652e-05,0,1.19882e-05,0,1.79769e-05,-1.19882e-05,-1.19882e-05,2.99652e-05,0,1.19882e-05,0,1.79769e-05,-1.19882e-05,0.532349,-0.455442,0.689796,0.572545,0.178095,0.150924,0.785936,0,0,0,-0.025817,-0.348865,0.9271,-3.29012,0.120431,-3.52252,-3.29012,0.120431,-3.52252,-0.350526,0.297523,-0.619455,-0.399108,0.766788,0.478229,-0.272699,1
1.74696,-1.06046,-1.87921,-1.16604,2.01409,1.16655,-0.948458,1.74696,-1.06046,-1.87921,-1.16604,2.01409,1.16655,-0.948458,1.78093,-1.07152,-1.81514,-1.11971,1.93718,1.11683,-0.916302,-1.19882e-05,2.99652e-05,0,1.19882e-05,0,1.79769e-05,-1.19882e-05,-1.19882e-05,2.99652e-05,0,1.19882e-05,0,1.79769e-05,-1.19882e-05,0.532349,-0.455442,0.689796,0.572545,0.178095,0.150924,0.785936,0,0,0,-0.0588853,-0.347272,0.890829,-3.30683,0.159252,-3.62704,-3.30683,0.159252,-3.62704,-0.339677,0.11059,-0.64062,-0.463373,0.769153,0.497227,-0.321558,1
1.75344,-1.06401,-1.88038,-1.1681,2.01276,1.17192,-0.950915,1.75344,-1.06401,-1.88038,-1.1681,2.01276,1.17192,-0.950915,1.78093,-1.07152,-1.81514,-1.11971,1.93718,1.11683,-0.916302,-1.19882e-05,2.99652e-05,0,1.19882e-05,0,1.79769e-05,-1.19882e-05,-1.19882e-05,2.99652e-05,0,1.19882e-05,0,1.79769e-05,-1.19882e-05,0.532349,-0.455442,0.689796,0.572545,0.178095,0.150924,0.785936,0,0,0,-0.0919952,-0.347033,0.853638,-3.311,0.0239342,-3.71913,-3.311,0.0239342,-3.71913,-0.274895,0.0750777,-0.652369,-0.483925,0.75583,0.550949,-0.346129,1
1.75155,-1.09117,-1.8832,-1.17607,2.01369,1.16767,-0.953902,1.75155,-1.09117,-1.8832,-1.17607,2.01369,1.16767,-0.953902,1.78093,-1.07152,-1.81514,-1.11971,1.93718,1.11683,-0.916302,-1.19882e-05,2.99652e-05,0,1.19882e-05,0,1.79769e-05,-1.19882e-05,-1.19882e-05,2.99652e-05,0,1.19882e-05,0,1.79769e-05,-1.19882e-05,0.532349,-0.455442,0.689796,0.572545,0.178095,0.150924,0.785936,0,0,0,-0.124309,-0.345497,0.815848,-3.2314,0.153601,-3.77899,-3.2314,0.153601,-3.77899,-0.293775,-0.196527,-0.680539,-0.563604,0.765183,0.508382,-0.376005,1
1.74474,-1.10686,-1.88415,-1.18247,2.01319,1.16976,-0.960073,1.74474,-1.10686,-1.88415,-1.18247,2.01319,1.16976,-0.960073,1.78093,-1.07152,-1.81514,-1.11971,1.93718,1.11683,-0.916302,-1.19882e-05,2.99652e-05,0,1.19882e-05,0,1.79769e-05,-1.19882e-05,-1.19882e-05,2.99652e-05,0,1.19882e-05,0,1.79769e-05,-1.19882e-05,0.532349,-0.455442,0.689796,0.572545,0.178095,0.150924,0.785936,0,0,0,-0.156679,-0.343495,0.77723,-3.23694,0.200221,-3.86184,-3.23694,0.200221,-3.86184,-0.361874,-0.353364,-0.690028,-0.62761,0.760139,0.52928,-0.437713,1
1.74881,-1.11692,-1.88538,-1.18573,2.01162,1.17542,-0.964612,1.74881,-1.11692,-1.88538,-1.18573,2.01162,1.17542,-0.964612,1.78093,-1.07152,-1.81514,-1.11971,1.93718,1.11683,-0.916302,-1.19882e-05,2.99652e-05,0,1.19882e-05,0,1.79769e-05,-1.19882e-05,-1.19882e-05,2.99652e-05,0,1.19882e-05,0,1.79769e-05,-1.19882e-05,0.532349,-0.455442,0.689796,0.572545,0.178095,0.150924,0.785936,0,0,0,-0.189741,-0.341954,0.73842,-3.30623,0.154045,-3.88101,-3.30623,0.154045,-3.88101,-0.321182,-0.453986,-0.702384,-0.660202,0.744461,0.585914,-0.483097,1
1.75417,-1.12126,-1.88577,-1.18692,2.01176,1.17559,-0.964738,1.75417,-1.12126,-1.88577,-1.18692,2.01176,1.17559,-0.964738,1.78093,-1.07152,-1.81514,-1.11971,1.93718,1.11683,-0.916302,-1.19882e-05,2.99652e-05,0,1.19882e-05,0,1.79769e-05,-1.19882e-05,-1.19882e-05,2.99652e-05,0,1.19882e-05,0,1.79769e-05,-1.19882e-05,0.532349,-0.455442,0.689796,0.572545,0.178095,0.150924,0.785936,0,0,0,-0.223146,-0.340164,0.69903,-3.34051,0.17904,-3.93897,-3.34051,0.17904,-3.93897,-0.267528,-0.49736,-0.706228,-0.672161,0.745882,0.587653,-0.484362,1
1.76048,-1.12927,-1.88606,-1.1887,2.01193,1.17678,-0.964641,1.76048,-1.12927,-1.88606,-1.1887,2.01193,1.17678,-0.964641,1.78093,-1.07152,-1.81514,-1.11971,1.93718,1.11683,-0.916302,-1.19882e-05,2.99652e-05,0,1.19882e-05,0,1.79769e-05,-1.19882e-05,-1.19882e-05,2.99652e-05,0,1.19882e-05,0,1.79769e-05,-1.19882e-05,0.532349,-0.455442,0.689796,0.572545,0.178095,0.150924,0.785936,0,0,0,-0.25611,-0.338948,0.657644,-3.29641,0.121528,-4.13862,-3.29641,0.121528,-4.13862,-0.204496,-0.577502,-0.709127,-0.689927,0.747519,0.599538,-0.483395,1
1.76244,-1.13609,-1.88639,-1.18958,2.01194,1.17756,-0.965933,1.76244,-1.13609,-1.88639,-1.18958,2.01194,1.17756,-0.965933,1.78093,-1.07152,-1.81514,-1.11971,1.93718,1.11683,-0.916302,-1.19882e-05,2.99652e-05,0,1.19882e-05,0,1.79769e-05,-1.19882e-05,-1.19882e-05,2.99652e-05,0,1.19882e-05,0,1.79769e-05,-1.19882e-05,0.532349,-0.455442,0.689796,0.572545,0.178095,0.150924,0.785936,0,0,0,-0.288064,-0.337882,0.614172,-3.19541,0.10666,-4.34713,-3.19541,0.10666,-4.34713,-0.184806,-0.645688,-0.712502,-0.698698,0.747594,0.607304,-0.496311,1
1.74945,-1.13842,-1.88668,-1.1901,2.01062,1.17917,-0.964742,1.74945,-1.13842,-1.88668,-1.1901,2.01062,1.17917,-0.964742,1.78093,-1.07152,-1.81514,-1.11971,1.93718,1.11683,-0.916302,-1.19882e-05,2.99652e-05,0,1.19882e-05,0,1.79769e-05,-1.19882e-05,-1.19882e-05,2.99652e-05,0,1.19882e-05,0,1.79769e-05,-1.19882e-05,0.532349,-0.455442,0.689796,0.572545,0.178095,0.150924,0.785936,0,0,0,-0.320998,-0.336368,0.570266,-3.29336,0.151348,-4.39065,-3.29336,0.151348,-4.39065,-0.314767,-0.669007,-0.715374,-0.703934,0.734393,0.623374,-0.484406,1
1.74299,-1.13954,-1.88677,-1.19027,2.0094,1.1812,-0.96447,1.74299,-1.13954,-1.88677,-1.19027,2.0094,1.1812,-0.96447,1.78093,-1.07152,-1.81514,-1.11971,1.93718,1.11683,-0.916302,-1.19882e-05,2.99652e-05,0,1.19882e-05,0,1.79769e-05,-1.19882e-05,-1.19882e-05,2.99652e-05,0,1.19882e-05,0,1.79769e-05,-1.19882e-05,0.532349,-0.455442,0.689796,0.572545,0.178095,0.150924,0.785936,0,0,0,-0.354267,-0.335236,0.526445,-3.32693,0.113207,-4.38206,-3.32693,0.113207,-4.38206,-0.379311,-0.680204,-0.716251,-0.705619,0.722231,0.64374,-0.481679,1
1.74213,-1.13945,-1.88685,-1.19082,2.00984,1.17971,-0.965669,1.74213,-1.13945,-1.88685,-1.19082,2.00984,1.17971,-0.965669,1.78093,-1.07152,-1.81514,-1.11971,1.93718,1.11683,-0.916302,-1.19882e-05,2.99652e-05,0,1.19882e-05,0,1.79769e-05,-1.19882e-05,-1.19882e-05,2.99652e-05,0,1.19882e-05,0,1.79769e-05,-1.19882e-05,0.532349,-0.455442,0.689796,0.572545,0.178095,0.150924,0.785936,0,0,0,-0.387439,-0.333763,0.481398,-3.3172,0.147331,-4.50471,-3.3172,0.147331,-4.50471,-0.387923,-0.679304,-0.717039,-0.711159,0.726608,0.62886,-0.493674,1
1.75455,-1.14116,-1.88683,-1.19089,2.01041,1.17955,-0.967229,1.75455,-1.14116,-1.88683,-1.19089,2.01041,1.17955,-0.967229,1.78093,-1.07152,-1.81514,-1.11971,1.93718,1.11683,-0.916302,-1.19882e-05,2.99652e-05,0,1.19882e-05,0,1.79769e-05,-1.19882e-05,-1.19882e-05,2.99652e-05,0,1.19882e-05,0,1.79769e-05,-1.19882e-05,0.532349,-0.455442,0.689796,0.572545,0.178095,0.150924,0.785936,0,0,0,-0.419557,-0.333223,0.435807,-3.21182,0.0539839,-4.55913,-3.21182,0.0539839,-4.55913,-0.263784,-0.696349,-0.716871,-0.71179,0.732386,0.627213,-0.509273,1
1.7481,-1.14323,-1.88687,-1.19169,2.01003,1.17915,-0.966195,1.7481,-1.14323,-1.88687,-1.19169,2.01003,1.17915,-0.966195,1.78093,-1.07152,-1.81514,-1.11971,1.93718,1.11683,-0.916302,-1.19882e-05,2.99652e-05,0,1.19882e-05,0,1.79769e-05,-1.19882e-05,-1.19882e-05,2.99652e-05,0,1.19882e-05,0,1.79769e-05,-1.19882e-05,0.532349,-0.455442,0.689796,0.572545,0.178095,0.150924,0.785936,0,0,0,-0.45213,-0.331927,0.388568,-3.25729,0.129598,-4.72392,-3.25729,0.129598,-4.72392,-0.328281,-0.717048,-0.717242,-0.719852,0.728508,0.623226,-0.498933,1
1.73654,-1.14403,-1.88721,-1.19152,2.00859,1.18114,-0.964462,1.73654,-1.14403,-1.88721,-1.19152,2.00859,1.18114,-0.964462,1.78093,-1.07152,-1.81514,-1.11971,1.93718,1.11683,-0.916302,-1.19882e-05,2.99652e-05,0,1.19882e-05,0,1.79769e-05,-1.19882e-05,-1.19882e-05,2.99652e-05,0,1.19882e-05,0,1.79769e-05,-1.19882e-05,0.532349,-0.455442,0.689796,0.572545,0.178095,0.150924,0.785936,0,0,0,-0.484863,-0.330845,0.340793,-3.27324,0.108203,-4.77743,-3.27324,0.108203,-4.77743,-0.443862,-0.725056,-0.720699,-0.718106,0.71414,0.643096,-0.481599,1
