or_w,or_x,or_y,or_z
0.772854,-0.057266,0.617326,-0.135377
0.772854,-0.057266,0.617326,-0.135377
0.772854,-0.057266,0.617326,-0.135377
0.772855,-0.0572643,0.617324,-0.135377
0.772861,-0.0572437,0.617317,-0.135383
0.772879,-0.0572141,0.617297,-0.135384
0.772879,-0.0572141,0.617297,-0.135384
0.772936,-0.05727,0.617231,-0.135334
0.772982,-0.0573515,0.617173,-0.135302
0.772982,-0.0573515,0.617173,-0.135302
0.773209,-0.0576093,0.616906,-0.135114
0.773209,-0.0576093,0.616906,-0.135114
0.773419,-0.0577733,0.616667,-0.13493
0.774058,-0.0581861,0.615943,-0.134399
0.774494,-0.0584779,0.615447,-0.134027
0.775016,-0.0588421,0.614853,-0.13358
0.775637,-0.0592924,0.614138,-0.133064
0.776349,-0.0598147,0.61332,-0.132452
0.777159,-0.0604196,0.612385,-0.131749
0.778073,-0.0611186,0.611325,-0.130951
0.778073,-0.0611186,0.611325,-0.130951
0.779095,-0.0618932,0.610138,-0.13005
0.781434,-0.0636547,0.607406,-0.127933
0.781434,-0.0636547,0.607406,-0.127933
0.78417,-0.0657582,0.604187,-0.125347
0.785669,-0.0669238,0.602417,-0.123851
0.78727,-0.0681194,0.600504,-0.12231
0.78727,-0.0681194,0.600504,-0.12231
0.788964,-0.0693442,0.598463,-0.120702
0.790763,-0.0705588,0.596275,-0.119044
0.792646,-0.0717969,0.593977,-0.117259
0.7946,-0.0731186,0.591573,-0.11535
0.796609,-0.0745139,0.589085,-0.113315
0.798693,-0.0759346,0.586471,-0.111241
0.80307,-0.078724,0.580887,-0.107015
0.80307,-0.078724,0.580887,-0.107015
0.807635,-0.0815737,0.574958,-0.102449
0.807635,-0.0815737,0.574958,-0.102449
0.809983,-0.0828679,0.571859,-0.100192
0.81239,-0.0841597,0.568639,-0.0979268
0.817286,-0.0869519,0.561997,-0.0929572
0.817286,-0.0869519,0.561997,-0.0929572
0.822255,-0.0894736,0.555105,-0.0880296
0.822255,-0.0894736,0.555105,-0.0880296
0.827295,-0.0919544,0.547927,-0.0830801
0.827295,-0.0919544,0.547927,-0.0830801
0.829825,-0.0931611,0.544271,-0.0805042
0.832384,-0.0942483,0.540525,-0.0780193
0.834947,-0.0953521,0.536722,-0.0755082
0.837501,-0.0964745,0.532884,-0.072937
0.840043,-0.0974728,0.529026,-0.0704134
0.845146,-0.0991799,0.521144,-0.0655736
0.845146,-0.0991799,0.521144,-0.0655736
0.847667,-0.100058,0.517168,-0.0631315
0.852704,-0.10154,0.509104,-0.0582898
0.852704,-0.10154,0.509104,-0.0582898
0.857676,-0.102973,0.500923,-0.0535251
0.857676,-0.102973,0.500923,-0.0535251
0.862578,-0.103959,0.492694,-0.049027
0.862578,-0.103959,0.492694,-0.049027
0.867399,-0.104953,0.484376,-0.0445439
0.867399,-0.104953,0.484376,-0.0445439
0.872145,-0.105448,0.476042,-0.0403547
0.872145,-0.105448,0.476042,-0.0403547
0.876806,-0.10602,0.467616,-0.0361295
0.876806,-0.10602,0.467616,-0.0361295
0.881352,-0.106086,0.459259,-0.0323299
0.883587,-0.106185,0.455052,-0.0304487
0.885783,-0.106307,0.450862,-0.028482
0.885783,-0.106307,0.450862,-0.028482
0.890111,-0.106028,0.442531,-0.0250235
0.890111,-0.106028,0.442531,-0.0250235
0.894341,-0.10582,0.434153,-0.0216187
0.894341,-0.10582,0.434153,-0.0216187
0.898436,-0.105307,0.425889,-0.0185127
0.898436,-0.105307,0.425889,-0.0185127
0.900442,-0.104992,0.421767,-0.0171163
0.902411,-0.104791,0.417648,-0.0156159
0.904352,-0.10454,0.413545,-0.0141378
0.906256,-0.104119,0.409506,-0.0128385
0.908152,-0.103651,0.405439,-0.0116073
0.911832,-0.102873,0.397362,-0.0090881
0.913617,-0.102439,0.393381,-0.00787712
0.915373,-0.101942,0.389428,-0.0067691
0.917114,-0.101454,0.385456,-0.00566699
0.917114,-0.101454,0.385456,-0.00566699
0.92048,-0.100509,0.377627,-0.00350432
0.922108,-0.100029,0.373771,-0.00245606
0.923721,-0.0995041,0.369914,-0.00148254
0.923721,-0.0995041,0.369914,-0.00148254
0.926868,-0.0984195,0.362255,0.000406766
0.926868,-0.0984195,0.362255,0.000406766
0.928387,-0.0978698,0.358494,0.00134451
0.931327,-0.0968496,0.351055,0.00313803
0.932757,-0.096338,0.347373,0.00402422
0.934167,-0.0957934,0.343702,0.00490416
0.935549,-0.0952104,0.340074,0.00575056
0.935549,-0.0952104,0.340074,0.00575056
0.938209,-0.0941646,0.332929,0.0074361
0.939488,-0.0937024,0.329412,0.00832782
0.940737,-0.0931918,0.325953,0.00918887
0.940737,-0.0931918,0.325953,0.00918887
0.943178,-0.0920043,0.319112,0.0108908
0.944359,-0.0913734,0.315752,0.0117306
0.945503,-0.0907946,0.312444,0.0126508
0.945503,-0.0907946,0.312444,0.0126508
0.947631,-0.0896336,0.306184,0.0145862
0.948644,-0.0889776,0.303174,0.0155606
0.949631,-0.0882511,0.300233,0.0165255
0.949631,-0.0882511,0.300233,0.0165255
0.951522,-0.0866239,0.294547,0.0185462
0.951522,-0.0866239,0.294547,0.0185462
0.952396,-0.0857628,0.291894,0.0195978
0.953217,-0.0848862,0.289385,0.0206712
0.954732,-0.083042,0.28473,0.0228123
0.954732,-0.083042,0.28473,0.0228123
0.956119,-0.0809469,0.280459,0.0250206
0.956777,-0.0797653,0.278448,0.0261215
0.957407,-0.0785013,0.276534,0.0271609
0.957407,-0.0785013,0.276534,0.0271609
0.958548,-0.0759072,0.273062,0.0293406
0.959052,-0.0746533,0.271501,0.0305352
0.959526,-0.0733603,0.270037,0.0317442
0.959977,-0.0719809,0.268661,0.0329196
0.959977,-0.0719809,0.268661,0.0329196
0.960401,-0.0705144,0.267385,0.034088
0.961172,-0.0673677,0.265102,0.0364862
0.961523,-0.065708,0.264076,0.0376668
0.961843,-0.0640239,0.263152,0.0388585
0.962125,-0.0623358,0.262339,0.0401033
0.962369,-0.0606445,0.261638,0.041406
0.962587,-0.0589548,0.261008,0.0427351
0.962788,-0.0571963,0.260436,0.0440599
0.962788,-0.0571963,0.260436,0.0440599
0.963185,-0.0534561,0.259335,0.0464947
0.963185,-0.0534561,0.259335,0.0464947
0.963361,-0.051531,0.258844,0.0477493
0.963498,-0.049633,0.258454,0.049093
0.9636,-0.0477464,0.258157,0.0504932
0.963759,-0.0438957,0.257727,0.0530913
0.963759,-0.0438957,0.257727,0.0530913
0.963817,-0.0419437,0.257562,0.0544078
0.963868,-0.0380638,0.257334,0.0573404
0.963868,-0.0380638,0.257334,0.0573404
0.963925,-0.0339691,0.257078,0.0600381
0.963925,-0.0339691,0.257078,0.0600381
0.963898,-0.0298528,0.257018,0.0628526
0.963844,-0.0279179,0.257041,0.0644573
0.963789,-0.0259835,0.257056,0.0660138
0.963789,-0.0259835,0.257056,0.0660138
0.963659,-0.021892,0.257169,0.0688994
0.963572,-0.0198446,0.257243,0.0704301
0.963572,-0.0198446,0.257243,0.0704301
0.963399,-0.015892,0.257269,0.0736361
0.963301,-0.013848,0.257295,0.0752193
0.963301,-0.013848,0.257295,0.0752193
0.963074,-0.00979903,0.257412,0.0783101
0.962933,-0.00786244,0.257496,0.0799555
0.962782,-0.00598943,0.25757,0.0816878
0.962625,-0.0041275,0.257638,0.0834229
0.962487,-0.00223033,0.257637,0.0850695
0.962487,-0.00223033,0.257637,0.0850695
0.962188,0.00173195,0.257688,0.0882474
0.962025,0.00365691,0.257702,0.0899132
0.961865,0.00552421,0.257682,0.0915714
0.961865,0.00552421,0.257682,0.0915714
0.961494,0.00925954,0.257762,0.0948819
0.961494,0.00925954,0.257762,0.0948819
0.961106,0.0128872,0.257861,0.0980627
0.960919,0.0146562,0.257869,0.0996173
0.960735,0.016411,0.257853,0.101143
0.960544,0.0181771,0.257856,0.102645
0.960366,0.0199336,0.257806,0.104093
0.960366,0.0199336,0.257806,0.104093
0.96003,0.0234311,0.25766,0.106794
0.959863,0.0251408,0.257583,0.108084
0.959697,0.0267908,0.257497,0.109356
0.959697,0.0267908,0.257497,0.109356
0.959423,0.0299228,0.257187,0.111652
0.959304,0.0314603,0.257008,0.112665
0.95919,0.0329877,0.256836,0.113585
0.959093,0.0344696,0.256623,0.114447
0.959001,0.0359051,0.256409,0.115248
0.959001,0.0359051,0.256409,0.115248
0.958924,0.0372933,0.256158,0.116002
0.95886,0.0386879,0.25588,0.116685
0.958813,0.0400953,0.255584,0.11725
0.958761,0.0429539,0.254906,0.118137
0.958756,0.0443027,0.254505,0.118536
0.958756,0.0443027,0.254505,0.118536
0.958781,0.0468156,0.25362,0.119263
0.958828,0.0480081,0.253115,0.119489
0.958898,0.0491327,0.252555,0.119654
0.958898,0.0491327,0.252555,0.119654
0.959077,0.0508943,0.25122,0.120292
0.959077,0.0508943,0.25122,0.120292
0.959192,0.0515894,0.250434,0.120715
0.959347,0.0522148,0.24953,0.121085
0.959767,0.053122,0.247326,0.12188
0.959767,0.053122,0.247326,0.12188
0.960009,0.0533577,0.246062,0.122435
0.960281,0.0535074,0.244649,0.123063
0.960898,0.0537657,0.241536,0.124276
0.960898,0.0537657,0.241536,0.124276
0.961226,0.0539424,0.239916,0.124801
0.961584,0.0539546,0.238153,0.12541
0.961947,0.0537757,0.236324,0.126162
0.962318,0.0534729,0.234438,0.126981
0.962726,0.0530354,0.232413,0.127787
0.963169,0.0524327,0.230212,0.128683
0.963643,0.0517006,0.227819,0.129684
0.964144,0.0509369,0.225233,0.130777
0.964667,0.0501708,0.222467,0.131944
0.965196,0.0493516,0.219581,0.133213
0.96623,0.0474609,0.213561,0.136154
0.96623,0.0474609,0.213561,0.136154
0.966739,0.0463579,0.210409,0.137821
0.967242,0.0451867,0.207139,0.139621
0.967731,0.0439332,0.203776,0.141569
0.968192,0.0425544,0.200345,0.143723
0.968604,0.0410939,0.196899,0.146113
0.968976,0.0395815,0.193419,0.148689
0.969308,0.0380726,0.189897,0.151435
0.969605,0.0365777,0.186294,0.154343
0.969875,0.0350321,0.182546,0.157454
0.97011,0.033478,0.178704,0.160719
0.970419,0.030225,0.170986,0.167742
0.970419,0.030225,0.170986,0.167742
0.970489,0.028557,0.167129,0.171474
0.970507,0.0251987,0.159305,0.179171
0.970451,0.0234847,0.15535,0.183137
0.970451,0.0234847,0.15535,0.183137
0.970317,0.021741,0.151447,0.187284
0.970114,0.0200363,0.147582,0.191563
0.969865,0.0184323,0.143731,0.195866
0.96957,0.0168692,0.139856,0.200223
0.969197,0.0152799,0.13604,0.204734
0.968737,0.0137073,0.132317,0.20941
0.968231,0.01227,0.128613,0.214096
0.967692,0.0109321,0.124917,0.218742
0.967078,0.0095808,0.121252,0.223529
0.966374,0.00825525,0.117761,0.228442
0.965629,0.00703079,0.114306,0.233334
0.964021,0.00469737,0.107288,0.243167
0.963131,0.00360846,0.103956,0.248112
0.963131,0.00360846,0.103956,0.248112
0.96121,0.00154469,0.0973507,0.258063
0.960165,0.00053682,0.0940542,0.263127
0.95912,-0.000292182,0.0908777,0.268011
0.95912,-0.000292182,0.0908777,0.268011
0.956851,-0.00198805,0.0846735,0.27796
0.956851,-0.00198805,0.0846735,0.27796
0.954424,-0.00342063,0.0786605,0.28788
0.953196,-0.00400908,0.0757406,0.292686
0.951839,-0.00472832,0.0729021,0.297768
0.95045,-0.0053395,0.0700996,0.302823
0.94912,-0.00575406,0.0672913,0.307587
0.94912,-0.00575406,0.0672913,0.307587
0.94628,-0.00665021,0.0618825,0.317302
0.944792,-0.00701907,0.0593048,0.322183
0.943343,-0.00726989,0.0566521,0.326866
0.943343,-0.00726989,0.0566521,0.326866
0.940254,-0.00789265,0.0515826,0.336451
0.940254,-0.00789265,0.0515826,0.336451
0.938698,-0.00807744,0.0492309,0.341113
0.93715,-0.00822219,0.0467639,0.345682
0.933866,-0.00856889,0.0420322,0.35504
0.932243,-0.0086121,0.0398419,0.359528
0.93059,-0.00867991,0.03755,0.364028
0.93059,-0.00867991,0.03755,0.364028
0.927198,-0.00869402,0.0331381,0.373002
0.925519,-0.00863208,0.0310089,0.377332
0.923758,-0.00867852,0.0288877,0.381787
0.921967,-0.00870899,0.0267828,0.386244
0.92025,-0.00857323,0.0247369,0.390454
0.92025,-0.00857323,0.0247369,0.390454
0.918538,-0.00843238,0.0226682,0.394592
0.916723,-0.00837154,0.0206629,0.398902
0.913126,-0.00802323,0.0168542,0.40725
0.911354,-0.00780889,0.0149057,0.41128
0.909476,-0.00768109,0.0130468,0.41548
0.909476,-0.00768109,0.0130468,0.41548
0.905825,-0.00719726,0.00948988,0.423485
0.903998,-0.00697334,0.00763426,0.427411
0.902099,-0.00678092,0.00589264,0.431435
0.902099,-0.00678092,0.00589264,0.431435
0.898427,-0.00622318,0.0025097,0.439071
0.898427,-0.00622318,0.0025097,0.439071
0.894598,-0.00578042,-0.000949756,0.446833
0.894598,-0.00578042,-0.000949756,0.446833
0.892763,-0.00543864,-0.00255967,0.450486
0.890922,-0.00511554,-0.00419777,0.454108
0.888983,-0.00489695,-0.00579824,0.457877
0.887043,-0.00463436,-0.0072968,0.461606
0.883301,-0.00397991,-0.0104691,0.468673
0.881347,-0.00376283,-0.0121012,0.4723
0.879416,-0.00351149,-0.0136043,0.475847
0.879416,-0.00351149,-0.0136043,0.475847
0.875632,-0.00308021,-0.0166125,0.482684
0.875632,-0.00308021,-0.0166125,0.482684
0.873649,-0.0029419,-0.0180704,0.486212
0.87174,-0.00268197,-0.0194851,0.489574
0.867956,-0.00215879,-0.0225215,0.496126
0.865987,-0.0019275,-0.0239893,0.499487
0.865987,-0.0019275,-0.0239893,0.499487
0.864103,-0.0016257,-0.0253653,0.502672
0.862226,-0.00138372,-0.0267774,0.505813
0.860259,-0.00126288,-0.0281654,0.509078
0.856435,-0.000894538,-0.0307356,0.515338
0.856435,-0.000894538,-0.0307356,0.515338
0.85263,-0.000603016,-0.0334774,0.521442
0.85263,-0.000603016,-0.0334774,0.521442
0.850724,-0.00045049,-0.0347823,0.524461
0.848925,-0.000249483,-0.0361048,0.527279
0.845142,-0.000118747,-0.0388209,0.53313
0.843276,-4.02296e-05,-0.0400656,0.535985
0.841501,9.58694e-05,-0.0413277,0.538673
0.841501,9.58694e-05,-0.0413277,0.538673
0.839671,0.000149787,-0.0426433,0.541419
0.835971,0.000221518,-0.0450509,0.546921
0.835971,0.000221518,-0.0450509,0.546921
0.834243,0.000306864,-0.0462351,0.549454
0.830578,0.000201433,-0.0486412,0.554775
0.830578,0.000201433,-0.0486412,0.554775
0.828809,0.000219063,-0.0497197,0.557318
0.825338,0.000220305,-0.0520324,0.562237
0.825338,0.000220305,-0.0520324,0.562237
0.823529,0.000130922,-0.0531371,0.56478
0.821802,0.000111408,-0.0541736,0.567192
0.82015,0.000113456,-0.055252,0.569475
0.816696,-0.000102786,-0.0574356,0.574203
0.816696,-0.000102786,-0.0574356,0.574203
0.815019,-0.000168781,-0.0584054,0.576483
0.813431,-0.000207893,-0.0594168,0.578618
0.810177,-0.000408959,-0.0614783,0.582952
0.808574,-0.000489981,-0.0624035,0.585076
0.807055,-0.000506685,-0.063343,0.587068
0.805575,-0.000545257,-0.0643163,0.588992
0.804053,-0.000645621,-0.0652711,0.590963
0.804053,-0.000645621,-0.0652711,0.590963
0.802523,-0.000762019,-0.0661494,0.592942
0.801062,-0.000826999,-0.0670077,0.594819
0.798299,-0.000956031,-0.0687615,0.598323
0.796894,-0.00108913,-0.0695805,0.600098
0.795505,-0.00119789,-0.0703433,0.601849
0.795505,-0.00119789,-0.0703433,0.601849
0.792935,-0.00134793,-0.0718912,0.605049
0.792935,-0.00134793,-0.0718912,0.605049
0.790487,-0.00153766,-0.0733368,0.608071
0.790487,-0.00153766,-0.0733368,0.608071
0.788113,-0.0017627,-0.0746761,0.610981
0.787001,-0.00185985,-0.075299,0.612337
0.785927,-0.00195541,-0.0758742,0.613643
0.784894,-0.00204544,-0.0764194,0.614897
0.783894,-0.00215014,-0.0769415,0.616105
0.782922,-0.00227016,-0.0774409,0.617277
0.781991,-0.00238421,-0.0779126,0.618397
0.781117,-0.0024944,-0.0783523,0.619444
0.780289,-0.00260003,-0.0787517,0.620435
0.780289,-0.00260003,-0.0787517,0.620435
0.778782,-0.00280685,-0.0794119,0.622242
0.778117,-0.00292768,-0.0797116,0.623034
0.777531,-0.0030623,-0.0799948,0.623729
0.777011,-0.00319835,-0.0802245,0.624346
0.776552,-0.00334489,-0.080404,0.624892
0.776552,-0.00334489,-0.080404,0.624892
0.775864,-0.00360707,-0.0805976,0.625721
0.775635,-0.00371568,-0.0805965,0.626003
0.77548,-0.00381725,-0.0805416,0.626202
0.77548,-0.00381725,-0.0805416,0.626202
0.775381,-0.00398794,-0.0802697,0.626359
0.775381,-0.00398794,-0.0802697,0.626359
0.775602,-0.00414375,-0.0798084,0.626143
0.775839,-0.00422763,-0.079504,0.625888
0.776144,-0.0043118,-0.0791676,0.625552
0.776517,-0.00441044,-0.0788109,0.625133
0.776975,-0.00450588,-0.0783914,0.624615
0.776975,-0.00450588,-0.0783914,0.624615
0.778126,-0.00468524,-0.0774406,0.623299
0.778796,-0.00478316,-0.0768801,0.622529
0.779539,-0.00487043,-0.0762503,0.621676
0.779539,-0.00487043,-0.0762503,0.621676
0.781248,-0.00507853,-0.0747955,0.619703
0.782188,-0.0052049,-0.0739775,0.618613
0.782188,-0.0052049,-0.0739775,0.618613
0.784255,-0.00548626,-0.0722316,0.616195
0.785373,-0.00562779,-0.0713147,0.614876
0.786529,-0.00576234,-0.0703665,0.613505
0.787741,-0.00586962,-0.0693956,0.612058
0.787741,-0.00586962,-0.0693956,0.612058
0.789038,-0.005945,-0.0683914,0.610497
0.790386,-0.00600962,-0.0673712,0.608863
0.791755,-0.00608693,-0.0663229,0.607197
0.793148,-0.00618577,-0.0652824,0.605488
0.794564,-0.00629711,-0.0642148,0.603742
0.796013,-0.0063898,-0.0630909,0.601949
0.79752,-0.00646504,-0.061944,0.60007
0.799069,-0.00652591,-0.0607811,0.598123
0.80063,-0.0066014,-0.0596066,0.596151
0.802167,-0.00669357,-0.0584148,0.594198
0.803709,-0.00678238,-0.057234,0.592224
0.805319,-0.00682416,-0.0560688,0.590145
0.806978,-0.00685775,-0.054931,0.587981
0.810187,-0.00702652,-0.0526532,0.58376
0.811795,-0.00708906,-0.051501,0.581624
0.813489,-0.00705926,-0.05037,0.579352
0.815191,-0.00701522,-0.0493027,0.577048
0.815191,-0.00701522,-0.0493027,0.577048
0.818412,-0.00698751,-0.0471469,0.572651
0.820086,-0.00691914,-0.0460777,0.57034
0.821844,-0.00682757,-0.0450888,0.567885
0.823564,-0.00677672,-0.0441212,0.565465
0.825198,-0.00677748,-0.043151,0.563152
0.825198,-0.00677748,-0.043151,0.563152
0.826871,-0.00670653,-0.0421561,0.56077
0.830373,-0.00644226,-0.0403843,0.555705
0.831984,-0.00639704,-0.0395192,0.553353
0.833616,-0.00630757,-0.0386123,0.550957
0.835367,-0.00614298,-0.0377522,0.548361
0.835367,-0.00614298,-0.0377522,0.548361
0.838728,-0.00598046,-0.0362069,0.543313
0.838728,-0.00598046,-0.0362069,0.543313
0.842153,-0.00567325,-0.0346201,0.538096
0.842153,-0.00567325,-0.0346201,0.538096
0.84557,-0.00544432,-0.0333088,0.532797
0.84557,-0.00544432,-0.0333088,0.532797
0.849005,-0.0051587,-0.0319405,0.527393
0.850788,-0.00501756,-0.0314133,0.524546
0.852467,-0.00495342,-0.0308797,0.521845
0.854159,-0.00485348,-0.0302978,0.519106
0.854159,-0.00485348,-0.0302978,0.519106
0.857791,-0.00449856,-0.0293354,0.51314
0.859501,-0.00445234,-0.028876,0.510299
0.859501,-0.00445234,-0.028876,0.510299
0.863095,-0.00420205,-0.0278748,0.504255
0.86496,-0.00407723,-0.0275115,0.50107
0.866736,-0.00403575,-0.0271337,0.498012
0.866736,-0.00403575,-0.0271337,0.498012
0.870454,-0.00377495,-0.0263463,0.49153
0.872348,-0.00367828,-0.0260931,0.488175
0.872348,-0.00367828,-0.0260931,0.488175
0.875975,-0.00360101,-0.0254123,0.481673
0.87791,-0.00345806,-0.0250828,0.478156
0.87791,-0.00345806,-0.0250828,0.478156
0.879815,-0.00338086,-0.0248382,0.474656
0.881621,-0.00338296,-0.0245716,0.471307
0.885368,-0.00322068,-0.0239661,0.464261
0.88726,-0.00315817,-0.0237595,0.460646
0.88907,-0.00317076,-0.0234871,0.457157
0.88907,-0.00317076,-0.0234871,0.457157
0.890907,-0.00311141,-0.0231467,0.453585
0.894675,-0.00302254,-0.0227474,0.446128
0.894675,-0.00302254,-0.0227474,0.446128
0.896447,-0.00307808,-0.0225173,0.442568
0.900184,-0.00295371,-0.0219838,0.434945
0.900184,-0.00295371,-0.0219838,0.434945
0.902047,-0.00294703,-0.0218038,0.431076
0.903804,-0.00302162,-0.0215916,0.42739
0.907446,-0.00298759,-0.0210802,0.419628
0.909279,-0.00296545,-0.0208904,0.415651
0.909279,-0.00296545,-0.0208904,0.415651
0.911028,-0.00302408,-0.020652,0.411816
0.91458,-0.00306502,-0.0201473,0.40389
0.916361,-0.00311177,-0.0199776,0.399842
0.918072,-0.00318333,-0.0197252,0.395909
0.918072,-0.00318333,-0.0197252,0.395909
0.921545,-0.00320351,-0.0191787,0.387785
0.921545,-0.00320351,-0.0191787,0.387785
0.924906,-0.00341551,-0.0187902,0.379716
0.924906,-0.00341551,-0.0187902,0.379716
0.928246,-0.0034287,-0.0182047,0.371504
0.929912,-0.00348088,-0.0180427,0.367324
0.929912,-0.00348088,-0.0180427,0.367324
0.931483,-0.0036319,-0.0178453,0.363329
0.934637,-0.00373435,-0.0173037,0.355164
0.936231,-0.00375502,-0.0171072,0.350948
0.937735,-0.00389736,-0.0169106,0.346918
0.939181,-0.00404299,-0.0166568,0.342994
0.94067,-0.00409771,-0.0164109,0.338901
0.942167,-0.00412396,-0.0162254,0.334725
0.943597,-0.00421635,-0.0160292,0.330682
0.943597,-0.00421635,-0.0160292,0.330682
0.944961,-0.00435861,-0.0157957,0.326774
0.946338,-0.00443318,-0.0155549,0.322773
0.949083,-0.00459001,-0.0152906,0.314622
0.949083,-0.00459001,-0.0152906,0.314622
0.950367,-0.00469581,-0.0150994,0.310729
0.951648,-0.00475959,-0.0148997,0.306792
0.954196,-0.00492148,-0.0147372,0.298777
0.954196,-0.00492148,-0.0147372,0.298777
0.955391,-0.00506772,-0.0146179,0.29494
0.956566,-0.00514672,-0.0144439,0.291112
0.957769,-0.00516603,-0.0143311,0.287136
0.95895,-0.00523883,-0.0143157,0.283165
0.960061,-0.00536204,-0.0142504,0.279375
0.961131,-0.00549088,-0.0141315,0.275675
0.96222,-0.0055543,-0.0140444,0.271853
0.963324,-0.00559089,-0.0140373,0.267914
0.964392,-0.0056968,-0.0140323,0.264044
0.965401,-0.00586897,-0.0140021,0.260327
0.967411,-0.00610095,-0.0139806,0.25275
0.967411,-0.00610095,-0.0139806,0.25275
0.969385,-0.00633004,-0.0140009,0.245065
0.969385,-0.00633004,-0.0140009,0.245065
0.97031,-0.00649472,-0.0139839,0.241371
0.971239,-0.00660904,-0.013983,0.237605
0.973105,-0.00680745,-0.0141073,0.229828
0.973105,-0.00680745,-0.0141073,0.229828
0.973988,-0.00695036,-0.0141333,0.226049
0.974853,-0.00708414,-0.0141364,0.222289
0.975728,-0.00718333,-0.0141813,0.218408
0.976606,-0.00727685,-0.0142803,0.214438
0.97746,-0.00741727,-0.0143487,0.210502
0.978281,-0.00760178,-0.014395,0.206644
0.979893,-0.00782425,-0.0144441,0.198846
0.979893,-0.00782425,-0.0144441,0.198846
0.980702,-0.00792542,-0.0145047,0.194809
0.981486,-0.00806531,-0.0145427,0.190812
0.982238,-0.00824557,-0.0145492,0.186892
0.982972,-0.00841976,-0.0145223,0.18299
0.983705,-0.00856163,-0.0144957,0.179003
0.984432,-0.00869605,-0.0144804,0.174955
0.98583,-0.00911392,-0.0144347,0.166875
0.98583,-0.00911392,-0.0144347,0.166875
0.986498,-0.00929049,-0.0143644,0.162879
0.987154,-0.0094708,-0.0142742,0.158853
0.987797,-0.00966671,-0.0142033,0.154794
0.988428,-0.00985381,-0.0141226,0.15071
0.989045,-0.0100635,-0.0140351,0.146599
0.989644,-0.0102652,-0.0139368,0.142494
0.990791,-0.01068,-0.0137405,0.134278
0.990791,-0.01068,-0.0137405,0.134278
0.991857,-0.0111503,-0.013486,0.12615
0.991857,-0.0111503,-0.013486,0.12615
0.992372,-0.0113138,-0.0133086,0.122035
0.992873,-0.0115124,-0.0131534,0.117888
0.993351,-0.0117535,-0.0130258,0.11378
0.993806,-0.0120163,-0.012884,0.109725
0.994244,-0.0122816,-0.0126997,0.105675
0.994666,-0.0124941,-0.0125083,0.101621
0.995071,-0.0126854,-0.0122958,0.0975778
0.995461,-0.0129281,-0.0121101,0.0935077
0.995831,-0.0132256,-0.0119119,0.0894686
0.996182,-0.0134913,-0.0117056,0.0854492
0.996518,-0.0137161,-0.0114582,0.0814352
0.996837,-0.0139976,-0.011249,0.077418
0.997134,-0.0142779,-0.0110213,0.073469
0.997682,-0.0148716,-0.0105144,0.0655723
0.997935,-0.0150907,-0.0102574,0.0615874
0.998168,-0.015342,-0.0100126,0.0576615
0.998384,-0.0156443,-0.00977711,0.053757
0.998384,-0.0156443,-0.00977711,0.053757
0.998583,-0.015931,-0.00952652,0.0498734
0.998768,-0.0161799,-0.00929071,0.0459757
0.999091,-0.0167334,-0.00883327,0.0381893
0.999226,-0.0169857,-0.00856223,0.0344186
0.999348,-0.0172371,-0.00828319,0.0306365
0.999348,-0.0172371,-0.00828319,0.0306365
0.999549,-0.0176808,-0.00776998,0.0229835
0.999627,-0.0179736,-0.0075551,0.0191326
0.999627,-0.0179736,-0.0075551,0.0191326
0.999689,-0.0182571,-0.00730267,0.0153284
0.999736,-0.0185319,-0.00704198,0.0115836
0.99977,-0.0187696,-0.00675736,0.00784175
0.99979,-0.0190118,-0.00646548,0.00406853
0.999794,-0.0193227,-0.00619807,0.000342743
0.999785,-0.0196105,-0.00590686,-0.00334071
0.999763,-0.0198547,-0.00559263,-0.00701118
0.999727,-0.0200768,-0.00529544,-0.0106955
0.999678,-0.0202912,-0.00502002,-0.0144152
0.999612,-0.0205704,-0.00477171,-0.0181694
0.999532,-0.0208631,-0.00450155,-0.0219032
0.999338,-0.021332,-0.00391938,-0.0292122
0.999338,-0.021332,-0.00391938,-0.0292122
0.999092,-0.0217042,-0.00336443,-0.0365161
0.999092,-0.0217042,-0.00336443,-0.0365161
0.998793,-0.0221231,-0.00281208,-0.043754
0.998793,-0.0221231,-0.00281208,-0.043754
0.998626,-0.0222849,-0.00250663,-0.0473579
0.998445,-0.0224633,-0.00218722,-0.050963
0.998251,-0.0226954,-0.00187124,-0.0545643
0.998042,-0.0229562,-0.00154214,-0.0581675
0.997588,-0.0234035,-0.00086729,-0.0653384
0.997588,-0.0234035,-0.00086729,-0.0653384
0.997092,-0.0236649,-0.000214055,-0.0724343
0.997092,-0.0236649,-0.000214055,-0.0724343
0.996826,-0.0238334,8.10094e-05,-0.0759634
0.996547,-0.0239779,0.000378163,-0.0794909
0.996257,-0.0240751,0.000703969,-0.0830125
0.995642,-0.0242727,0.00136734,-0.0900379
0.995642,-0.0242727,0.00136734,-0.0900379
0.994962,-0.0246649,0.002064,-0.097147
0.994962,-0.0246649,0.002064,-0.097147
0.994603,-0.0248515,0.00244163,-0.1007
0.994236,-0.0249942,0.00281112,-0.104219
0.993856,-0.0251173,0.00317013,-0.107748
0.993462,-0.0252486,0.00350112,-0.111279
0.993059,-0.0253698,0.00383121,-0.114783
0.992651,-0.0254548,0.00417042,-0.118233
0.992238,-0.0254811,0.0045188,-0.121632
0.991809,-0.0255112,0.00488303,-0.125062
0.991362,-0.0256254,0.005216,-0.128524
0.9909,-0.0257675,0.00559719,-0.131992
0.99043,-0.0258687,0.00599486,-0.135437
0.989953,-0.0259574,0.00639647,-0.138849
0.989455,-0.0260472,0.00679239,-0.142318
0.988416,-0.0262484,0.00753242,-0.149294
0.988416,-0.0262484,0.00753242,-0.149294
0.987375,-0.0263046,0.00830363,-0.155979
0.987375,-0.0263046,0.00830363,-0.155979
0.986838,-0.0263053,0.00869357,-0.159322
0.986283,-0.026344,0.00909108,-0.162691
0.985167,-0.0264158,0.00994864,-0.169259
0.985167,-0.0264158,0.00994864,-0.169259
0.984596,-0.0263852,0.0103856,-0.172528
0.984004,-0.026392,0.0108151,-0.175851
0.983396,-0.0263858,0.0112445,-0.179192
0.982785,-0.0263523,0.0116818,-0.182489
0.982175,-0.0262789,0.0121334,-0.185729
0.981553,-0.0262395,0.0125872,-0.18896
0.980913,-0.0262734,0.0130666,-0.192221
0.980267,-0.0262474,0.0135571,-0.195457
0.97895,-0.0260927,0.0145002,-0.201903
0.97895,-0.0260927,0.0145002,-0.201903
0.977595,-0.0259152,0.0154114,-0.208322
0.976914,-0.0257979,0.0158826,-0.211474
0.976236,-0.0256406,0.0163771,-0.214564
0.976236,-0.0256406,0.0163771,-0.214564
0.975544,-0.0255386,0.0168818,-0.217662
0.974841,-0.0254763,0.0174127,-0.220753
0.974141,-0.025394,0.0179466,-0.223793
0.973442,-0.025275,0.0184661,-0.226783
0.971997,-0.0248896,0.0194442,-0.232863
0.971997,-0.0248896,0.0194442,-0.232863
0.971251,-0.0247194,0.0199255,-0.235932
0.970508,-0.0245254,0.02043,-0.238948
0.969772,-0.0243387,0.0209687,-0.241889
0.969023,-0.0241986,0.0215026,-0.244841
0.968255,-0.0241075,0.0220421,-0.24782
0.967481,-0.0239508,0.022582,-0.250794
0.96671,-0.023725,0.0230844,-0.253724
0.965941,-0.0235026,0.0235732,-0.256613
0.965159,-0.0232771,0.0240459,-0.259516
0.964366,-0.0230344,0.0245418,-0.262422
0.963578,-0.0228528,0.0250657,-0.265269
0.962809,-0.0226723,0.0255994,-0.26801
0.962022,-0.0224535,0.0261278,-0.27079
0.96122,-0.0222649,0.0266274,-0.273591
0.960419,-0.0220398,0.0271143,-0.27636
0.959629,-0.0217882,0.0276035,-0.279063
0.958056,-0.0212638,0.0285706,-0.284358
0.958056,-0.0212638,0.0285706,-0.284358
0.957241,-0.0211154,0.0290883,-0.28705
0.95643,-0.0209297,0.0295827,-0.289703
0.95563,-0.0206975,0.0300692,-0.292298
0.954822,-0.0204658,0.0305195,-0.294899
0.953999,-0.0202308,0.0309358,-0.297523
0.953166,-0.0199967,0.0313721,-0.300152
0.952354,-0.0197537,0.0318165,-0.302686
0.951559,-0.0195442,0.0322569,-0.305144
0.950743,-0.0193616,0.0326995,-0.307643
0.949089,-0.0189562,0.0335043,-0.312646
0.948284,-0.0187369,0.0338899,-0.315053
0.9475,-0.0184869,0.0342699,-0.317375
0.9475,-0.0184869,0.0342699,-0.317375
0.9467,-0.0182876,0.0346287,-0.319727
0.945088,-0.017978,0.0353457,-0.324401
0.94431,-0.0177899,0.0356615,-0.326635
0.943541,-0.0175701,0.0359539,-0.328831
0.943541,-0.0175701,0.0359539,-0.328831
0.941966,-0.0172355,0.0364802,-0.333274
0.941966,-0.0172355,0.0364802,-0.333274
0.940458,-0.0168994,0.0369771,-0.337469
0.939707,-0.0167545,0.0372012,-0.339537
0.938938,-0.0166305,0.0373815,-0.341645
0.938162,-0.0165016,0.0375659,-0.343758
0.937418,-0.016394,0.037731,-0.345769
0.937418,-0.016394,0.037731,-0.345769
0.935977,-0.016189,0.0380167,-0.349629
0.935233,-0.016099,0.0380885,-0.35161
0.934484,-0.0160509,0.0381599,-0.353589
0.933766,-0.0159538,0.0382081,-0.355482
0.933076,-0.0158502,0.0382304,-0.357291
0.933076,-0.0158502,0.0382304,-0.357291
0.932389,-0.0158081,0.0382655,-0.359076
0.931687,-0.0157902,0.0382569,-0.360897
0.930278,-0.0157076,0.0382118,-0.364523
0.929606,-0.0156596,0.0381672,-0.366238
0.928943,-0.0155968,0.038117,-0.367925
0.928943,-0.0155968,0.038117,-0.367925
0.928275,-0.0155548,0.038048,-0.369615
0.926936,-0.0155105,0.0379148,-0.372977
0.926936,-0.0155105,0.0379148,-0.372977
0.926291,-0.0154529,0.037828,-0.374586
0.925013,-0.0153239,0.0376517,-0.377755
0.925013,-0.0153239,0.0376517,-0.377755
0.923738,-0.0152082,0.0374464,-0.380887
0.923104,-0.0151515,0.0373549,-0.382431
0.923104,-0.0151515,0.0373549,-0.382431
0.921873,-0.0149725,0.0371454,-0.385418
0.921873,-0.0149725,0.0371454,-0.385418
0.921254,-0.0148803,0.0370512,-0.386908
0.920639,-0.0147922,0.0369537,-0.388381
0.920035,-0.014671,0.0368499,-0.389824
0.919421,-0.0145431,0.0367518,-0.391283
0.918817,-0.0144225,0.0366773,-0.392711
0.917625,-0.0141064,0.0365162,-0.395514
0.917625,-0.0141064,0.0365162,-0.395514
0.917026,-0.0139604,0.0364503,-0.396914
0.916428,-0.0137883,0.036371,-0.398304
0.915218,-0.0133918,0.0362263,-0.401103
0.915218,-0.0133918,0.0362263,-0.401103
0.914622,-0.0131758,0.0361764,-0.402474
0.914031,-0.0129569,0.036116,-0.403826
0.912867,-0.0125125,0.0360299,-0.406471
0.912274,-0.0122631,0.0359778,-0.407813
0.91167,-0.0120133,0.0359199,-0.409174
0.91167,-0.0120133,0.0359199,-0.409174
0.910498,-0.0114301,0.0358311,-0.4118
0.910498,-0.0114301,0.0358311,-0.4118
0.909369,-0.0108081,0.0357828,-0.414307
0.909369,-0.0108081,0.0357828,-0.414307
0.908192,-0.0100977,0.0357794,-0.4169
0.907605,-0.0096961,0.0357804,-0.418185
0.907034,-0.00923892,0.0358233,-0.419428
0.907034,-0.00923892,0.0358233,-0.419428
0.905929,-0.00830271,0.0359542,-0.421818
0.905929,-0.00830271,0.0359542,-0.421818
0.90537,-0.00780992,0.0360231,-0.423021
0.904795,-0.00727233,0.0361073,-0.424251
0.903649,-0.00607529,0.0362817,-0.426691
0.903649,-0.00607529,0.0362817,-0.426691
0.903098,-0.0054251,0.0363846,-0.427856
0.902567,-0.0047618,0.0365169,-0.428971
0.902034,-0.00407638,0.0366732,-0.430085
0.901496,-0.00337293,0.0368294,-0.431204
0.900955,-0.00263804,0.0369743,-0.432327
0.900407,-0.001846,0.0371225,-0.433458
0.899317,-0.000202205,0.0374335,-0.435693
0.899317,-0.000202205,0.0374335,-0.435693
0.898776,0.000597294,0.0376389,-0.43679
0.898242,0.00140087,0.0378452,-0.437867
0.897185,0.00311895,0.0382533,-0.439984
0.897185,0.00311895,0.0382533,-0.439984
0.896669,0.00403488,0.0384305,-0.441013
0.896165,0.00497018,0.0385897,-0.442013
0.895173,0.00675076,0.0389687,-0.443962
0.895173,0.00675076,0.0389687,-0.443962
0.894665,0.00760545,0.0391634,-0.444953
0.894157,0.00847678,0.0393533,-0.44594
0.893654,0.00935753,0.0395225,-0.446915
0.893162,0.0102796,0.0396797,-0.447864
0.892201,0.0121889,0.0400269,-0.449696
0.892201,0.0121889,0.0400269,-0.449696
0.891734,0.0131225,0.0402403,-0.450576
0.891272,0.0140127,0.0405116,-0.451439
0.890807,0.0149203,0.0407907,-0.452301
0.890342,0.015883,0.0410748,-0.453157
0.889424,0.0178768,0.0416954,-0.454825
0.889424,0.0178768,0.0416954,-0.454825
0.888978,0.0189325,0.0420385,-0.455624
0.888538,0.0200162,0.0423965,-0.4564
0.888111,0.0211252,0.042802,-0.457144
0.887701,0.0222278,0.043252,-0.457846
0.887309,0.023348,0.0437797,-0.458498
0.886933,0.024491,0.0443539,-0.459111
0.886201,0.0268678,0.0456768,-0.46026
0.886201,0.0268678,0.0456768,-0.46026
0.885496,0.029315,0.0472552,-0.461308
0.885496,0.029315,0.0472552,-0.461308
0.884817,0.0317677,0.0491242,-0.462251
0.884513,0.0329866,0.0501688,-0.462635
0.884513,0.0329866,0.0501688,-0.462635
0.884234,0.0342038,0.0512939,-0.462958
0.883772,0.0366788,0.0537468,-0.463372
0.883561,0.0379604,0.0550357,-0.463518
0.883365,0.0392651,0.0563727,-0.463623
0.883365,0.0392651,0.0563727,-0.463623
0.883036,0.0419276,0.0592265,-0.463662
0.883036,0.0419276,0.0592265,-0.463662
0.882848,0.0444684,0.0623907,-0.463367
0.882811,0.0457174,0.0641046,-0.463083
0.882809,0.0469734,0.0658841,-0.462711
0.882846,0.0482486,0.0677223,-0.462244
0.882916,0.0495365,0.0696105,-0.461692
0.882916,0.0495365,0.0696105,-0.461692
0.88316,0.05197,0.0736206,-0.460334
0.883317,0.0531081,0.0757544,-0.459557
0.8835,0.0542051,0.0779452,-0.458709
0.8835,0.0542051,0.0779452,-0.458709
0.883955,0.05628,0.0824727,-0.456787
0.883955,0.05628,0.0824727,-0.456787
0.884584,0.0580859,0.0871812,-0.454463
0.884584,0.0580859,0.0871812,-0.454463
0.885345,0.0594191,0.0920356,-0.451845
0.885345,0.0594191,0.0920356,-0.451845
0.885783,0.0599087,0.0944324,-0.450423
0.886267,0.0602927,0.0967918,-0.448917
0.886807,0.0605757,0.0990823,-0.44731
0.887947,0.0606718,0.103536,-0.444015
0.887947,0.0606718,0.103536,-0.444015
0.88856,0.0604436,0.105742,-0.442297
0.889223,0.060098,0.107903,-0.440485
0.889948,0.0596525,0.109973,-0.438565
0.89071,0.0591014,0.111974,-0.436583
0.89148,0.0583887,0.113934,-0.434596
0.892262,0.0574893,0.11592,-0.43258
0.893102,0.0564054,0.1179,-0.430451
0.89401,0.055192,0.119834,-0.428182
0.894967,0.0538626,0.121739,-0.425808
0.895937,0.0523588,0.12361,-0.423409
0.897918,0.048774,0.12742,-0.418483
0.898988,0.0468303,0.12924,-0.415843
0.898988,0.0468303,0.12924,-0.415843
0.901176,0.0426675,0.132785,-0.410401
0.901176,0.0426675,0.132785,-0.410401
0.903348,0.0377661,0.13643,-0.404874
0.903348,0.0377661,0.13643,-0.404874
0.905727,0.0327173,0.139897,-0.398769
0.906913,0.0299658,0.1417,-0.395641
0.908076,0.0270359,0.143517,-0.392516
0.908076,0.0270359,0.143517,-0.392516
0.910385,0.0212164,0.146997,-0.386186
0.910385,0.0212164,0.146997,-0.386186
0.912703,0.0149424,0.150613,-0.37956
0.912703,0.0149424,0.150613,-0.37956
0.91507,0.00852487,0.154209,-0.37255
0.91507,0.00852487,0.154209,-0.37255
0.917313,0.00177245,0.1579,-0.365516
0.917313,0.00177245,0.1579,-0.365516
0.919565,-0.00511025,0.161616,-0.358127
0.920658,-0.00869484,0.163529,-0.35436
0.920658,-0.00869484,0.163529,-0.35436
0.921746,-0.0122514,0.165403,-0.350535
0.923816,-0.0194337,0.169301,-0.342817
0.923816,-0.0194337,0.169301,-0.342817
0.924861,-0.0231857,0.171237,-0.338782
0.925874,-0.0268778,0.173182,-0.33473
0.9268,-0.0305601,0.175217,-0.330766
0.927727,-0.0343221,0.177197,-0.32672
0.928675,-0.0380861,0.179155,-0.322516
0.929593,-0.0418692,0.181213,-0.318223
0.930469,-0.0457356,0.183283,-0.313915
0.931311,-0.0495745,0.185273,-0.309638
0.932075,-0.0533506,0.187318,-0.305455
0.932828,-0.0572398,0.189422,-0.301124
0.933635,-0.0611866,0.191441,-0.296534
0.935027,-0.0688901,0.195654,-0.287572
0.935653,-0.072829,0.197665,-0.283156
0.935653,-0.072829,0.197665,-0.283156
0.936306,-0.0767416,0.199708,-0.278494
0.936901,-0.0806538,0.201874,-0.273784
0.937996,-0.0884665,0.205969,-0.264412
0.937996,-0.0884665,0.205969,-0.264412
0.938454,-0.0923868,0.208082,-0.259751
0.938912,-0.0963856,0.210159,-0.254925
0.939362,-0.100279,0.212201,-0.250029
0.939721,-0.104111,0.214299,-0.245278
0.940438,-0.111913,0.21834,-0.235328
0.940713,-0.115732,0.220425,-0.230388
0.940713,-0.115732,0.220425,-0.230388
0.940934,-0.119581,0.222443,-0.225527
0.941367,-0.12713,0.226465,-0.215357
0.941367,-0.12713,0.226465,-0.215357
0.941498,-0.130897,0.228493,-0.21033
0.941639,-0.134667,0.230408,-0.205166
0.941741,-0.142042,0.234444,-0.194896
0.941741,-0.142042,0.234444,-0.194896
0.941782,-0.149262,0.238281,-0.184361
0.941782,-0.149262,0.238281,-0.184361
0.941632,-0.156514,0.242162,-0.173753
0.941632,-0.156514,0.242162,-0.173753
0.941508,-0.159997,0.244068,-0.168506
0.941341,-0.163519,0.246007,-0.163155
0.940969,-0.170475,0.249736,-0.152145
0.940969,-0.170475,0.249736,-0.152145
0.940676,-0.173945,0.251623,-0.146825
0.940366,-0.177467,0.253449,-0.141354
0.940044,-0.180876,0.255282,-0.135765
0.939652,-0.184315,0.257117,-0.130278
0.939223,-0.1879,0.258858,-0.124682
0.938776,-0.191386,0.260584,-0.119023
0.937724,-0.198285,0.264015,-0.107952
0.937724,-0.198285,0.264015,-0.107952
0.93656,-0.205286,0.267222,-0.096465
0.93656,-0.205286,0.267222,-0.096465
0.935254,-0.212286,0.270162,-0.0851289
0.935254,-0.212286,0.270162,-0.0851289
0.933803,-0.219235,0.272995,-0.0736313
0.933803,-0.219235,0.272995,-0.0736313
0.932243,-0.226364,0.275417,-0.061873
0.931398,-0.22979,0.27665,-0.0562155
0.931398,-0.22979,0.27665,-0.0562155
0.930522,-0.233352,0.27771,-0.0505188
0.928653,-0.240439,0.279769,-0.0390137
0.927658,-0.243982,0.280717,-0.0334752
0.926636,-0.247627,0.281522,-0.0277848
0.926636,-0.247627,0.281522,-0.0277848
0.924487,-0.254648,0.283174,-0.0170446
0.924487,-0.254648,0.283174,-0.0170446
0.922223,-0.261712,0.284552,-0.00645268
