ball_vx_ema,ball_vy_ema,ball_vz_ema
-1.4622,-0.150836,2.23918
-1.44553,-0.165603,2.19922
-1.42057,-0.160655,2.14649
-1.42872,-0.152025,2.12417
-1.43073,-0.151157,2.08952
-1.44575,-0.155112,2.03889
-1.4544,-0.157648,1.98867
-1.44949,-0.150767,1.93025
-1.43275,-0.152653,1.86217
-1.42984,-0.147694,1.81491
-1.40266,-0.147048,1.77386
-1.43111,-0.135547,1.73274
-1.42798,-0.142741,1.68126
-1.43051,-0.145447,1.62244
-1.42937,-0.150719,1.57416
-1.43144,-0.151661,1.51005
-1.42229,-0.148475,1.45065
-1.41377,-0.140676,1.41184
-1.40567,-0.133842,1.36719
-1.41535,-0.13392,1.33219
-1.42424,-0.13071,1.28139
-1.41804,-0.138584,1.22763
-1.3927,-0.152159,1.15919
-1.40679,-0.136787,1.11433
-1.40874,-0.133163,1.06218
-1.39205,-0.136605,1.01379
-1.38593,-0.135767,0.98207
-1.3876,-0.13065,0.935495
-1.39651,-0.14134,0.872219
-1.3988,-0.136068,0.833523
-1.41432,-0.120348,0.784051
-1.40002,-0.139391,0.718164
-1.38955,-0.138313,0.663304
-1.38164,-0.135231,0.622666
-1.37632,-0.12899,0.579965
-1.37677,-0.133219,0.538552
-1.38884,-0.128463,0.501215
-1.36567,-0.126109,0.447977
-1.36684,-0.128189,0.385833
-1.38091,-0.122055,0.33735
-1.36639,-0.122389,0.284863
-1.36338,-0.121638,0.238311
-1.36955,-0.115418,0.195158
-1.36597,-0.122827,0.14925
-1.36336,-0.127822,0.0992417
-1.36981,-0.127345,0.0426054
-1.35689,-0.125581,-0.0100732
-1.36598,-0.122952,-0.0573754
-1.35669,-0.117457,-0.105643
-1.35758,-0.119537,-0.152647
-1.35373,-0.122803,-0.19964
-1.35692,-0.124407,-0.242925
-1.34739,-0.128609,-0.298059
-1.34624,-0.121444,-0.352037
-1.34568,-0.118858,-0.401402
-1.33531,-0.106418,-0.453985
-1.30862,-0.108981,-0.49175
-1.327,-0.11062,-0.533819
-1.33066,-0.114709,-0.579393
-1.33835,-0.119525,-0.628269
-1.33352,-0.114191,-0.680935
-1.32753,-0.116092,-0.734651
-1.32433,-0.115877,-0.793457
-1.31764,-0.122845,-0.833547
-1.31043,-0.118387,-0.878656
-1.31135,-0.111794,-0.918925
-1.31378,-0.112748,-0.966799
-1.30873,-0.109231,-1.01169
-1.31586,-0.110209,-1.06413
-1.31638,-0.108242,-1.11678
-1.30589,-0.114775,-1.16688
-1.28981,-0.108832,-1.21473
-1.29234,-0.104982,-1.26393
-1.29636,-0.103652,-1.30271
-1.31181,-0.103295,-1.34515
-1.29642,-0.110596,-1.40283
-1.28847,-0.105381,-1.46231
-1.28621,-0.110859,-1.51126
-1.28261,-0.112224,-1.55969
-1.26743,-0.107217,-1.59126
-1.27595,-0.108236,-1.63251
-1.27429,-0.104159,-1.66817
-1.28103,-0.105226,-1.7303
-1.28009,-0.111324,-1.78539
-1.27022,-0.0990331,-1.84376
-1.27118,-0.10094,-1.89564
-1.25575,-0.100511,-1.93368
-1.25058,-0.103587,-1.97305
-1.24459,-0.0925064,-2.01721
-1.23771,-0.0937223,-2.06505
-1.24238,-0.101954,-2.08298
-1.26317,-0.0864565,-2.18479
-1.25573,-0.131297,-2.15496
-1.22725,-0.0996292,-2.26383
-1.19497,-0.105494,-2.28349
-1.18508,-0.095886,-2.34332
-1.18227,-0.11245,-2.36682
-1.19233,-0.071758,-2.36119
-1.22658,-0.103849,-2.46668
-1.23129,-0.0831008,-2.54492
-1.26485,-0.106812,-2.56241
-1.22569,-0.0612378,-2.63318
-1.22015,-0.113171,-2.61011
-1.19891,-0.0893474,-2.72993
-1.21716,-0.0962794,-2.79199
-1.16325,-0.0912964,-2.77015
-1.22798,-0.111198,-2.84978
-1.26679,-0.0228524,-2.95269
-0.950456,-0.0490785,-2.9757
-1.1507,-0.0674248,-3.01943
-1.5165,-0.0600278,-3.04946
0,0,0
0,0,0
-0.733185,-0.128543,1.7622
-0.75919,-0.0521362,1.69265
-0.756431,-0.0702024,1.74594
-0.704491,-0.0415027,1.59554
-0.723261,-0.00556707,1.54493
-0.691974,-0.112802,1.73912
-0.747681,0.0756145,1.16131
-0.837398,0.0280857,1.32113
-0.699383,-0.13023,1.46452
-0.742179,-0.00523925,1.29931
-0.753284,-0.0134647,1.27414
-0.74001,-0.0527143,1.27182
-0.646365,-0.0990689,1.25351
-0.604564,-0.116968,0.993735
-1.06086,0.053376,0.905842
-0.733292,-0.0248373,1.01186
-0.653417,-0.0632763,1.00729
-0.653917,-0.0488698,1.02387
-0.729948,-0.0252366,0.975621
-0.709087,-0.013417,0.878513
-0.708723,-0.0867009,0.782156
-0.697219,-0.0430942,0.721842
-0.685918,-0.0650585,0.704546
-0.69648,-0.0301838,0.689906
-0.717032,-0.061655,0.657332
-0.698864,-0.056839,0.579649
-0.680292,-0.0551105,0.503933
-0.704849,-0.048542,0.46736
-0.665784,-0.0645995,0.3892
-0.687933,0.019592,0.411087
-0.675082,-0.0164032,0.405329
-0.692749,-0.0179291,0.323266
-0.745261,0.00417829,0.266349
-0.676155,-0.0844896,0.208175
-0.662315,-0.0722468,0.114471
-0.733137,0.00682473,0.0447273
-0.851893,-0.115395,0.0618935
-0.586832,-0.0890911,0.0599623
-0.724971,-0.0527501,-0.0564396
-0.719404,-0.02321,-0.144106
-0.694537,-0.0354767,-0.225806
-0.626934,-0.0539482,-0.203848
-0.626731,-0.0294924,-0.223625
-0.657964,0.00414848,-0.232327
-0.66328,0.0132322,-0.317627
-0.730491,-0.166291,-0.325948
-1.31243,-0.213575,-0.864917
-0.102282,0.224096,-0.42997
-0.66936,-0.0503659,-0.461674
-0.623643,-0.065732,-0.529051
-0.648701,-0.048995,-0.656706
-0.638711,-0.0288606,-0.712085
-0.730705,-0.0516176,-0.717474
-0.547194,-0.066179,-0.722086
-0.482476,-0.084573,-0.625139
-0.611722,-0.0145495,-0.790119
-0.660455,-0.00548363,-0.845468
-0.730288,0.0150084,-1.03493
-0.597,-0.0844955,-0.972366
-0.572574,-0.0876665,-1.06888
-0.779545,0.0331283,-1.218
-0.554848,-0.0167727,-1.08454
-0.331259,-0.10981,-0.940144
-1.91362,0.0344574,-3.11242
-0.589848,-0.0212431,-1.23643
0,0,0
0,0,0
0,0,0
0,0,0
0,0,0
0,0,0
0,0,0
0,0,0
0,0,0
0,0,0
0,0,0
0,0,0
0,0,0
0,0,0
0,0,0
0,0,0
0,0,0
0,0,0
0,0,0
0,0,0
0,0,0
0,0,0
0,0,0
0,0,0
0,0,0
0,0,0
0,0,0
0,0,0
0,0,0
0,0,0
0,0,0
0,0,0
0.277042,0.0905037,0.300312
0.302124,0.0999153,0.315332
0.192785,0.0742793,0.238883
0.117207,0.0597715,0.118172
0.165176,0.0579357,0.0825882
0.193524,0.0416517,0.111008
0.210285,0.036639,0.0483632
0.3474,0.0642836,0.00658035
0,0,0
0,0,0
0,0,0
0,0,0
0,0,0
0,0,0
0,0,0
0,0,0
0,0,0
0,0,0
0,0,0
0,0,0
0,0,0
0,0,0
0,0,0
0,0,0
0,0,0
0,0,0
0,0,0
0,0,0
0,0,0
0,0,0
0,0,0
0,0,0
0,0,0
0,0,0
0,0,0
0,0,0
0,0,0
0,0,0
0,0,0
0,0,0
0,0,0
0,0,0
0,0,0
0,0,0
0,0,0
0,0,0
0,0,0
0,0,0
0,0,0
0,0,0
0,0,0
0,0,0
0,0,0
0,0,0
0,0,0
0,0,0
0,0,0
0,0,0
0,0,0
0,0,0
0,0,0
0,0,0
0,0,0
0,0,0
0,0,0
0,0,0
0,0,0
0,0,0
0,0,0
0,0,0
0,0,0
0,0,0
0,0,0
0,0,0
0,0,0
0,0,0
0,0,0
0,0,0
0,0,0
0,0,0
0,0,0
0,0,0
0,0,0
0,0,0
0,0,0
0,0,0
0,0,0
0,0,0
0,0,0
0,0,0
0,0,0
0,0,0
0,0,0
0,0,0
0,0,0
0,0,0
0,0,0
0,0,0
0,0,0
0,0,0
0,0,0
0,0,0
0,0,0
0,0,0
0,0,0
0,0,0
0,0,0
0,0,0
0,0,0
0,0,0
0,0,0
0,0,0
0,0,0
0,0,0
0,0,0
0,0,0
0,0,0
0,0,0
0,0,0
0,0,0
0,0,0
0,0,0
0,0,0
0,0,0
0,0,0
0,0,0
0,0,0
0,0,0
0,0,0
0,0,0
0,0,0
0,0,0
0,0,0
0,0,0
0,0,0
0,0,0
0,0,0
0,0,0
0,0,0
0,0,0
0,0,0
0,0,0
0,0,0
0,0,0
0,0,0
0,0,0
0,0,0
0,0,0
0,0,0
0,0,0
0,0,0
0,0,0
0,0,0
0,0,0
0,0,0
0,0,0
0,0,0
0,0,0
0,0,0
0,0,0
0,0,0
0,0,0
0,0,0
0,0,0
0,0,0
0,0,0
0,0,0
0,0,0
0,0,0
0,0,0
0,0,0
0,0,0
0,0,0
0,0,0
0,0,0
0,0,0
0,0,0
0,0,0
0,0,0
0,0,0
0,0,0
0,0,0
0,0,0
0,0,0
0,0,0
0,0,0
0,0,0
0,0,0
0,0,0
0,0,0
0,0,0
0,0,0
0,0,0
0,0,0
0,0,0
0,0,0
0,0,0
0,0,0
0,0,0
0,0,0
0,0,0
0,0,0
0,0,0
0,0,0
0,0,0
0,0,0
0,0,0
0,0,0
0,0,0
0,0,0
0,0,0
0,0,0
0,0,0
0,0,0
0,0,0
0,0,0
0,0,0
0,0,0
0,0,0
0,0,0
0,0,0
0,0,0
0,0,0
0,0,0
0,0,0
0,0,0
0,0,0
0,0,0
0,0,0
0,0,0
0,0,0
0,0,0
0,0,0
0,0,0
0,0,0
0,0,0
0,0,0
0,0,0
0,0,0
0,0,0
0,0,0
0,0,0
0,0,0
0,0,0
0,0,0
0,0,0
0,0,0
0,0,0
0,0,0
0,0,0
0,0,0
0,0,0
0,0,0
0,0,0
0,0,0
0,0,0
0,0,0
0,0,0
0,0,0
0,0,0
0,0,0
0,0,0
0,0,0
0,0,0
0,0,0
0,0,0
0,0,0
0,0,0
0,0,0
0,0,0
0,0,0
0,0,0
0,0,0
0,0,0
0,0,0
0,0,0
0,0,0
0,0,0
0,0,0
0,0,0
0,0,0
0,0,0
0,0,0
0,0,0
0,0,0
0,0,0
0,0,0
0,0,0
0,0,0
0,0,0
0,0,0
0,0,0
0,0,0
0,0,0
0,0,0
0,0,0
0,0,0
0,0,0
0,0,0
0,0,0
0,0,0
0,0,0
0,0,0
0,0,0
0,0,0
0,0,0
0,0,0
0,0,0
0,0,0
0,0,0
0,0,0
0,0,0
0,0,0
0,0,0
0,0,0
0,0,0
0,0,0
0,0,0
0,0,0
0,0,0
0,0,0
0,0,0
0,0,0
0,0,0
0,0,0
0,0,0
0,0,0
0,0,0
0,0,0
0,0,0
0,0,0
0,0,0
0,0,0
0,0,0
0,0,0
0,0,0
0,0,0
0,0,0
0,0,0
0,0,0
0,0,0
0,0,0
0,0,0
0,0,0
0,0,0
0,0,0
0,0,0
0,0,0
0,0,0
0,0,0
0,0,0
0,0,0
0,0,0
0,0,0
0,0,0
0,0,0
0,0,0
0,0,0
0,0,0
0,0,0
0,0,0
0,0,0
0,0,0
0,0,0
0,0,0
0,0,0
0,0,0
0,0,0
0,0,0
0,0,0
0,0,0
0,0,0
0,0,0
0,0,0
0,0,0
0,0,0
0,0,0
0,0,0
0,0,0
0,0,0
0,0,0
0,0,0
0,0,0
0,0,0
0,0,0
0,0,0
0,0,0
0,0,0
0,0,0
0,0,0
0,0,0
0,0,0
0,0,0
0,0,0
0,0,0
0,0,0
0,0,0
0,0,0
0,0,0
0,0,0
0,0,0
0,0,0
0,0,0
0,0,0
0,0,0
0,0,0
0,0,0
0,0,0
0,0,0
0,0,0
0,0,0
0,0,0
0,0,0
0,0,0
0,0,0
0,0,0
0,0,0
0,0,0
0,0,0
0,0,0
0,0,0
0,0,0
0,0,0
0,0,0
0,0,0
0,0,0
0,0,0
0,0,0
0,0,0
0,0,0
0,0,0
0,0,0
0,0,0
0,0,0
0,0,0
0,0,0
0,0,0
0,0,0
0,0,0
0,0,0
0,0,0
0,0,0
0,0,0
0,0,0
0,0,0
0,0,0
0,0,0
0,0,0
0,0,0
0,0,0
0,0,0
0,0,0
0,0,0
0,0,0
0,0,0
0,0,0
0,0,0
0,0,0
0,0,0
0,0,0
0,0,0
0,0,0
0,0,0
0,0,0
0,0,0
0,0,0
0,0,0
0,0,0
0,0,0
0,0,0
0,0,0
0,0,0
0,0,0
0,0,0
0,0,0
0,0,0
0,0,0
0,0,0
0,0,0
0,0,0
0,0,0
0,0,0
0,0,0
0,0,0
0,0,0
0,0,0
0,0,0
0,0,0
0,0,0
0,0,0
0,0,0
0,0,0
0,0,0
0,0,0
0,0,0
0,0,0
0,0,0
0,0,0
0,0,0
0,0,0
0,0,0
0,0,0
0,0,0
0,0,0
0,0,0
0,0,0
0,0,0
0,0,0
0,0,0
0,0,0
0,0,0
0,0,0
0,0,0
0,0,0
0,0,0
0,0,0
0,0,0
0,0,0
0,0,0
0,0,0
0,0,0
0,0,0
0,0,0
0,0,0
0,0,0
0,0,0
0,0,0
0,0,0
0,0,0
0,0,0
0,0,0
0,0,0
0,0,0
0,0,0
0,0,0
0,0,0
0,0,0
0,0,0
0,0,0
0,0,0
0,0,0
0,0,0
0,0,0
0,0,0
0,0,0
0,0,0
0,0,0
0,0,0
0,0,0
0,0,0
0,0,0
0,0,0
0,0,0
0,0,0
0,0,0
0,0,0
0,0,0
0,0,0
0,0,0
0,0,0
0,0,0
0,0,0
0,0,0
0,0,0
0,0,0
0,0,0
0,0,0
0,0,0
0,0,0
0,0,0
0,0,0
0,0,0
0,0,0
0,0,0
0,0,0
0,0,0
0,0,0
0,0,0
0,0,0
0,0,0
0,0,0
0,0,0
0,0,0
0,0,0
0,0,0
0,0,0
0,0,0
0,0,0
0,0,0
0,0,0
0,0,0
0,0,0
0,0,0
0,0,0
0,0,0
0,0,0
0,0,0
0,0,0
0,0,0
0,0,0
0,0,0
0,0,0
0,0,0
0,0,0
0,0,0
0,0,0
0,0,0
0,0,0
0,0,0
0,0,0
0,0,0
0,0,0
0,0,0
0,0,0
0,0,0
0,0,0
0,0,0
0,0,0
0,0,0
0,0,0
0,0,0
0,0,0
0,0,0
0,0,0
0,0,0
0,0,0
0,0,0
0,0,0
0,0,0
0,0,0
0,0,0
0,0,0
0,0,0
0,0,0
0,0,0
0,0,0
0,0,0
0,0,0
0,0,0
0,0,0
0,0,0
0,0,0
0,0,0
0,0,0
0,0,0
0,0,0
0,0,0
0,0,0
0,0,0
0,0,0
0,0,0
0,0,0
0,0,0
0,0,0
0,0,0
0,0,0
0,0,0
0,0,0
0,0,0
0,0,0
0,0,0
0,0,0
0,0,0
0,0,0
0,0,0
0,0,0
0,0,0
0,0,0
0,0,0
0,0,0
0,0,0
0,0,0
0,0,0
0,0,0
0,0,0
0,0,0
0,0,0
0,0,0
0,0,0
0,0,0
0,0,0
0,0,0
0,0,0
0,0,0
0,0,0
0,0,0
0,0,0
0,0,0
0,0,0
0,0,0
0,0,0
0,0,0
0,0,0
0,0,0
0,0,0
0,0,0
0,0,0
0,0,0
0,0,0
0,0,0
0,0,0
0,0,0
0,0,0
0,0,0
0,0,0
-0.497425,-0.110263,-0.0005126
-0.504601,-0.147164,-0.00277758
0,0,0
0,0,0
0,0,0
0,0,0
0,0,0
-0.515676,-0.190866,-0.0345945
0,0,0
0,0,0
0,0,0
0,0,0
0,0,0
0,0,0
0,0,0
0,0,0
0,0,0
0,0,0
0,0,0
0,0,0
0,0,0
0,0,0
0,0,0
0,0,0
0,0,0
0,0,0
0,0,0
0,0,0
0,0,0
0,0,0
0,0,0
0,0,0
0,0,0
0,0,0
0,0,0
0,0,0
0,0,0
0,0,0
0,0,0
0,0,0
0,0,0
0,0,0
0,0,0
0,0,0
0,0,0
0,0,0
0,0,0
0,0,0
0,0,0
0,0,0
0,0,0
0,0,0
0,0,0
0,0,0
0,0,0
0,0,0
0,0,0
0,0,0
0,0,0
0,0,0
0,0,0
0,0,0
0,0,0
0,0,0
0,0,0
0,0,0
0,0,0
0,0,0
0,0,0
0,0,0
0,0,0
0,0,0
0,0,0
0,0,0
0,0,0
0,0,0
0,0,0
0,0,0
0,0,0
0,0,0
0,0,0
0,0,0
0,0,0
0,0,0
0,0,0
0,0,0
0,0,0
0,0,0
0,0,0
0,0,0
0,0,0
0,0,0
0,0,0
0,0,0
0,0,0
0,0,0
0,0,0
0,0,0
0,0,0
0,0,0
0,0,0
0,0,0
0,0,0
0,0,0
0,0,0
0,0,0
0,0,0
0,0,0
0,0,0
0,0,0
0,0,0
0,0,0
0,0,0
0,0,0
0,0,0
0,0,0
0,0,0
0,0,0
0,0,0
0,0,0
0,0,0
0,0,0
0,0,0
0,0,0
0,0,0
0,0,0
0,0,0
0,0,0
0,0,0
0,0,0
0,0,0
0,0,0
0,0,0
0,0,0
0,0,0
0,0,0
0,0,0
0,0,0
0,0,0
0,0,0
0,0,0
0,0,0
0,0,0
0,0,0
0,0,0
0,0,0
0,0,0
0,0,0
0,0,0
0,0,0
0,0,0
0,0,0
0,0,0
0,0,0
0,0,0
0,0,0
0,0,0
0,0,0
0,0,0
0,0,0
0,0,0
0,0,0
0,0,0
0,0,0
0,0,0
0,0,0
0,0,0
0,0,0
0,0,0
0,0,0
0,0,0
0,0,0
0,0,0
0,0,0
0,0,0
0,0,0
0,0,0
0,0,0
0,0,0
0,0,0
0,0,0
0,0,0
0,0,0
0,0,0
0,0,0
0,0,0
0,0,0
0,0,0
0,0,0
0,0,0
0,0,0
0,0,0
0,0,0
0,0,0
0,0,0
0,0,0
0,0,0
0,0,0
0,0,0
0,0,0
0,0,0
0,0,0
0,0,0
0,0,0
0,0,0
0,0,0
0,0,0
0,0,0
0,0,0
0,0,0
0,0,0
0,0,0
0,0,0
0,0,0
0,0,0
0,0,0
0,0,0
0,0,0
0,0,0
0,0,0
0,0,0
0,0,0
0,0,0
0,0,0
0,0,0
0,0,0
0,0,0
0,0,0
0,0,0
0,0,0
0,0,0
0,0,0
0,0,0
0,0,0
0,0,0
0,0,0
0,0,0
0,0,0
0,0,0
0,0,0
0,0,0
0,0,0
0,0,0
0,0,0
0,0,0
0,0,0
0,0,0
0,0,0
0,0,0
0,0,0
0,0,0
0,0,0
0,0,0
0,0,0
0,0,0
0,0,0
0,0,0
0,0,0
0,0,0
0,0,0
0,0,0
0,0,0
0,0,0
0,0,0
0,0,0
0,0,0
0,0,0
0,0,0
0,0,0
0,0,0
0,0,0
0,0,0
0,0,0
0,0,0
0,0,0
0,0,0
0,0,0
0,0,0
0,0,0
0,0,0
0,0,0
0,0,0
0,0,0
0,0,0
0,0,0
0,0,0
0,0,0
0,0,0
0,0,0
0,0,0
0,0,0
0,0,0
0,0,0
0,0,0
0,0,0
0,0,0
0,0,0
0,0,0
0,0,0
0,0,0
0,0,0
0,0,0
0,0,0
0,0,0
0,0,0
0,0,0
0,0,0
0,0,0
0,0,0
0,0,0
0,0,0
0,0,0
0,0,0
0,0,0
0,0,0
0,0,0
0,0,0
0,0,0
0,0,0
0,0,0
0,0,0
0,0,0
0,0,0
0,0,0
0,0,0
0,0,0
0,0,0
0,0,0
0,0,0
0,0,0
0,0,0
0,0,0
0,0,0
0,0,0
0,0,0
0,0,0
0,0,0
0,0,0
0,0,0
0,0,0
0,0,0
0,0,0
0,0,0
0,0,0
0,0,0
0,0,0
0,0,0
0,0,0
0,0,0
0,0,0
0,0,0
0,0,0
0,0,0
0,0,0
0,0,0
0,0,0
0,0,0
0,0,0
0,0,0
0,0,0
0,0,0
0,0,0
0,0,0
0,0,0
0,0,0
0,0,0
0,0,0
0,0,0
0,0,0
0,0,0
0,0,0
0,0,0
0,0,0
0,0,0
0,0,0
0,0,0
0,0,0
0,0,0
0,0,0
0,0,0
0,0,0
0,0,0
0,0,0
0,0,0
0,0,0
0,0,0
0,0,0
0,0,0
0,0,0
0,0,0
0,0,0
0,0,0
0,0,0
0,0,0
0,0,0
0,0,0
0,0,0
0,0,0
0,0,0
0,0,0
0,0,0
0,0,0
0,0,0
0,0,0
-244.506,41.7578,-101.034
0.118089,-0.297487,0.441027
0.387979,-0.35857,0.607526
0,0,0
0,0,0
0,0,0
0,0,0
0,0,0
0,0,0
0,0,0
0,0,0
0.364339,-0.479496,0.601578
0,0,0
0,0,0
0,0,0
0,0,0
0.615215,-0.380647,0.623018
0,0,0
2.69426,-0.802857,2.82189
0,0,0
1.0552,-2.17202,2.18047
0.139618,-0.305516,0.393581
0.105357,-0.232714,0.286722
0.0954032,-0.224787,0.278389
0.100744,-0.223005,0.276399
0.0945926,-0.349331,0.465358
0.23464,-0.225449,0.27101
0.293458,-0.235265,0.286281
0.314891,-0.2563,0.287586
0.369096,-0.32115,0.311923
0.661898,-0.477439,0.447452
0.446653,-0.308627,0.246787
0.394595,-0.321704,0.202852
0.343943,-0.301218,0.16616
0.182688,-0.183773,0.0716656
0.356162,-0.269163,0.0992656
0.336635,-0.26325,0.0597805
0.125337,-0.130814,-0.0780493
0.336778,-0.259322,0.0232697
0.33828,-0.259948,0.0110984
0.324881,-0.263977,-0.0159055
0.239122,-0.19908,-0.0540406
0.356066,-0.27529,-0.0634074
0.359976,-0.267524,-0.0963092
0.347078,-0.257921,-0.131869
0.335753,-0.252163,-0.168163
0.352812,-0.239551,-0.183266
0.050509,-0.0401258,-0.467622
0.616074,-0.0825822,-0.191116
0.35609,-0.214255,-0.298417
0.333798,-0.185788,-0.297999
0.329864,-0.148737,-0.266713
0.305653,-0.160998,-0.233519
0.313163,-0.1562,-0.0491142
0.284982,-0.115389,-0.0955462
0.214672,-0.142556,0.0721693
0.546145,0.0949085,0.403869
0.233316,-0.0745296,0.163203
0.251091,-0.047946,-0.0134289
0.243735,-0.00757575,0.0616074
0.249958,0.0430942,0.101864
0.216353,0.0762224,0.110507
0.187266,0.0979781,0.106382
-0.110984,-0.110334,-0.191182
0.150108,0.181913,0.172031
0.124145,0.206339,0.143915
-0.0291705,-0.355196,-0.368869
0.0805616,0.290561,0.159585
0.0454187,0.306427,0.164676
0.011456,0.330734,0.16644
-0.0109434,0.314176,0.146592
-0.0255466,0.356817,0.168192
-0.0665903,0.347853,0.138247
-0.0687957,0.348687,0.149703
-0.0696421,0.343406,0.128508
-0.0712752,0.338137,0.131559
-0.0674248,0.357926,0.150108
-0.0443101,0.372005,0.177407
-0.0476122,0.35336,0.150323
-0.0224829,0.372696,0.168002
0,0,0
0,0,0
0.053966,0.365555,-0.169584
0.12306,0.110817,0.0321954
0.15229,0.0987768,0.011456
0.182498,0.10401,0.000631809
2.65262,1.3188,0.443289
0.25264,0.125241,0.0048548
-2.12443,-1.16,-0.435641
0,0,0
1.86899,1.0295,0.77503
0,0,0
0,0,0
0,0,0
0,0,0
0,0,0
0,0,0
0,0,0
0.701487,0.139737,0.100112
-0.125676,-0.340182,0.0232041
1.30721,0.36341,0.23554
0.693645,0.0606537,0.0782549
0.547421,0.0064075,-0.174201
0.670367,-0.178349,0.193799
1.05098,0.209755,0.366461
0.76142,-0.0270486,0.121236
1.2287,0.266725,0.512168
0.819623,-0.0375986,0.238108
0.812435,-0.0834584,0.275791
0.305688,-0.491387,-0.0650883
0.671601,-0.291282,0.340956
0.476867,-0.345081,0.348473
0.555372,-0.410664,0.413597
0.126386,-0.689113,0.525293
0.606763,-0.378275,0.356522
0.453377,-0.496453,0.384605
0.673139,-0.371099,0.353977
0.15105,-0.529152,0.254664
0.376147,-0.411588,0.31614
0.292683,-0.441921,0.27622
0.252968,-0.438482,0.227806
0.249481,-0.40257,0.260946
0.234979,-0.394446,0.250393
0.198567,-0.374937,0.206631
0.258768,-0.406706,0.120303
0.259727,-0.383884,0.280511
0.26142,-0.420392,-0.0581175
-0.0500977,-0.479031,0.161532
0.493824,-0.333989,0.273576
0.218552,-0.394499,-0.00801384
0.152874,-0.439084,-0.076656
0.224548,-0.408894,-0.0659347
0.208533,-0.394279,-0.129983
0.195128,-0.38085,-0.172114
0.182176,-0.360262,-0.230628
0.173891,-0.354916,-0.291055
0.16644,-0.35131,-0.330651
0.211632,-0.323576,-0.375414
0.167745,-0.35758,-0.432342
0.172383,-0.316316,-0.517675
0.142151,-0.410616,-0.511673
0.197697,-0.323611,-0.605747
0.21258,-0.341547,-0.628275
0.193751,-0.318414,-0.756633
0.215727,-0.375623,-0.693142
0.211138,-0.394207,-0.735548
0.080657,-0.456309,-0.798869
0.0949979,-0.472182,-0.810504
-0.0113368,-0.614595,-0.866669
0.0330329,-0.492918,-0.772047
-0.0428855,-0.516558,-0.754112
-0.102252,-0.519526,-0.714409
-0.118965,-0.459623,-0.630391
-0.0925481,-0.369251,-0.547725
-0.238383,-0.401545,-0.522774
-0.146884,-0.333762,-0.421989
-0.0874162,-0.297356,-0.323635
-0.0182152,-0.242913,-0.251061
0.0598073,-0.220907,-0.180292
0.146508,-0.175691,-0.126141
0.270987,-0.14056,-0.0593245
0.382185,-0.10649,-0.00285506
0.578082,-0.0719547,0.110066
0.549859,-0.0246167,0.111908
0.601172,-0.0253916,0.130969
0.636047,-0.0187993,0.163174
0.641692,-0.035882,0.153923
0.71317,-0.00896454,0.184011
0.759393,-0.00733137,0.203317
0.801045,0.0251889,0.223953
0.799239,0.0255585,0.231624
1.63926,0.435877,0.614643
0.829589,0.0507832,0.260192
0.846732,0.0495553,0.26353
0.86751,0.0750065,0.278312
0.979245,0.167143,0.326049
0.960994,0.177443,0.349551
0.948876,0.172675,0.356466
0.974178,0.203168,0.368851
0.962877,0.225687,0.381351
0.968057,0.256956,0.407249
0.968117,0.28075,0.433689
0.939554,0.307775,0.435257
0.879133,0.296259,0.409669
0.878948,0.327229,0.423434
0.850716,0.340271,0.43706
0.827825,0.347483,0.445309
0.817421,0.360358,0.442287
0.789607,0.360167,0.463223
0.75438,0.356758,0.453725
0.752783,0.325119,0.538641
0.7227,0.361198,0.46351
0.687295,0.354022,0.462848
0.662148,0.354528,0.456655
0.648022,0.360131,0.47926
0.667059,0.367475,0.516307
0.639737,0.35162,0.50844
1.605,1.31745,1.46722
0,0,0
0,0,0
0.438792,0.140488,0.300002
0.414342,0.233936,0.412607
0.391179,0.277376,0.436115
0.391722,0.293112,0.490499
0.722241,-0.00172853,0.101933
0.334251,0.287288,0.54028
0.301349,0.277019,0.543976
0.272,0.293487,0.545013
0.251722,0.266355,0.536597
0.211132,0.120181,0.304031
-0.0624776,0.211275,0.894263
0.242615,0.208569,0.417215
0.378221,0.163853,0.419608
0,0,0
0,0,0
0,0,0
0.394571,0.110143,0.212574
0.433755,0.100011,0.182211
0.381804,0.179935,0.193933
0.399089,0.184798,0.166702
0.394154,0.193119,0.137627
0.410682,0.187761,0.0972927
0.433302,0.169253,0.0743449
0.445098,0.184476,0.0645876
0.456369,0.166446,0.0465065
0.459433,0.169158,0.0225753
0.459015,0.154281,0.011009
0.505459,0.397247,0.235346
0.448424,-0.178695,-0.246814
0.402403,0.160235,0.0250578
0.468713,0.100499,-0.0664055
0.540668,0.0478804,-0.14998
0.44651,-0.214309,-0.34759
0.471097,0.105464,-0.188503
0.554639,0.0481248,-0.252122
0.597948,0.179338,-0.235122
0.449878,0.0297308,-0.411895
0.504339,0.153691,-0.294343
0.488687,0.0745416,-0.386545
0.503659,0.10792,-0.396764
0.473094,0.00957251,-0.531021
0.361681,-0.0657082,-0.113222
0.357413,0.00322461,0.0608891
0.306976,0.025624,0.01055
0.320435,0.00139475,-0.00980496
0.356567,0.0192344,-0.00598431
0.367284,0.00905991,-0.0262111
0.393438,-0.0417173,-0.101382
0.411963,-0.100017,-0.209349
0.374579,0.0320435,-0.0625968
0.387967,-0.0679016,-0.24277
0.379431,-0.00713468,-0.131765
0.38861,-0.241792,-0.093627
0.36329,0.54642,0.11245
0.46382,0.140977,0.163516
0.491226,0.149131,0.145212
0.421011,0.082618,-0.0962734
0.345969,0.030148,-0.106633
0.499344,0.0846267,-0.145337
0.477207,0.104618,-0.066036
0.517309,0.122559,-0.0116676
0.535488,0.111175,0.0187725
0.547469,0.0670612,0.0624508
0.559366,0.0320017,0.115004
0.569785,-0.0126421,0.167358
0.581336,-0.0976562,0.20006
0.580204,-0.0687659,0.255731
0.574219,-0.128442,0.318164
0.570834,-0.156218,0.359049
0.550997,-0.193006,0.361761
0.545192,-0.220203,0.374296
0.533378,-0.235808,0.366467
0.536811,-0.301075,0.367665
0.539184,-0.297046,0.28196
0.558805,-0.32385,0.285515
0.62474,-0.334167,0.23393
0.667357,-0.458032,0.187558
0.558221,-0.257176,0.0827938
0.600874,-0.398332,0.127751
0.557971,-0.312454,0.0400931
0.569487,-0.331795,0.00997782
0.548351,-0.292355,-0.0941753
0.556946,-0.294608,-0.114775
0.56355,-0.288481,-0.160402
0.564194,-0.276917,-0.230229
0.556612,-0.274855,-0.248441
0.549316,-0.285268,-0.326696
0.551605,-0.291163,-0.367466
0.573742,-0.294232,-0.422332
0.556159,-0.270033,-0.296018
0.575817,-0.33381,-0.199685
0.790107,-0.169754,0.180578
0.656986,-0.152922,0.298616
0.289345,-0.490206,0.249594
0.89817,-0.350338,0.44511
0.482702,-0.247401,0.249961
0.369549,-0.25022,0.303513
0.397432,-0.157803,0.0923097
0.407732,-0.077343,0.0823289
0.378239,-0.0624478,0.0423521
0.395632,-0.0608146,0.0672549
0.443077,-0.049758,0.113857
0.448608,-0.0759602,0.0812799
0.474274,-0.0696063,0.0868142
0.455928,-0.0631511,0.0860572
0.507545,-0.0315845,0.114715
0.531828,-0.0184953,0.12702
0.51614,-0.00380278,0.109577
0.575495,0.0218451,0.132701
0.563633,0.00455976,0.173518
0.607145,0.0227869,0.135109
0.621796,0.0270247,0.150129
0.626981,0.028795,0.157544
0.632787,0.0315607,0.168976
0.651526,0.0292361,0.175774
0.668478,0.0258684,0.18352
0.674164,0.0620782,0.196636
0.682056,0.0324607,0.146276
0.665188,0.0808179,0.204563
0.656414,0.0920057,0.204873
0.70765,0.0175595,0.225845
0.583434,0.226933,0.18501
0.69313,0.0619113,0.23793
0.667679,0.105441,0.241226
0.64007,0.13923,0.225514
0.607347,0.166035,0.174773
0.57857,0.211519,0.178194
0.524414,0.2307,0.180414
0.574625,0.194985,0.131866
0.490391,0.231743,0.107124
0.478446,0.216091,0.0607908
0.491428,0.227439,0.0259906
0.497448,0.24811,-0.0274897
0.496697,0.229979,-0.0742257
0.533116,0.241941,-0.20259
0.401688,0.193977,-0.125849
0.461006,0.287646,-0.165516
0.505495,0.241417,-0.268412
0.501442,0.242913,-0.318778
0.505805,0.246751,-0.364086
0.502419,0.252461,-0.415409
0.502205,0.249088,-0.459614
0.508595,0.248903,-0.516808
0.502706,0.248337,-0.558794
0.504971,0.243586,-0.610057
0.49262,0.306004,-0.621897
0.52309,0.248647,-0.685516
0.476408,0.213736,-0.630668
0.525856,0.214452,-0.352454
0.415111,-0.0303626,-0.015828
0.551534,0.042361,0.105566
0.658989,-0.0447094,0.123739
0.640774,-0.0954211,0.167862
0.541043,-0.0931621,0.188631
0.507307,-0.0165045,0.289717
0.438786,-0.123847,0.259602
0.408912,-0.0535309,0.234136
0.305033,-0.155979,0.324166
0.263047,-0.150174,0.339851
0.233769,-0.147611,0.349304
0.214505,-0.148553,0.345525
0.200462,-0.146973,0.327745
0.191641,-0.15502,0.300995
0.193214,-0.153911,0.271347
0.189543,-0.162905,0.242096
0.195432,-0.15862,0.208873
0.196981,-0.159389,0.179598
0.202298,-0.151908,0.153512
0.23067,-0.137532,0.0249207
0.216174,-0.149548,0.092411
0.23663,-0.144231,0.0655025
0.260806,-0.156808,0.0564426
0.412202,-0.0339329,0.223967
0.467587,-0.288928,-0.224885
0.336504,-0.136209,-0.0171393
0.348926,-0.1468,-0.0538886
0.361586,-0.158209,-0.101891
0.412369,-0.201726,-0.173146
0.428057,-0.214052,-0.196773
0.449204,-0.19837,-0.243843
0.455689,-0.189161,-0.299287
0.437045,-0.175089,-0.340587
0.425529,-0.180018,-0.384554
0.43931,-0.167543,-0.409743
0.418782,-0.315118,-0.414488
0.49777,-0.0210166,-0.682309
0.415087,-0.143713,-0.522307
0.504708,-0.107473,-0.671393
0.411773,-0.0548244,-0.469041
0.296092,0.178522,0.0899404
0.26474,0.130796,0.0867069
0.197816,0.119817,0.132406
0.303435,0.139761,0.0221491
0.29633,0.112474,-0.00584722
0.283313,0.0767887,-0.00866652
0.285816,0.0709474,-0.0420779
0.339699,0.0596821,-0.0396252
0.395799,0.0690401,-0.0611186
0.422025,0.0837803,-0.0958085
0.432706,0.0460863,-0.0914752
0.474358,0.0550628,-0.153196
0.509286,0.0225723,-0.16312
0.561023,-0.0297546,-0.141647
0.755358,-0.123554,-0.231868
0.585794,-0.0273049,-0.201795
0.664806,-0.0127614,-0.18422
0.729442,-0.0191033,-0.157005
0.66452,0.0171542,-0.19505
0.681973,-0.0657678,-0.218078
0.690842,-0.0779629,-0.210628
0.712132,-0.0509024,-0.209415
0.714397,-0.034976,-0.223556
0.730562,-0.0317872,-0.207865
0.724745,-0.0214458,-0.22639
0.68388,-0.0316083,-0.224304
0.712824,0.02864,-0.17198
0.71094,0.0558853,-0.0911593
0.685954,0.0764787,-0.153986
0.692892,0.119662,-0.109196
0.695038,0.168628,-0.0688672
0.71342,0.00394583,-0.199866
0.682473,0.222474,-0.0620812
0.661087,0.233626,-0.0634491
0.646544,0.289911,-0.0536978
0.635076,0.259531,-0.0993416
0.60463,0.402689,-0.000357628
0.578213,0.436401,0.0227362
0.543761,0.454879,0.045985
0.621748,0.514644,0.0549883
0.471926,0.53854,0.158525
0.392437,0.624168,0.205973
0.343633,0.658011,0.23883
0.309014,0.663233,0.24884
0.256014,0.698972,0.282419
0.223565,0.668585,0.300241
-0.214982,1.64226,0.883308
0.175524,0.353599,0.232962
0.134754,0.48933,0.331852
0.0843048,0.70855,0.393873
0,0,0
0,0,0
0,0,0
0,0,0
0.263977,0.252628,0.227508
0.158668,0.310308,0.290838
0.158405,0.32652,0.30672
-0.0273466,0.44747,0.336573
-0.0471592,0.428742,0.295836
-0.0391483,0.380874,0.264695
-0.148892,0.417018,0.245327
-0.0935793,0.384665,0.246525
-0.195241,0.422585,0.201011
-0.0997066,0.393659,0.165099
-0.0597954,0.39261,0.120825
-0.143385,0.430793,0.114316
-0.0545025,0.411826,0.0553668
-0.0647545,0.445229,0.0143945
0.0185013,0.441742,-0.0568539
0.0653267,0.449628,-0.12739
0.228024,0.376868,-0.246742
0.246382,0.396442,-0.318542
0.257611,0.411439,-0.359994
0.260067,0.439453,-0.411946
0.277901,0.446832,-0.47884
0.27566,0.464529,-0.509697
0.356174,0.44294,-0.577515
0.321078,0.456399,-0.602588
1.21398,0.075233,-0.969687
0.472808,0.384319,-0.743231
0.461674,0.354633,-0.756139
4.38242,-0.875673,-1.53232
0.795746,0.387886,-1.67946
0.915956,0.109118,-0.960432
0.30098,0.00221133,-0.891247
0.608349,0.110629,-0.768131
0,0,0
0,0,0
0,0,0
-0.321245,-0.212288,0.0879109
-0.279903,-0.243089,0.026831
-0.259447,-0.218263,-0.01553
-1.24159,-0.476812,0.256044
-0.303817,-0.189011,-0.0309765
0.332355,-0.0562936,-0.434601
-0.446415,-0.252929,0.0429273
0,0,0
0,0,0
0,0,0
0,0,0
0,0,0
0,0,0
-4.39923,-5.18148,-1.79148
0,0,0
0.0343323,0.191283,0.0368595
-1.48792,-1.83297,-2.64024
0,0,0
0,0,0
0,0,0
0.119328,0.0945687,0.0678658
0,0,0
0.174236,-0.136435,0.0853658
0.0532389,0.244516,0.00139475
0.0635862,0.161433,0.0292063
-0.0640392,0.0696048,-0.0959694
0.302029,0.316268,0.445753
0.114512,0.0756294,-0.179294
0.0837803,0.153649,0.0629008
-0.63839,0.804794,-0.175405
-0.562167,0.83721,-0.195587
-0.637937,0.817204,-0.310671
-0.656772,0.809741,-0.356954
-0.692201,0.80241,-0.4538
-0.776029,0.76139,-0.470316
-0.779414,0.774735,-0.581396
-0.814295,0.720334,-0.654924
-0.832677,0.694364,-0.690782
-0.822687,0.63656,-0.798678
-0.919318,0.554776,-0.819761
-0.924778,0.530112,-0.837779
-0.938535,0.453573,-0.860682
-0.95644,0.378484,-0.866923
-0.856853,0.363457,-0.888482
-0.866795,0.276101,-0.81532
-0.927067,0.152433,-0.812712
-0.918627,0.123471,-0.734732
-0.875902,0.108594,-0.617984
-0.842237,0.112206,-0.489491
-0.789666,0.133729,-0.372598
-0.724363,0.134861,-0.263751
-0.671768,0.130033,-0.153753
-0.706315,0.120234,-0.0318378
-0.658774,0.11723,0.0678957
-0.696659,0.109649,0.168005
-0.728273,0.105733,0.255278
-0.763488,0.115222,0.313678
-0.754833,0.146431,0.334933
-0.800991,0.114709,0.399432
-0.815845,0.123954,0.437611
-0.812173,0.116718,0.470459
-0.799203,0.115603,0.507835
-0.797725,0.117737,0.551012
-0.789142,0.109518,0.578982
-0.802827,0.0954092,0.591758
-0.758862,0.105476,0.608891
-0.742269,0.11515,0.612569
-0.711298,0.12008,0.605902
-0.699329,0.105387,0.605303
-0.68171,0.111097,0.592655
-0.647664,0.143731,0.559127
-0.656152,0.109947,0.593311
-0.644541,0.0954747,0.590026
-0.621819,0.102645,0.575721
-0.613022,0.0858188,0.560021
-0.604296,0.0743747,0.52613
-0.592518,0.0842988,0.493187
-0.583029,0.0810087,0.449532
-0.583982,0.0833392,0.391448
-0.57354,0.0884593,0.347018
-0.576377,0.094831,0.3048
-0.573707,0.1001,0.259393
-0.580478,0.101954,0.218862
-0.569177,0.0921786,0.183398
-0.588107,0.124049,0.195593
-0.584006,0.0741899,0.125998
-0.58825,0.0716865,0.0917077
-0.601077,0.06724,0.0574231
-0.617671,0.0683606,0.0162601
-0.623393,0.071305,-0.0275612
-0.62108,0.0886261,-0.077498
-0.64292,0.0962436,-0.116479
-0.656104,0.0957727,-0.160789
-0.659966,0.107104,-0.199884
-0.664401,0.111783,-0.227594
-0.655794,0.125539,-0.256854
-0.656605,0.128818,-0.266427
-0.663495,0.19275,-0.30691
-0.652099,0.145459,-0.275409
-0.657451,0.162739,-0.276792
-0.658751,0.177902,-0.283253
-0.664127,0.184184,-0.287771
-0.666094,0.190765,-0.29512
-0.649834,0.198656,-0.304955
-0.652087,0.202984,-0.312716
-0.647962,0.208426,-0.32298
-0.647938,0.217575,-0.329894
-0.658381,0.216556,-0.322783
-0.673139,0.219572,-0.323451
-0.677204,0.219578,-0.322777
-0.680041,0.217324,-0.322771
-0.699031,0.213623,-0.309247
-0.696015,0.216073,-0.30849
-0.696862,0.21283,-0.302613
-0.700212,0.214928,-0.31963
-0.685287,0.192237,-0.329804
-0.674808,0.182295,-0.346613
-0.66545,0.165337,-0.349867
-0.651133,0.15409,-0.346813
-0.632894,0.145161,-0.333565
-0.620449,0.150698,-0.309017
-0.605142,0.160307,-0.285503
-0.594664,0.166273,-0.258794
-0.579,0.176018,-0.241575
-0.553346,0.178325,-0.22746
-0.532413,0.17162,-0.218514
-0.515461,0.167465,-0.214392
-0.512826,0.152975,-0.211412
-0.500238,0.157726,-0.203612
-0.488448,0.144839,-0.192803
-0.481045,0.130582,-0.173327
-0.476718,0.129527,-0.153527
-0.476122,0.126773,-0.137961
-0.476384,0.123656,-0.123149
-0.47015,0.126046,-0.112921
-0.461149,0.115347,-0.112873
-0.457489,0.107491,-0.110972
-0.441122,0.108463,-0.11161
-0.437319,0.0981629,-0.115353
-0.408924,0.114101,-0.112596
-0.396335,0.102884,-0.121787
-0.374031,0.098604,-0.117713
-0.355804,0.0730038,-0.126916
-0.341702,0.0574648,-0.13915
-0.324166,0.0265062,-0.161469
-0.318813,0.00553131,-0.177589
-0.277901,-0.00323653,-0.174493
-0.288415,-0.0763476,-0.135913
-0.260174,-0.0911951,-0.130889
0.0499845,0.105733,-0.240713
-0.147808,-0.0209868,-0.0872016
-0.116611,0.00650883,-0.0924319
-0.099051,0.0178754,-0.113481
0.176752,0.352943,-0.3824
0.296152,0.308871,-0.486845
-0.0915766,0.0232875,-0.10758
-0.046134,0.0556111,-0.136101
-0.0441074,0.0294566,-0.143915
0,0,0
0,0,0
0,0,0
0,0,0
0,0,0
0,0,0
0,0,0
0,0,0
0,0,0
-4.15215,-1.20714,0.315517
0.190306,0.104547,-0.349924
-0.0910878,0.03829,-0.0661671
-0.134718,0.0174701,0.00216365
-0.151038,0.0683904,-0.0197858
-0.135565,0.032866,-0.0410497
-0.135899,0.0327229,-0.0269294
-0.164127,0.0412524,-0.00398457
-0.16135,0.0998795,-0.0780672
-0.174141,0.00215769,0.106812
-0.208843,0.226766,-0.0482619
-0.138247,0.089711,0.0222594
-0.175786,0.0872791,0.105172
-0.190723,0.105685,0.0928342
-0.237715,0.110394,0.0682175
-0.244808,0.143915,0.0867069
-0.24153,0.172502,0.153741
-0.249302,0.262576,0.174749
-0.275743,0.271153,0.186861
-0.282836,0.303847,0.204405
-0.307882,0.344813,0.221938
-0.327861,0.375271,0.235853
-0.346112,0.422686,0.238404
-0.375724,0.464153,0.237638
-0.393677,0.49746,0.239587
-0.382698,0.584787,0.135145
-0.445509,0.572515,0.162008
-0.397086,0.616109,0.205761
-0.474405,0.668287,0.196496
-0.48635,0.696433,0.161916
-0.504494,0.713074,0.133553
-0.487316,0.690496,0.123233
-0.548387,0.799894,0.0445843
-0.47375,0.758159,0.0113845
-0.607169,0.804698,-0.00877082
-0.612271,0.951433,-0.0101596
-0.535405,0.861955,-0.123659
-0.528479,0.886893,-0.176674
-0.359607,1.32022,-0.319275
-0.544763,0.921643,-0.260112
-0.548685,1.00558,-0.272208
-0.569749,0.899148,-0.337088
-0.581443,0.889945,-0.379995
-0.583053,0.896347,-0.408068
-0.5826,0.884724,-0.447649
-0.589228,0.867391,-0.47254
-0.615251,0.819814,-0.498167
-0.594056,0.81712,-0.509065
-0.819302,0.375032,-0.413153
0,0,0
-0.674629,0.604308,-0.536838
0,0,0
-0.588572,0.635338,-0.500116
-0.554228,0.703704,-0.517151
-1.121,1.333,-1.01435
0,0,0
0,0,0
0,0,0
0,0,0
0,0,0
0,0,0
0,0,0
0,0,0
0,0,0
-0.355005,0.233221,-0.274229
-0.344849,0.249386,-0.273848
-0.33263,0.286961,-0.256264
-0.344139,0.387168,-0.261015
-0.328475,0.395525,-0.270528
-0.281751,0.370538,-0.255191
-0.234038,0.360346,-0.212318
-0.241536,0.338602,-0.165367
0,0,0
0,0,0
0,0,0
0,0,0
0,0,0
0,0,0
0,0,0
0,0,0
0,0,0
0,0,0
0,0,0
0,0,0
0,0,0
0,0,0
0,0,0
0,0,0
0,0,0
0,0,0
0,0,0
0,0,0
0,0,0
0,0,0
0,0,0
0,0,0
0,0,0
0,0,0
0,0,0
0,0,0
0,0,0
0,0,0
0,0,0
0,0,0
0,0,0
0,0,0
0,0,0
0,0,0
0,0,0
0,0,0
0,0,0
0,0,0
0,0,0
0,0,0
0,0,0
0,0,0
0,0,0
0,0,0
0,0,0
0,0,0
0,0,0
0,0,0
0,0,0
-0.0900745,-0.0111222,0.0821829
-0.0782967,-0.0149012,0.0719786
-0.0712395,-0.00469685,0.0708818
-0.0429749,-0.0106096,0.0344396
-0.0352502,-0.0140309,0.0288844
-0.00931025,-0.0152588,0.00531673
0.403804,-0.0654459,-0.608855
-0.0113666,-0.0167608,0.0157356
-0.0271082,-0.0136256,0.0218391
-0.0321746,-0.0160217,0.0145674
0.03497,-0.0570297,0.221443
-0.0515819,-0.00686646,-0.00548959
0.090605,-0.216007,0.0108302
-0.0481784,0.00429153,-0.00120997
-0.05036,0.0109315,-0.00621676
-0.0377953,0.00686646,-0.00345707
-0.0154614,-0.0253558,0.00567436
-0.00979304,-0.031817,0.00191927
-0.0293255,0.00104904,0.000923872
-0.00330806,0.0199795,0.00151396
-0.00647306,0.0365257,-0.00157356
0.00414252,0.0179887,-0.00294447
0.00824332,0.00866652,0.00494123
0.00947714,0.00771284,0.00408888
0.00419021,0.0124574,-0.0023067
0.00731945,0.0106096,-0.00114441
0.00965595,0.00246763,-0.000447035
0.00686646,-9.53674e-05,0.000244379
0.00500083,-0.000476837,0.00270605
0.00346303,0.00137091,0.00109673
0.00520349,-0.00149012,-0.000160933
0.00360608,-0.00265837,-0.00101328
0.0033617,-0.00207424,-0.00101924
0.00125766,-0.00524521,0.0030756
-0.000756979,-0.00575781,-0.000154972
-0.0026226,-0.00562668,0.000602007
-0.0033617,-0.00231266,-0.00143051
-0.00331998,-0.00252724,-0.000840425
-0.00529885,-0.00500679,0.00120401
-0.00920892,-0.00115633,0.00265241
-0.00951886,-0.0067234,0.00321865
-0.0115216,0.000727177,-0.00265837
-0.0114083,-7.15256e-05,-0.00141859
-0.0110328,-0.00352859,0.000929832
-0.0132978,-0.00678301,0.000226498
-0.0131786,-0.00296831,0.00198483
-0.00263453,0.000834465,0.000578165
0.00417233,0.00629425,-0.00106692
0.00514388,0.00860691,0.000476837
0.00588298,0.00692606,0.000834465
0.00244379,0.00709295,0.000280142
0.00352263,0.000274181,0.000905991
0.00388026,0.000560284,-0.00160336
0.00420809,-0.00441074,-0.000470877
0.00126958,-0.00423193,-0.000721216
-0.00197887,-0.00653267,0.00142455
0.000160933,-0.0101924,0.000888109
-0.00305176,-0.000834465,-0.00271201
-0.00398159,-0.00584126,0.00170469
-0.00380874,-0.00542402,0.000315905
-0.00802279,-0.00684261,0.00106692
-0.00742078,-0.00833273,0.000214577
-0.0116348,-0.00191927,-0.00107288
-0.011909,-0.00264645,-0.00165105
-0.0122666,0.00151396,-0.00206828
-0.0161648,0.000572205,-0.00126958
-0.0182033,-0.000202656,-0.00206232
-0.0234842,0.000214577,-0.00174046
-0.0219941,-0.00466108,-0.00181794
-0.0235856,-0.0043869,-0.00222921
-0.0237763,-0.00631809,-0.00181198
-0.0265837,-0.00404119,-0.00238419
-0.0292838,-0.00340939,-0.00308752
-0.0276744,-0.00511408,-0.00419617
-0.025475,-0.0056982,-0.000113249
-0.0187755,0.00259876,-0.00205636
-0.00753403,0.00855923,-0.00503063
-0.00594854,0.00662804,-0.000298023
-0.00512004,0.0111341,-0.000810623
-0.00725985,0.00709295,-0.000184774
-0.0111401,0.00622272,-0.000375509
-0.0119269,0.00650883,0.00193119
-0.00517964,0.00859499,-0.000971556
-0.00198483,0.0092864,-0.00213981
-0.00264049,0.00576973,0.00101328
-0.00367761,0.00561476,0.00118017
-0.00827909,0.0128508,-0.00112057
-0.00784993,0.0142217,-0.00115037
-0.0107169,0.0202298,-0.000697374
-0.00460148,0.0139236,0.000834465
-0.00254512,0.0132918,0.000417233
-0.00391006,0.00857115,0.00218153
-0.00392199,0.0134945,-0.0015974
-0.0080049,0.018394,-0.000107288
-0.00710487,0.0123978,-0.00165105
-0.0062108,0.00911951,-0.000423193
-0.00696182,0.00915527,-0.000452995
-0.00950098,0.0108004,0.000625849
-0.00890493,0.00957251,0.00120997
-0.0102222,0.0116467,0.00175238
-0.00532269,0.00865459,0.000613928
-0.009197,0.0120521,0.000566244
-0.00579953,0.00702143,0.000327826
-0.00864863,0.00982285,0.00181198
-0.00572205,0.00981092,-0.000458956
-0.00752211,0.00926256,-0.000298023
-0.00767708,0.00722408,0.00153184
-0.00626445,0.00579357,0.00129342
-0.00792742,0.00853539,-0.0012219
-0.00542998,0.00886917,0.00123382
-0.00576973,0.0132442,0.000286102
-0.00683665,0.0132561,-0.00216961
-0.00823736,0.0107646,0.0015676
-0.00510812,0.00708103,0.00199676
-0.00358224,0.0102043,-0.000786781
-0.00456572,0.0111222,-0.00063777
-0.000709295,0.00495911,-0.000721216
-0.00143647,0.00510216,0.00124574
1.19209e-05,0.00188351,0.000405312
0.000298023,0.00426769,-0.000309944
-0.000536442,0.00547171,-0.000572205
0.00117421,-0.000441074,0.000810623
-0.002563,0.000822544,0.00280142
-0.00128746,-0.000667572,-0.0010252
0.00194907,-0.00401735,0.000983477
0.00129938,-0.00677109,-0.000143051
0.00234246,-0.00619888,-0.00147223
0.000911951,-0.00427961,-0.00451803
0.000840425,-0.0048995,-0.00140071
0.00342727,-0.00855923,-1.19209e-05
0.00283122,-0.00572205,-0.000429153
0.00349283,-0.00880957,-0.00129938
0.00256896,-0.00540018,-8.34465e-05
0.00294447,-0.00869036,0.001508
0.00266433,-0.00264645,-0.00181794
0.00252724,-0.00673532,0.000321865
0.00466108,-0.0113964,0.00195503
0.00264645,-0.00700951,-0.00112057
0.00268221,-0.00249147,-0.00312924
0.00377297,-0.00480413,0.000846386
0.00488758,-0.00451803,-4.76837e-05
0.00594258,-0.0038147,0.000178814
0.00221729,-0.00169277,-0.00163317
0.000613928,-0.00195503,0.000321865
0.00383258,-0.00460148,-0.000143051
0.00230074,-0.00149012,-0.000822544
0.00168681,-0.00103712,0.00301003
0.00353456,-0.00315905,-0.00237226
0.00106692,-0.000321865,0.000143051
-0.00146031,-0.00190735,0.00131726
-0.00113845,0.00185966,2.98023e-05
0.00168681,-0.000989437,-0.000232458
-0.00115037,0.000190735,0.00182986
