torque0,torque1,torque2,torque3,torque4,torque5,torque6,action0,action1,action2,action3,action4,action5,action6,set_target_0,set_target_1,set_target_2,set_target_3,set_target_4,set_target_5,set_target_6,joint_pos_0,joint_pos_1,joint_pos_2,joint_pos_3,joint_pos_4,joint_pos_5,joint_pos_6,joint_vel_0,joint_vel_1,joint_vel_2,joint_vel_3,joint_vel_4,joint_vel_5,joint_vel_6,tennisball_pos_0,tennisball_pos_1,tennisball_pos_2,tennisball_lin_vel_0,tennisball_lin_vel_1,tennisball_lin_vel_2,end_effector_pos_0,end_effector_pos_1,end_effector_pos_2,end_effector_rot_0,end_effector_rot_1,end_effector_rot_2,end_effector_rot_3,end_effector_lin_vel_0,end_effector_lin_vel_1,end_effector_lin_vel_2,obs_task_0,obs_task_1,obs_task_2,obs_task_3,obs_task_4,obs_task_5,obs_task_6,to_final_target_0,to_final_target_1,to_final_target_2,joint_acc_0,joint_acc_1,joint_acc_2,joint_acc_3,joint_acc_4,joint_acc_5,joint_acc_6
-176,71.78673,-4.7855034,110,10.417488,4.898323,-3.9376605,-0.8056255,0.35883355,-0.53903997,0.7448161,0.061413303,0.6700011,-0.5628048,1.6996733,-1.0287676,-1.8690464,-1.0425291,1.9434568,1.1840109,-0.97257835,1.7787329,-1.0624632,-1.8204963,-1.1125189,1.9419045,1.1218344,-0.9175901,-0.2003396,0.29114324,-0.71330756,0.5992378,0.6109957,0.64157575,-0.1719378,2.7606049,-0.30931854,0.14157744,-3.0892193,-0.32473138,5.5453596,0.5283127,-0.4575653,0.6939171,0.5781371,0.17372273,0.15121333,0.78275937,-0.28045404,-0.41026103,0.109177455,1,0,0,0,0,0,0,-3.410605,-0.09068146,0.4084226,-19.975765,28.934765,-71.17204,59.99884,60.880863,63.67022,-17.07155
-176,-46.165432,-53.26395,110,11.900336,0.87830603,-3.618083,-0.80895555,-0.2352315,-0.56326807,0.7168217,0.13498658,0.65052336,-0.59146106,1.6978374,-1.0859863,-1.8768232,-1.0408367,1.9554032,1.1868868,-0.9767362,1.7772337,-1.0600218,-1.835181,-1.0985667,1.950932,1.1349818,-0.9181127,-0.13282168,0.22307007,-1.7104228,1.6630049,0.9945211,1.5231473,-0.013042446,2.7297287,-0.31256866,0.19625299,-3.0861306,-0.3244067,5.4416294,0.52373505,-0.4658432,0.6945623,0.5862717,0.17025134,0.14780326,0.7781093,-0.51808786,-0.96402377,0.051272146,1,0,0,0,0,0,0,-3.3797288,-0.08743134,0.353747,6.874788,-8.446792,-96.78357,107.05941,36.711945,83.37135,15.707225
-165.92488,80.49402,17.962362,93.16124,8.590485,6.680367,-1.9997082,-0.76708776,0.11165631,0.09833049,0.6688412,0.32283324,0.6717429,-0.51348466,1.7005249,-1.0488561,-1.8253479,-1.0316825,1.9832153,1.2021561,-0.96946114,1.7727095,-1.0578836,-1.8503349,-1.079949,1.9608083,1.1501223,-0.9184894,-0.558441,0.20772482,-1.4451252,1.9301875,0.98032403,1.505361,-0.046199042,2.698883,-0.31580353,0.24989201,-3.0830452,-0.32408237,5.3380027,0.51633453,-0.47730255,0.69631505,0.5972854,0.16534175,0.1429204,0.77167743,-0.8209882,-1.2010727,0.22021028,1,0,0,0,0,0,0,-3.3488832,-0.08419648,0.30010802,-42.437935,-2.3862453,28.159119,27.361275,-2.8901696,-3.4929752,-3.4020007
-108.31228,72.9119,28.973345,55.841114,5.950927,6.7305098,-0.080218755,-0.769419,-0.13686831,0.29363194,0.6668315,0.4025523,0.64616734,-0.561227,1.6957676,-1.0715704,-1.8209717,-1.0132658,2.0010636,1.214739,-0.9746121,1.7639071,-1.0571169,-1.8594558,-1.0611635,1.9698358,1.1642329,-0.9193143,-0.988124,0.03140876,-0.7276855,1.8628787,0.8712286,1.3767806,-0.09502411,2.6680832,-0.3190384,0.30249554,-3.0799627,-0.32375836,5.2344794,0.5063553,-0.4899826,0.69946533,0.60913384,0.15937321,0.13628167,0.76484215,-1.0675551,-1.2794725,0.3506942,1,0,0,0,0,0,0,-3.3180833,-0.080961615,0.24750447,-43.09193,-18.160757,73.725525,-6.2987804,-12.62883,-13.740492,-5.0086007
-57.06253,82.67324,35.912563,29.959486,3.2380006,5.847001,0.6781526,-0.7974164,-0.09434455,0.28578144,0.6782875,0.46569708,0.63808215,-0.5555975,1.6841655,-1.0665513,-1.8308777,-0.9933348,2.0164056,1.228041,-0.9748741,1.7514693,-1.0578226,-1.8613384,-1.0442377,1.9778047,1.1768728,-0.9206428,-1.3295776,-0.1058457,-0.0033773715,1.6361166,0.76779705,1.225221,-0.1461625,2.6373138,-0.32227325,0.3540646,-3.0768836,-0.32343468,5.13106,0.49450684,-0.5026474,0.7036883,0.6206238,0.15261075,0.12798479,0.7583903,-1.2388338,-1.248507,0.44681093,1,0,0,0,0,0,0,-3.287314,-0.07772675,0.1959354,-34.284973,-14.070049,73.95432,-22.577333,-11.639631,-15.464759,-5.330269
-16.42496,88.18427,36.060143,13.581619,0.99267626,4.248903,0.6946597,-0.8041549,-0.039266966,0.27253342,0.6847237,0.4623621,0.6368266,-0.57811403,1.6710538,-1.0617493,-1.834085,-0.97576535,2.024041,1.2405555,-0.9784542,1.7367102,-1.0592798,-1.8576534,-1.0296026,1.9849343,1.1881224,-0.9224557,-1.5251886,-0.15972967,0.49545836,1.4058992,0.69248396,1.0915916,-0.19393419,2.606575,-0.32550812,0.40460026,-3.0738072,-0.3231113,5.027744,0.48151398,-0.5145874,0.70861804,0.6313806,0.14536032,0.118729234,0.75241756,-1.3299961,-1.1633987,0.5060876,1,0,0,0,0,0,0,-3.256575,-0.07449189,0.14539975,-19.670105,-5.6403756,50.809925,-23.084497,-8.254158,-13.308573,-5.056077
9.908492,136.3694,47.391693,11.726143,-1.2648176,3.9951947,-0.01417727,-0.817906,0.25987923,0.14255573,0.6796902,0.39263806,0.6371381,-0.5695557,1.6549196,-1.0332918,-1.8433979,-0.9616336,2.024198,1.2518362,-0.9794113,1.7208792,-1.0594877,-1.851506,-1.0168024,1.9913468,1.1982008,-0.9246978,-1.6028173,0.024373643,0.6565549,1.2377647,0.6232517,0.98064995,-0.2358727,2.5758667,-0.32874298,0.45410353,-3.070734,-0.32278827,4.9245305,0.46803284,-0.5252075,0.7144602,0.6416851,0.13761477,0.10995058,0.7464672,-1.3664306,-1.0173064,0.6065506,1,0,0,0,0,0,0,-3.2258668,-0.071257025,0.09589648,-7.9389334,18.105291,16.724836,-16.863203,-7.2107553,-10.833716,-4.6741843
20.814001,154.84041,48.338917,11.562163,-2.4970284,3.2433531,-0.5808469,-0.82626367,0.42658886,0.008198098,0.6602676,0.3603492,0.63219154,-0.5677349,1.6382529,-1.0168288,-1.8506862,-0.9507757,2.0273817,1.26142,-0.9814713,1.7048422,-1.0568765,-1.8458469,-1.0051714,1.9971585,1.2073122,-0.92730707,-1.6049911,0.3390957,0.5369668,1.1381278,0.5668181,0.88889843,-0.27083904,2.545189,-0.3319626,0.50257546,-3.067664,-0.32246554,4.821421,0.45446777,-0.5342331,0.7213441,0.65194863,0.1294595,0.10288639,0.7400118,-1.3632002,-0.85578114,0.7121984,1,0,0,0,0,0,0,-3.195189,-0.06803742,0.047424555,-0.4500866,31.179546,-11.527777,-9.967327,-5.7136893,-8.892703,-3.974408
22.065485,149.05501,43.06198,11.525824,-2.6110063,2.3675795,-0.8030474,-0.8278803,0.53240734,-0.104390934,0.64165145,0.42809978,0.6245473,-0.56484866,1.6220542,-1.0036358,-1.8562859,-0.9410063,2.0399685,1.2697669,-0.98379195,1.6890551,-1.0509466,-1.8425643,-0.99414504,2.0027642,1.2156168,-0.9302148,-1.5708128,0.6766099,0.25990063,1.0905731,0.558249,0.81125027,-0.298715,2.5145416,-0.3351822,0.55001706,-3.064597,-0.32214314,4.718415,0.4410782,-0.54182434,0.72913796,0.66243196,0.12114532,0.0979959,0.7327377,-1.3402941,-0.71268183,0.79898554,1,0,0,0,0,0,0,-3.1645417,-0.064817816,-1.70E-05,3.1697989,33.49799,-27.370728,-4.808688,-0.86756945,-7.634902,-3.1882167
19.275038,130.35281,36.36157,11.44948,-2.0264196,1.7551558,-0.73461735,-0.8225586,0.59378046,-0.1523978,0.63909644,0.47550556,0.6203508,-0.5663202,1.6067992,-0.99156857,-1.8578042,-0.9302354,2.0503147,1.2776519,-0.98684686,1.6736895,-1.0420946,-1.8421485,-0.9833046,2.0085511,1.2232329,-0.93336004,-1.5258634,0.9542104,-0.030224241,1.0813463,0.5853442,0.7449468,-0.3209372,2.4839249,-0.3384018,0.59642935,-3.061533,-0.32182106,4.6155114,0.42790985,-0.54821014,0.7376115,0.6731854,0.112875074,0.09504613,0.72460115,-1.3154204,-0.6003961,0.8618399,1,0,0,0,0,0,0,-3.133925,-0.06159821,-0.046429336,4.2708874,27.547813,-28.695124,-1.0746717,2.6779175,-6.6779375,-2.5610328
17.513462,110.22749,31.133287,10.067022,-1.3714428,1.4599882,-0.47634965,-0.81584185,0.63730943,-0.16447906,0.61848223,0.49615827,0.6372277,-0.5728913,1.5921053,-0.97836363,-1.8585964,-0.9214564,2.058167,1.2869556,-0.99064916,1.6587397,-1.0311311,-1.8440635,-0.97249854,2.0147119,1.2302805,-0.93670076,-1.4852824,1.1432365,-0.24424735,1.0795149,0.62622845,0.6907022,-0.3394441,2.4533386,-0.3416214,0.6418134,-3.058472,-0.3214993,4.5127106,0.4149475,-0.55365753,0.7465478,0.6840848,0.10471699,0.09348044,0.7157679,-1.295203,-0.51081276,0.9033703,1,0,0,0,0,0,0,-3.1033387,-0.058378607,-0.091813385,3.8523674,18.729544,-21.041607,-0.42250156,4.0256977,-5.5648446,-2.1746159
14.660234,91.64935,26.55917,9.042448,-0.73423743,1.2872372,-0.2234936,-0.8119587,0.6648475,-0.1802844,0.6040141,0.5141013,0.64210904,-0.5801552,1.5775439,-0.9646464,-1.862092,-0.9120971,2.066122,1.2944914,-0.9947163,1.6441046,-1.0189146,-1.8474395,-0.96173155,2.021296,1.2368609,-0.94020647,-1.4568833,1.2475705,-0.367339,1.0747617,0.66905123,0.646442,-0.35526735,2.422783,-0.34483337,0.6861702,-3.0554142,-0.32117787,4.4100122,0.4021225,-0.558342,0.7557488,0.6949593,0.09668242,0.092712924,0.70646185,-1.2827982,-0.44086558,0.9256682,1,0,0,0,0,0,0,-3.072783,-0.055166632,-0.13617021,2.6489258,10.298276,-11.904073,-0.75290203,4.198718,-4.581082,-1.9005239
11.963535,78.37565,23.316229,8.746376,-0.26092094,1.2033284,-0.052808747,-0.805659,0.6838783,-0.19552104,0.6021901,0.5191011,0.65201163,-0.57617,1.5635387,-0.9505268,-1.8669916,-0.90151256,2.0732062,1.302062,-0.9978235,1.6296755,-1.0061163,-1.8515041,-0.95101225,2.0282464,1.2430636,-0.94384664,-1.4389832,1.2901736,-0.41805026,1.0700264,0.7033837,0.6112972,-0.3679351,2.3922577,-0.34803772,0.7295008,-3.0523593,-0.32085675,4.307417,0.38936615,-0.56246185,0.7650744,0.70568085,0.08873992,0.0923014,0.6968646,-1.2775782,-0.38486055,0.93509495,1,0,0,0,0,0,0,-3.0422578,-0.051962286,-0.17950076,1.6109467,4.1532755,-4.6351967,-0.75519085,3.3453703,-3.6531687,-1.5841782
10.939175,70.944855,21.692345,8.238857,-0.010935724,1.188241,0.08487931,-0.8034118,0.6941739,-0.18903019,0.5859549,0.5280607,0.6537221,-0.578085,1.5493343,-0.9366989,-1.8704071,-0.8924168,2.0810525,1.3084358,-1.0016551,1.6153532,-0.99317294,-1.8556602,-0.94040644,2.035479,1.2489687,-0.9475965,-1.4306879,1.2955326,-0.41317326,1.0565526,0.72932297,0.583171,-0.3785083,2.361763,-0.35124207,0.7718062,-3.0493076,-0.32053596,4.204924,0.37660217,-0.56604767,0.77443737,0.71614647,0.08084394,0.09195802,0.68712604,-1.276061,-0.3341594,0.93718266,1,0,0,0,0,0,0,-3.011763,-0.04875794,-0.22180617,0.651145,0.4471302,0.9623587,-1.6249418,2.4933696,-2.9211044,-1.3771534
10.2307205,68.61803,21.034903,8.434939,0.08982372,1.193694,0.1317322,-0.8003487,0.7077709,-0.19371909,0.57820827,0.53977734,0.6617849,-0.5761339,1.5353184,-0.9223958,-1.8750321,-0.88258564,2.0894568,1.3151472,-1.0052099,1.6010729,-0.98026305,-1.8596065,-0.929958,2.0429292,1.2546374,-0.95143694,-1.4276884,1.2890899,-0.3869437,1.0399919,0.7496492,0.561257,-0.38701364,2.3312988,-0.3544464,0.8130874,-3.046259,-0.3202155,4.102534,0.3638687,-0.5691376,0.78380805,0.72630906,0.07295139,0.0915611,0.67732537,-1.2761686,-0.28502885,0.9371704,1,0,0,0,0,0,0,-2.981299,-0.045553595,-0.2630874,0.12154579,-0.72693825,3.1158626,-1.9251108,1.927805,-2.2882938,-1.1703014
11.521225,70.948784,22.269873,8.760693,0.13509148,1.3363549,0.19700858,-0.7971071,0.7104067,-0.14581998,0.57079643,0.54574233,0.6628868,-0.57819194,1.5213622,-0.90922236,-1.8741885,-0.8728783,2.0975034,1.3209261,-1.0092561,1.5868098,-0.96744376,-1.8630397,-0.91968024,2.0505395,1.2601191,-0.9553537,-1.4264717,1.2791861,-0.3270895,1.0229183,0.7642387,0.5435741,-0.39429814,2.3008652,-0.35765076,0.8533455,-3.0432131,-0.31989533,4.0002456,0.35110474,-0.57170105,0.7932277,0.7361239,0.06497362,0.091024995,0.6675435,-1.2770348,-0.23092812,0.94347984,1,0,0,0,0,0,0,-2.9508653,-0.04234925,-0.3033455,-0.06375313,-1.076436,6.5268936,-1.9617796,1.3327956,-1.8698215,-1.0576844
12.450023,76.36685,24.05409,9.837011,0.104026616,1.5224452,0.20107213,-0.7958007,0.72437406,-0.107879885,0.57074356,0.53577757,0.67250717,-0.5720093,1.5072297,-0.89500636,-1.8738277,-0.86260587,2.1041172,1.3273698,-1.0125546,1.5725542,-0.9546502,-1.8657501,-0.90953124,2.0582147,1.2654558,-0.95932955,-1.425978,1.2790573,-0.2504271,1.0115274,0.768538,0.52992946,-0.39979842,2.270462,-0.36084747,0.8925815,-3.0401707,-0.3195755,3.8980606,0.3383484,-0.5736618,0.8027864,0.7455756,0.056794684,0.09034567,0.6578213,-1.2783711,-0.16917774,0.95970464,1,0,0,0,0,0,0,-2.9204621,-0.039152533,-0.3425815,-0.14314651,-0.11165142,8.252037,-1.3728142,0.28301477,-1.4892936,-0.8874595
12.634468,79.03163,24.731033,10.460821,0.1223194,1.5951762,0.21872085,-0.8002705,0.7293949,-0.06509273,0.55938643,0.55309546,0.66966224,-0.56760716,1.4925271,-0.8817107,-1.8722594,-0.8535926,2.1135242,1.332422,-1.0160903,1.5582777,-0.9418109,-1.8676269,-0.8995024,2.0659547,1.2706724,-0.9633493,-1.4289036,1.2851887,-0.16476595,0.99920595,0.7750746,0.51853013,-0.40375125,2.2400894,-0.36403656,0.93079644,-3.037131,-0.31925598,3.7959776,0.3255539,-0.5749817,0.812541,0.7546538,0.048349913,0.0895116,0.6481879,-1.2800043,-0.10367532,0.97982955,1,0,0,0,0,0,0,-2.8900895,-0.035963446,-0.38079643,-0.4875183,0.5092859,9.174002,-1.4466524,0.48689842,-1.272893,-0.72666407
12.0173645,80.549484,24.702938,11.511114,0.10820955,1.6042459,0.16976938,-0.7986874,0.7374328,-0.03499084,0.57060325,0.53457075,0.6736066,-0.56142634,1.4784089,-0.8680676,-1.8711259,-0.8424421,2.1194117,1.3380331,-1.0194919,1.5439783,-0.9288667,-1.8686969,-0.8895098,2.073687,1.2757937,-0.96739763,-1.4310105,1.297233,-0.08576957,0.99862736,0.7724726,0.50950944,-0.40617418,2.2097473,-0.36722565,0.9679913,-3.0340946,-0.3189368,3.6939967,0.3127365,-0.5756302,0.82251686,0.76338214,0.039595917,0.088573374,0.63861936,-1.2817335,-0.036842,1.0022695,1,0,0,0,0,0,0,-2.8597474,-0.03277436,-0.41799128,-0.39606094,1.0991335,8.4904,-0.24981499,-0.4176259,-1.0387897,-0.562942
10.683956,77.336395,22.857756,11.473818,0.10192442,1.4171009,0.13366486,-0.80259275,0.74121386,-0.027428322,0.5626133,0.55294347,0.6752562,-0.5564845,1.463719,-0.85474527,-1.8714398,-0.8332485,2.1289814,1.3433193,-1.0230461,1.5296446,-0.9157947,-1.8691623,-0.87952864,2.0814385,1.2808386,-0.97146124,-1.434729,1.3101391,-0.031669438,0.9972948,0.7756577,0.5025624,-0.40732113,2.1794357,-0.37041473,1.0041671,-3.0310612,-0.31861794,3.5921178,0.2999115,-0.5756531,0.8326629,0.77179116,0.030575857,0.08758088,0.6290732,-1.2818424,0.025294675,1.0167876,1,0,0,0,0,0,0,-2.8294358,-0.029585272,-0.45416707,-0.54769516,1.1951685,5.9564605,-0.32179356,0.18669367,-0.8078933,-0.4166782
12.004431,74.25018,21.514725,9.961165,-0.021866798,1.2143059,0.16663831,-0.80284035,0.74412626,-0.002278321,0.539564,0.5661219,0.6743113,-0.5553438,1.4493606,-0.841382,-1.8693901,-0.82557225,2.1380508,1.3482697,-1.0269957,1.5152785,-0.90260726,-1.8691833,-0.86966,2.0892625,1.2858263,-0.97553056,-1.4377666,1.3213398,0.009623874,0.9827466,0.7844908,0.49740112,-0.4078534,2.1491547,-0.37360382,1.0393248,-3.0280306,-0.31829938,3.4903405,0.28713226,-0.5750656,0.84288865,0.77986705,0.021368014,0.0865643,0.6195622,-1.2753834,0.086075984,1.0222952,1,0,0,0,0,0,0,-2.7991548,-0.026396185,-0.48932475,-0.47614574,1.0391235,4.6473002,-1.651144,0.76783895,-0.57406425,-0.34359694
14.474768,72.79898,20.931896,8.519991,-0.1680159,1.0562668,0.20728335,-0.7957667,0.7498599,0.021354198,0.5280721,0.57139426,0.67529416,-0.5443984,1.4357018,-0.8276213,-1.8670479,-0.8168528,2.146402,1.3533558,-1.0299704,1.5009257,-0.889314,-1.86884,-0.85998785,2.0971894,1.290774,-0.9795961,-1.4351178,1.3317577,0.044355404,0.9613955,0.7950105,0.49382186,-0.4070621,2.118904,-0.37677765,1.0734656,-3.0250032,-0.31798115,3.3886652,0.2744751,-0.5738678,0.85313404,0.7875794,0.012019477,0.085541815,0.6101285,-1.2613735,0.14724362,1.0226918,1,0,0,0,0,0,0,-2.7689042,-0.023222357,-0.5234656,0.09884834,0.971365,3.9743495,-2.3335934,0.9478569,-0.37379265,-0.20765066
15.056614,70.11112,19.7697,7.58016,-0.2586059,0.8851011,0.22202815,-0.7980083,0.7526984,0.033435225,0.50878656,0.5731736,0.6749123,-0.53818285,1.4211248,-0.8140442,-1.8654964,-0.8091092,2.1545067,1.3582652,-1.0334144,1.4865957,-0.875933,-1.8682086,-0.85059035,2.1052117,1.295693,-0.98364824,-1.432688,1.3400265,0.07083035,0.93190444,0.8043567,0.49140388,-0.40548378,2.088684,-0.37995148,1.1065904,-3.0219789,-0.31766325,3.2870915,0.26197815,-0.5720749,0.8633382,0.79491514,0.0025801414,0.08454347,0.6007957,-1.2423581,0.20584014,1.0166082,1,0,0,0,0,0,0,-2.7386842,-0.020048529,-0.5565904,0.08175373,0.7679939,3.1234808,-3.150165,0.8451581,-0.21736026,-0.11781454
16.159565,67.642685,18.72963,6.2781734,-0.38153893,0.702894,0.25305468,-0.7982097,0.75715405,0.041130245,0.47648975,0.58347076,0.67635846,-0.52883774,1.4067748,-0.80021757,-1.8640956,-0.8029414,2.1635587,1.3633289,-1.036532,1.4722868,-0.8624757,-1.8673732,-0.84158766,2.113337,1.3005968,-0.9876775,-1.4308293,1.3475024,0.08913108,0.889049,0.815079,0.49015015,-0.40293878,2.058487,-0.3831253,1.1387002,-3.0189574,-0.31734565,3.1856194,0.24972534,-0.5697098,0.87343246,0.8018601,-0.00688612,0.08360227,0.591594,-1.2169325,0.26225743,1.0037363,1,0,0,0,0,0,0,-2.708487,-0.0168747,-0.58870023,0.026869774,0.7013798,2.2828386,-4.4922113,0.99697113,-0.05477667,-0.009739399
17.241753,66.10976,18.11483,5.1874237,-0.46283114,0.563232,0.29720417,-0.8008068,0.7616605,0.057785023,0.4377504,0.6019608,0.67288405,-0.52571124,1.3922062,-0.78630966,-1.8615947,-0.79781264,2.1735332,1.3678852,-1.0402486,1.4579798,-0.84894496,-1.8663547,-0.83312285,2.1216073,1.3054892,-0.9916801,-1.4313933,1.3548352,0.107622914,0.83157754,0.8306595,0.4893243,-0.4002124,2.0283127,-0.38629913,1.1697961,-3.015939,-0.31702837,3.0842485,0.23775482,-0.5667801,0.88336587,0.8083926,-0.016322449,0.082723,0.5825734,-1.1862777,0.31699276,0.9864132,1,0,0,0,0,0,0,-2.6783128,-0.013700873,-0.6197961,-0.21529198,0.6982088,2.2881582,-5.9556723,1.4960408,0.025606155,0.017243624
19.003883,66.52988,18.370178,4.7074537,-0.5145118,0.5094211,0.33736482,-0.7938518,0.76447254,0.08704422,0.4149581,0.60313004,0.6799952,-0.5135932,1.3785946,-0.7724977,-1.8576503,-0.79162705,2.1819203,1.3734887,-1.0430394,1.4436938,-0.8353475,-1.8650672,-0.825235,2.130015,1.3103796,-0.9956483,-1.4282409,1.3613219,0.13714312,0.7738228,0.843879,0.48958138,-0.39658234,1.998169,-0.38947296,1.1998789,-3.0129237,-0.31671143,2.9829793,0.22612,-0.56331635,0.8931363,0.8144917,-0.02573613,0.081889644,0.5737901,-1.1515384,0.37228093,0.9701466,1,0,0,0,0,0,0,-2.648169,-0.010527045,-0.6498789,0.16670227,0.62031746,3.379427,-5.9699655,1.2657166,0.14967918,0.11264682
22.871058,65.49259,18.399294,1.9216304,-0.71785766,0.35354167,0.4761933,-0.7976854,0.76518303,0.12882099,0.3324734,0.6274117,0.6669834,-0.509545,1.3639252,-0.7588292,-1.8521851,-0.79198766,2.1927562,1.3770779,-1.0466028,1.4294211,-0.8217004,-1.8633373,-0.8181702,2.138598,1.3152701,-0.9995803,-1.4275377,1.365823,0.18638027,0.68337345,0.86273545,0.4893987,-0.39287645,1.9680557,-0.39263153,1.2289499,-3.0099113,-0.31639478,2.8818111,0.21490479,-0.5592575,0.9027005,0.8200862,-0.035084195,0.0810623,0.5653818,-1.1056745,0.42900646,0.947865,1,0,0,0,0,0,0,-2.6180558,-0.007368475,-0.6789499,-0.07688999,0.43578148,5.3527684,-9.236431,1.8279791,0.17585158,0.1289308
31.186234,67.31515,19.622765,-3.0777864,-1.2166659,0.18257952,0.70788604,-0.793376,0.7766166,0.18791893,0.21415347,0.642403,0.6675008,-0.49428523,1.3500835,-0.74403876,-1.8445454,-0.79675484,2.2028382,1.3820201,-1.0490088,1.4151694,-0.8079713,-1.8609073,-0.8124119,2.1473832,1.3201624,-1.0034673,-1.424806,1.3752713,0.26324767,0.5393327,0.88370395,0.49037004,-0.38810238,1.937973,-0.3957901,1.25701,-3.006902,-0.31607845,2.780744,0.20432281,-0.5545807,0.91199565,0.825041,-0.044290014,0.08023191,0.5575918,-1.0375569,0.49382392,0.91916513,1,0,0,0,0,0,0,-2.587973,-0.004209906,-0.70701,0.1327753,0.9442568,8.126786,-14.57963,2.0360708,0.39864182,0.24380684
37.47963,68.45141,20.565252,-6.824195,-1.5755689,0.02371499,0.8979374,-0.79067385,0.7816756,0.2623839,0.10581029,0.64705676,0.66004145,-0.46794793,1.336102,-0.72980374,-1.8346689,-0.8018309,2.2120888,1.3861666,-1.0502621,1.4009558,-0.79413635,-1.8574779,-0.8083836,2.1563554,1.3250643,-1.0072896,-1.4205552,1.3863225,0.37064093,0.35679305,0.90194076,0.49149227,-0.38101357,1.9079208,-0.39894867,1.2840601,-3.0038958,-0.31576243,2.679778,0.1945343,-0.5492096,0.9209746,0.82923293,-0.053298503,0.079388455,0.5506627,-0.9521521,0.5627298,0.8862692,1,0,0,0,0,0,0,-2.557921,-0.0010513365,-0.7340601,0.31414032,1.1221647,11.127347,-18.38932,1.7959476,0.50294995,0.5026102
44.69772,67.07257,20.489351,-12.2053385,-2.1208293,-0.31886435,1.0885383,-0.7840266,0.79120135,0.31436273,-0.051083334,0.6538036,0.65781325,-0.43824735,1.3225532,-0.7150162,-1.8260416,-0.81349194,2.2217357,1.3908457,-1.0511144,1.3868147,-0.780166,-1.8529212,-0.80657065,2.1654916,1.3299814,-1.0110223,-1.4123639,1.4007006,0.48488262,0.122449085,0.91776043,0.49360073,-0.37113532,1.8778992,-0.40210724,1.3101013,-3.0008924,-0.31544673,2.5789132,0.18579102,-0.5431366,0.9295398,0.83255804,-0.061982676,0.078586,0.54482067,-0.842492,0.63195264,0.8415983,1,0,0,0,0,0,0,-2.5278993,0.0021072328,-0.76010126,0.7599354,1.479125,11.699438,-23.518198,1.6100168,0.7245004,0.8372009
49.463623,60.437286,18.45746,-17.741947,-2.6055243,-0.8436401,1.2269036,-0.7812642,0.7929895,0.3464716,-0.2340669,0.6685841,0.65225875,-0.4039347,1.3086883,-0.700867,-1.8182741,-0.82997733,2.2323499,1.3952073,-1.0514158,1.3727614,-0.7660697,-1.8473423,-0.8075024,2.1747956,1.3349215,-1.0146348,-1.4031036,1.4127612,0.58262444,-0.16517131,0.93487394,0.49613833,-0.35807854,1.847908,-0.4052658,1.3351346,-2.9978921,-0.31513134,2.478149,0.17829895,-0.53643036,0.9375173,0.8349558,-0.07011703,0.07792502,0.5402407,-0.7104629,0.6911527,0.77786756,1,0,0,0,0,0,0,-2.497908,0.005265802,-0.7851346,0.934124,1.2743235,9.891998,-28.793198,1.8023133,0.87811947,1.2334168
45.200294,58.33553,17.464693,-14.949532,-2.307292,-0.9381395,1.129529,-0.77275085,0.79631054,0.3962815,-0.29963744,0.672078,0.64622,-0.3144423,1.2954863,-0.6864387,-1.8077141,-0.8374661,2.2420034,1.3995435,-1.046079,1.3588244,-0.7518714,-1.8408573,-0.8110329,2.1842523,1.3398787,-1.0180566,-1.3904502,1.4224075,0.6700923,-0.41570374,0.94984937,0.4974467,-0.336862,1.8179474,-0.40840912,1.3591611,-2.994895,-0.31481627,2.3774855,0.17204285,-0.5291977,0.94489896,0.83648914,-0.0776675,0.07742831,0.53689706,-0.5884779,0.73942715,0.7193631,1,0,0,0,0,0,0,-2.4679475,0.008409113,-0.8091611,1.3337374,1.0579824,8.67033,-25.032843,1.6954899,0.71219206,2.1109521
27.304577,59.204494,16.51371,-1.0028286,-0.98981297,-0.51026523,0.6624119,-0.7696765,0.7991439,0.42008355,-0.21114749,0.661239,0.6458018,-0.18370268,1.2818568,-0.671957,-1.7988489,-0.83214766,2.2503762,1.4044589,-1.0364269,1.3450037,-0.73759586,-1.8336627,-0.81593573,2.1938004,1.3448378,-1.0211809,-1.3791536,1.4297068,0.735127,-0.51522505,0.95715165,0.49650845,-0.30438608,1.7880173,-0.41155243,1.3821816,-2.9919007,-0.31450152,2.2769227,0.16661072,-0.5215912,0.95193416,0.8374251,-0.084920764,0.077025585,0.5343918,-0.5208869,0.7741965,0.69244957,1,0,0,0,0,0,0,-2.4380174,0.011552423,-0.83218163,1.1768103,0.85213184,6.2751412,-9.9689245,1.0654807,0.2973318,3.2375276
5.962296,58.322533,14.818852,15.192215,0.5486796,0.025026929,0.103550844,-0.7730166,0.7957383,0.42113584,-0.082225166,0.6457139,0.65188366,-0.045364253,1.2677021,-0.65802205,-1.7915492,-0.82415825,2.2583718,1.4100262,-1.0257173,1.331246,-0.72328883,-1.8260524,-0.82055247,2.2033448,1.3497797,-1.0239007,-1.3748775,1.4315114,0.76872265,-0.4442783,0.95485723,0.49389207,-0.26129097,1.7581177,-0.41469574,1.4041973,-2.9889092,-0.31418708,2.1764605,0.1613617,-0.5137329,0.95895386,0.8381191,-0.09228207,0.076624624,0.53213626,-0.5182431,0.7949856,0.6990846,1,0,0,0,0,0,0,-2.4081178,0.014695734,-0.8541973,0.38850307,0.32317638,3.0931711,6.970793,0.1949668,-0.075650215,4.2532625
-20.571476,55.196045,12.004258,34.471527,2.391107,0.6937167,-0.59901905,-0.7999814,0.78791374,0.39588055,0.14384452,0.62666976,0.6547224,0.031775173,1.2512479,-0.64449745,-1.7864643,-0.806168,2.2660117,1.415252,-1.0207232,1.3173681,-0.7090209,-1.8184097,-0.8230473,2.2127938,1.3546835,-1.0261648,-1.3928667,1.4257946,0.7619972,-0.18535072,0.94297546,0.4888806,-0.21524666,1.7282486,-0.41783905,1.4252092,-2.9859211,-0.31387296,2.0760987,0.15553284,-0.50577545,0.96630937,0.8389969,-0.10020335,0.076123126,0.52938515,-0.5950986,0.80014145,0.74156374,1,0,0,0,0,0,0,-2.3782487,0.017839044,-0.87520915,-1.9719362,-0.4217863,-0.9091258,25.634724,-0.70450306,-0.5796075,4.4897885
-36.06343,55.151745,11.210584,47.46414,3.5706444,1.265663,-1.0332376,-0.8051044,0.78081596,0.38895646,0.3802568,0.5950776,0.6690981,0.14214252,1.2368577,-0.6309393,-1.7795141,-0.7850216,2.2723017,1.4215933,-1.0119505,1.3032671,-0.6948512,-1.8109767,-0.82192004,2.222033,1.3595377,-1.0279291,-1.416559,1.4144208,0.7361352,0.21118478,0.9190556,0.4831843,-0.1639683,1.69841,-0.42097473,1.4452182,-2.982936,-0.31355914,1.9758371,0.14854431,-0.49778748,0.97429854,0.84034866,-0.10910293,0.0754325,0.5255668,-0.72432566,0.8041522,0.81159186,1,0,0,0,0,0,0,-2.3484101,0.020974725,-0.8952182,-2.5715113,-0.99954605,-2.848792,39.38318,-1.8602729,-0.882113,4.9920616
-34.25139,52.89459,10.677502,45.78012,3.3404393,1.222932,-1.0212687,-0.8114947,0.7752656,0.37132993,0.47482884,0.57619125,0.6686217,0.13709947,1.2221177,-0.61732465,-1.7738438,-0.7744371,2.279652,1.4264,-1.0142192,1.2889334,-0.68081313,-1.8038929,-0.8169371,2.23099,1.3643347,-1.0292299,-1.4394588,1.4005475,0.6983739,0.59344363,0.88963455,0.47719827,-0.119205765,1.668602,-0.42410278,1.4642254,-2.9799535,-0.31324565,1.8756757,0.14030457,-0.48970795,0.98292536,0.8422014,-0.11904155,0.074583285,0.52054113,-0.84750926,0.8144299,0.8730684,1,0,0,0,0,0,0,-2.318602,0.024102777,-0.9142254,-2.433443,-1.2896061,-4.014361,38.04578,-2.4736285,-0.98514557,4.3653026
-20.807133,50.4493,10.631329,34.131577,2.1728451,0.75586176,-0.71024674,-0.81566113,0.7736663,0.3523705,0.4861112,0.5773204,0.66116554,0.021679388,1.2073673,-0.6034465,-1.7686558,-0.768326,2.288722,1.4304513,-1.0270619,1.2744108,-0.6668981,-1.7972152,-0.80902636,2.239695,1.3690764,-1.0302217,-1.4566572,1.3886461,0.6574208,0.85668343,0.86507905,0.4722322,-0.0927399,1.6388245,-0.42723083,1.4822317,-2.976974,-0.31293246,1.7756144,0.13118744,-0.48149872,0.991937,0.84438574,-0.12973955,0.07369239,0.51453835,-0.9242818,0.83304584,0.9036341,1,0,0,0,0,0,0,-2.2888246,0.027230829,-0.9322317,-1.8129587,-1.1391878,-4.203129,26.215982,-2.134955,-0.77257156,2.547784
-4.1612597,46.746803,10.035975,18.731997,0.67368907,0.03531915,-0.30250043,-0.8207259,0.77541935,0.31056237,0.44410333,0.5893394,0.6584697,-0.09220241,1.1923382,-0.5893561,-1.7661589,-0.764616,2.298629,1.4349233,-1.039442,1.2597548,-0.6530612,-1.7910411,-0.7996918,2.24824,1.3737856,-1.0310819,-1.468867,1.3821329,0.60435337,0.9587286,0.8516936,0.47026163,-0.084153496,1.6090775,-0.4303589,1.4992381,-2.9739978,-0.3126196,1.6756531,0.12176514,-0.47309875,1.0009577,0.8466709,-0.14072287,0.07294192,0.50796145,-0.9389539,0.8532856,0.89439905,1,0,0,0,0,0,0,-2.2590775,0.03035888,-0.9492381,-1.3125181,-0.6317854,-5.2356005,10.09885,-1.1736274,-0.22429824,0.75139254
9.442205,45.7886,10.304701,6.799487,-0.4737476,-0.50706303,0.05777385,-0.8237245,0.7763015,0.2983618,0.40755507,0.59600466,0.66778314,-0.15895538,1.1773823,-0.57543105,-1.761205,-0.7589363,2.3078403,1.4405639,-1.0469774,1.2450129,-0.6392539,-1.7853401,-0.7902771,2.25672,1.3784987,-1.0319383,-1.4764041,1.3803107,0.5594418,0.93539864,0.8467284,0.47211233,-0.086702354,1.579361,-0.43348694,1.5152457,-2.9710245,-0.31230703,1.5757918,0.11256409,-0.4644928,1.0096905,0.8488502,-0.15159374,0.07246058,0.50122064,-0.9042329,0.8739976,0.8588886,1,0,0,0,0,0,0,-2.229361,0.033486933,-0.96524566,-0.85122585,-0.17917156,-4.264784,-2.4440885,-0.46231747,0.37007928,-0.37864596
19.043972,44.473892,10.28257,-1.7714906,-1.2698076,-0.9666752,0.34664327,-0.8221019,0.7744977,0.2818151,0.34906718,0.5917688,0.6713408,-0.11877926,1.1628027,-0.5618042,-1.7571585,-0.7553704,2.315897,1.4456327,-1.0438162,1.2302386,-0.62545234,-1.78003,-0.78174365,2.2651658,1.3832442,-1.0328043,-1.4780923,1.3800979,0.52253324,0.82573706,0.8437947,0.47636256,-0.08710372,1.549675,-0.43660736,1.5302553,-2.968054,-0.3119948,1.4760303,0.10398865,-0.4556961,1.0179377,0.85076916,-0.16206637,0.07233981,0.49466467,-0.8336388,0.8904891,0.8061981,1,0,0,0,0,0,0,-2.199675,0.036607355,-0.9802553,-0.25012493,-0.018000603,-3.393364,-11.071563,-0.3360033,0.76862574,-0.16532242
22.017357,45.27795,10.762495,-3.6701565,-1.417951,-1.1113567,0.46870267,-0.8174771,0.7735421,0.2796022,0.32955167,0.59103024,0.6702993,-0.03122703,1.1484909,-0.54809815,-1.7520698,-0.7487885,2.3242688,1.4502741,-1.0359269,1.2154928,-0.6116498,-1.7749774,-0.7744175,2.2735925,1.3880316,-1.0336092,-1.4735434,1.3803896,0.500639,0.70138216,0.8422527,0.4806549,-0.07876569,1.5200195,-0.43972015,1.5442681,-2.9650865,-0.31168285,1.3763686,0.09615326,-0.44676208,1.02566,0.8523495,-0.17205834,0.072581455,0.48849583,-0.7542047,0.90484834,0.7541701,1,0,0,0,0,0,0,-2.1700196,0.039720148,-0.9942681,0.40762424,0.03941059,-1.9083977,-12.510622,-0.2101779,0.7915497,0.7172242
17.668747,46.381096,11.078539,0.9888511,-0.95653856,-0.9458157,0.40901878,-0.8182567,0.770224,0.28063533,0.36271647,0.5756853,0.6686676,0.13792945,1.1336672,-0.53462744,-1.7469139,-0.7381459,2.331161,1.4548984,-1.0198162,1.2007986,-0.5978578,-1.7700374,-0.76794684,2.2819695,1.3928515,-1.0342042,-1.4682093,1.3789065,0.49237043,0.62876904,0.83611184,0.48339748,-0.05337781,1.4903946,-0.44283295,1.5572851,-2.962122,-0.31137124,1.2768066,0.08899689,-0.4376526,1.0329669,0.8535932,-0.18170264,0.07312237,0.48271725,-0.6931281,0.92017317,0.7161927,1,0,0,0,0,0,0,-2.1403947,0.04283294,-1.0072851,0.49965382,-0.12795925,-0.6168544,-7.3198557,-0.6124854,0.541991,2.4285457
10.631797,43.613613,9.821193,6.686079,-0.412557,-0.82633126,0.2115354,-0.81668323,0.76446295,0.23636323,0.3987368,0.5567509,0.673992,0.23447636,1.1191303,-0.5214115,-1.7464011,-0.7280732,2.3376446,1.4602506,-1.0107566,1.1861578,-0.5841077,-1.7653244,-0.76171744,2.290236,1.3976942,-1.0344789,-1.4629545,1.3739153,0.4645122,0.6207432,0.8237417,0.4851852,-0.019147268,1.4608002,-0.44594574,1.5693071,-2.9591606,-0.31105992,1.1773441,0.08226776,-0.42842102,1.0399748,0.8545927,-0.1911575,0.07393949,0.47714052,-0.6559177,0.9320544,0.68922895,1,0,0,0,0,0,0,-2.1108003,0.045945734,-1.0193071,0.48549175,-0.4660368,-2.6693285,-0.8797765,-1.154542,0.3557682,3.322554
5.8999534,38.372852,8.017958,9.602968,-0.086687565,-0.8492793,0.08365612,-0.813537,0.75025684,0.20026247,0.40879506,0.5295969,0.6726197,0.32917103,1.1048042,-0.509082,-1.7452981,-0.72083795,2.3431957,1.4649562,-1.0015618,1.1715704,-0.57047015,-1.7610347,-0.75529826,2.2983117,1.4025484,-1.0343606,-1.4575694,1.3605101,0.41740528,0.6486827,0.8024042,0.4860268,0.021643737,1.4312363,-0.44905853,1.5803353,-2.956202,-0.31074893,1.077981,0.075790405,-0.41911316,1.0467335,0.8554385,-0.20049432,0.075045116,0.47158802,-0.6328867,0.93729067,0.6650468,1,0,0,0,0,0,0,-2.0812364,0.049058527,-1.0303352,0.49510002,-1.2975454,-4.657179,2.6905537,-2.0013094,0.225389,3.9845963
4.1123543,28.611488,4.937017,8.053147,-0.12382114,-1.1569943,0.041121326,-0.81501156,0.7254434,0.14483373,0.37463197,0.48702744,0.66522,0.3975161,1.0900693,-0.49792582,-1.7465514,-0.71783507,2.3470144,1.4690704,-0.99460906,1.1570154,-0.55707103,-1.7574184,-0.7486979,2.3060708,1.4074064,-1.033819,-1.4548699,1.3331964,0.34304816,0.6634231,0.7673706,0.48636088,0.06495566,1.4017029,-0.4521637,1.5903705,-2.9532464,-0.31043825,0.97871715,0.06957245,-0.4098587,1.0531709,0.85620433,-0.20960587,0.07651946,0.4659658,-0.60832393,0.92660654,0.63043964,1,0,0,0,0,0,0,-2.051703,0.05216369,-1.0403705,0.2371788,-2.6751518,-7.4382186,1.3416171,-3.3484578,0.22982955,4.2556653
5.414626,21.114817,2.6711512,4.2126074,-0.40308672,-1.5301576,0.08674076,-0.81416595,0.7044162,0.09168367,0.32110316,0.44934106,0.6612894,0.44712,1.0755988,-0.4866294,-1.74825,-0.71658754,2.3510048,1.4735354,-0.98910695,1.1424776,-0.5440133,-1.7546852,-0.74225104,2.3134027,1.4122683,-1.0328462,-1.4532534,1.2967807,0.24996522,0.63800544,0.7225395,0.48699617,0.10789899,1.3721924,-0.45526123,1.5994139,-2.9502935,-0.31012785,0.87955266,0.063682556,-0.40084076,1.0591683,0.85692936,-0.21829271,0.07846914,0.46028572,-0.57170457,0.9010897,0.5835886,1,0,0,0,0,0,0,-2.0221925,0.055261225,-1.0494139,0.15473366,-3.5749912,-9.344805,-2.680087,-4.3358803,0.3448069,4.237375
12.106003,15.409934,1.6746793,-4.017521,-0.9223587,-2.0267162,0.36711267,-0.81293285,0.6707243,0.09698997,0.1857376,0.44058228,0.65661234,0.49604142,1.0611844,-0.4769409,-1.7449862,-0.7236773,2.357461,1.4779295,-0.9832421,1.127957,-0.5314153,-1.7526805,-0.73673785,2.3203225,1.4171377,-1.031452,-1.451382,1.2477686,0.18388763,0.5219935,0.68231595,0.4884547,0.14993724,1.3427048,-0.45835876,1.6074663,-2.9473438,-0.3098178,0.7804873,0.058372498,-0.39218903,1.0645612,0.85754704,-0.22627671,0.08089264,0.4548276,-0.5079689,0.85898906,0.5191863,1,0,0,0,0,0,0,-1.9927047,0.05835876,-1.0574663,0.24199486,-4.8226595,-6.6333084,-11.704421,-3.9522529,0.56030154,4.1620197
15.070853,18.854599,3.0723796,-5.542687,-1.0628016,-2.0763028,0.48312795,-0.80648124,0.6572603,0.1022427,0.14369185,0.4112925,0.658312,0.5236976,1.0473089,-0.46568924,-1.7424563,-0.72236866,2.3614519,1.4829689,-0.97908217,1.113484,-0.51928073,-1.7510784,-0.7325398,2.3268418,1.4220225,-1.0296609,-1.4458003,1.2022672,0.15219033,0.3854966,0.64191103,0.4898769,0.18865861,1.3132477,-0.4614563,1.6145289,-2.9443972,-0.30950803,0.681521,0.053749084,-0.38393402,1.0693322,0.85798794,-0.23349293,0.083734386,0.44980696,-0.43667838,0.8190017,0.45828587,1,0,0,0,0,0,0,-1.9632477,0.061456293,-1.064529,0.64053535,-4.473734,-3.1773357,-13.711572,-4.0141106,0.53905845,3.830853
9.802676,20.911072,3.20301,0.36870193,-0.63721555,-1.87939,0.26692137,-0.8034333,0.64712864,0.029408699,0.18732123,0.3810766,0.65139025,0.5453091,1.0331407,-0.45456785,-1.7481375,-0.71380764,2.3649495,1.4871615,-0.97513,1.099074,-0.50752765,-1.7499473,-0.7292582,2.332953,1.426911,-1.0275114,-1.4392247,1.1664896,0.10012551,0.30876127,0.6014753,0.48943132,0.22351922,1.2838211,-0.46455383,1.6206025,-2.9414535,-0.3091986,0.58265364,0.049705505,-0.3760147,1.0736063,0.8583217,-0.24008171,0.08698271,0.44506007,-0.3860476,0.78512037,0.4128794,1,0,0,0,0,0,0,-1.9338211,0.06455383,-1.0706024,0.7084608,-3.5043955,-5.2492647,-7.754588,-3.9656878,0.24304986,3.439197
4.559476,18.525497,2.1158755,5.1337996,-0.29613417,-1.7835271,0.03843473,-0.79165417,0.6205557,-0.042080898,0.20397161,0.30769125,0.6515138,0.56372815,1.0199085,-0.4454721,-1.7541554,-0.708861,2.363722,1.4920623,-0.97113854,1.0847727,-0.496136,-1.7495658,-0.7263218,2.3385262,1.43179,-1.0250432,-1.427122,1.1303167,0.017022053,0.28814885,0.5433748,0.48814306,0.25453433,1.254425,-0.46764374,1.6256882,-2.9385126,-0.30888945,0.4838851,0.046020508,-0.36842346,1.077495,0.85866874,-0.24618311,0.09068698,0.44029263,-0.35331342,0.7521217,0.37700146,1,0,0,0,0,0,0,-1.904425,0.06764373,-1.0756881,1.2442827,-3.5446167,-8.398202,-2.173984,-5.685687,0.09295344,3.045228
-0.03338051,15.763565,1.0025747,8.881136,0.07014722,-1.7275376,-0.13628069,-0.7926046,0.60009396,-0.110153,0.20886604,0.29410413,0.644038,0.5701682,1.0055122,-0.43612662,-1.7605811,-0.7054352,2.3679366,1.4961938,-0.9680264,1.0705706,-0.485102,-1.7502124,-0.72333014,2.3435655,1.436648,-1.0222967,-1.4181134,1.0946554,-0.09221739,0.30237317,0.49155983,0.4855665,0.28107715,1.2250595,-0.470726,1.629787,-2.9355745,-0.3085806,0.3852154,0.042549133,-0.3611679,1.0810711,0.8591309,-0.25187647,0.09485637,0.43526375,-0.33716863,0.7181235,0.34766015,1,0,0,0,0,0,0,-1.8750595,0.07072601,-1.079787,0.90506077,-3.4983635,-11.021024,1.2797832,-5.029684,-0.08587241,2.5896847
-3.695046,13.155217,0.09313393,12.006415,0.36515462,-1.6666179,-0.27585012,-0.7870519,0.5759819,-0.18030387,0.23938389,0.24988598,0.6413241,0.5813774,0.9918654,-0.4275038,-1.7682428,-0.6993917,2.368554,1.5007805,-0.96415895,1.0564543,-0.47444326,-1.7520835,-0.71996367,2.3480706,1.4414774,-1.0193117,-1.4096045,1.0564847,-0.2191159,0.34756404,0.43729877,0.48248142,0.30420122,1.1957245,-0.4738083,1.6328998,-2.9326394,-0.3082721,0.2866443,0.039138794,-0.3542633,1.084392,0.859782,-0.25722924,0.09948653,0.42977953,-0.3346701,0.68431807,0.3237683,1,0,0,0,0,0,0,-1.8457245,0.07380828,-1.0828998,0.83858967,-3.7580013,-12.793654,4.357582,-5.2581606,-0.17476678,2.2390187
-5.9295073,13.456877,0.3497858,14.927907,0.6014389,-1.5060062,-0.34323192,-0.7852091,0.54942477,-0.21187608,0.2845665,0.17744315,0.6423048,0.5883018,0.9779334,-0.41950077,-1.7732712,-0.69150704,2.365815,1.5057079,-0.96048146,1.0424048,-0.46419746,-1.755101,-0.71594775,2.3519273,1.4462782,-1.0161188,-1.4036149,1.0140921,-0.32952294,0.41905373,0.36905223,0.4794262,0.3240315,1.16642,-0.47689056,1.6350275,-2.9297075,-0.30796388,0.18817179,0.03566742,-0.34764862,1.0875225,0.860636,-0.26234955,0.10456206,0.4237275,-0.34271705,0.6574608,0.30670524,1,0,0,0,0,0,0,-1.81642,0.07689056,-1.0850275,0.566864,-4.193926,-11.122322,6.9874344,-6.6550074,-0.20868778,1.8984377
-3.884756,9.069922,-0.24162698,11.590506,0.42762655,-1.6719759,-0.21285538,-0.78542525,0.50151306,-0.22069655,0.2437274,0.08799891,0.64322054,0.59479356,0.96386224,-0.41404614,-1.7771707,-0.691575,2.360727,1.5106003,-0.9566394,1.0283934,-0.45450145,-1.7589424,-0.71150553,2.3549447,1.4510523,-1.0127466,-1.4002956,0.9549451,-0.40268987,0.4523182,0.279655,0.47734702,0.3413121,1.137146,-0.47997284,1.6361713,-2.9267786,-0.307656,0.089797705,0.032196045,-0.34134674,1.0904182,0.8616485,-0.26718265,0.11006097,0.41720703,-0.3420261,0.62264675,0.28142136,1,0,0,0,0,0,0,-1.787146,0.07997283,-1.0861714,0.34694672,-5.8635473,-7.4106874,3.2071054,-8.805055,-0.06309748,1.6539872
1.063024,9.550335,0.53535485,6.4747767,0.029823124,-1.869649,0.0145949125,-0.7832082,0.47073293,-0.21318519,0.18219912,0.02686749,0.6347876,0.5918915,0.9500726,-0.40742815,-1.7802609,-0.69328564,2.3576314,1.514531,-0.95355743,1.0144087,-0.44543248,-1.7631786,-0.70718634,2.357016,1.4558054,-1.0092256,-1.3975351,0.89110434,-0.4307768,0.42487645,0.18336216,0.4753286,0.3554936,1.1079025,-0.4830475,1.6363322,-2.9238524,-0.3073484,-0.008478025,0.028869629,-0.3354416,1.0929978,0.8627298,-0.27158892,0.11594797,0.41047877,-0.32245684,0.58215255,0.24795908,1,0,0,0,0,0,0,-1.7579025,0.08304748,-1.0863321,0.3303051,-6.323719,-2.8774738,-2.8152347,-9.557024,-0.0074982643,1.3522506
5.060182,11.723673,2.151661,3.7743556,-0.16145101,-1.8710724,0.22139722,-0.77272403,0.42215776,-0.13723718,0.16115381,-0.10130134,0.64719075,0.5932127,0.9371363,-0.40321672,-1.7769023,-0.691071,2.346886,1.5205245,-0.9499043,1.0004927,-0.43708497,-1.7671211,-0.7033497,2.3579164,1.4605509,-1.0055807,-1.3892995,0.81618166,-0.38221958,0.3698096,0.05878093,0.47504413,0.36731943,1.0786896,-0.4861145,1.635511,-2.9209292,-0.3070411,-0.1066555,0.025817871,-0.32993317,1.0952281,0.8637541,-0.27555078,0.12214336,0.40383363,-0.29215464,0.54378647,0.21284695,1,0,0,0,0,0,0,-1.7286896,0.086114496,-1.085511,0.903368,-7.4283957,4.820204,-5.533004,-12.43958,0.17647743,1.1194289
6.562434,9.929201,2.458179,2.325734,0.016527712,-1.9378096,0.34081373,-0.76171464,0.36912182,-0.09187673,0.13093431,-0.122287534,0.65002537,0.58266145,0.92432123,-0.4001728,-1.7763088,-0.6902563,2.3456876,1.5255535,-0.9473145,0.9867055,-0.42957097,-1.7702644,-0.70017207,2.3577027,1.4652983,-1.0018404,-1.3748195,0.7300847,-0.29169026,0.30039346,-0.047876276,0.47520036,0.376094,1.0495071,-0.48918152,1.6337088,-2.9180088,-0.3067341,-0.2047348,0.02306366,-0.32482147,1.0970978,0.86463565,-0.27908736,0.12845172,0.39751175,-0.26387578,0.5004829,0.17672294,1,0,0,0,0,0,0,-1.6995071,0.08918151,-1.0837088,1.5572548,-8.543348,8.998531,-6.945014,-10.665772,0.20540357,0.82561374
5.1340575,11.726414,2.9442897,4.7695274,0.29846296,-1.8349049,0.29567486,-0.7551712,0.33735645,-0.07183456,0.13929683,-0.15867102,0.65136755,0.58371115,0.91118836,-0.39583534,-1.7774478,-0.6862424,2.3418357,1.5304351,-0.9434692,0.97307557,-0.4228776,-1.7724826,-0.6975237,2.3565583,1.4700457,-0.9980247,-1.3588802,0.6492633,-0.19881797,0.25299984,-0.1363003,0.47511458,0.38324413,1.0203552,-0.49224854,1.6309265,-2.9150913,-0.30642745,-0.30271605,0.0205307,-0.32009888,1.098659,0.86535865,-0.2822857,0.13473727,0.39155442,-0.24562648,0.4629829,0.14773282,1,0,0,0,0,0,0,-1.6703552,0.09224853,-1.0809264,1.6800165,-8.028364,9.244246,-4.752612,-8.8434305,0.13129115,0.66744685
3.2653463,-3.0558524,-0.89164317,1.601343,0.35881028,-2.229397,0.2717901,-0.7421213,0.24920873,-0.066770636,0.065135874,-0.25613803,0.6548397,0.57313645,0.89886343,-0.39795673,-1.7791597,-0.6910101,2.3309445,1.5355296,-0.9407111,0.95963544,-0.41718608,-1.7739627,-0.6955229,2.3544717,1.4747969,-0.99415565,-1.338557,0.542603,-0.1317442,0.18237716,-0.23233782,0.47552758,0.3879509,0.9912262,-0.49531555,1.6271652,-2.9121766,-0.30612108,-0.40059933,0.01813507,-0.31596375,1.0998348,0.86599517,-0.2850155,0.14096698,0.38593632,-0.23208766,0.39850503,0.106233194,1,0,0,0,0,0,0,-1.6412262,0.095315546,-1.0771651,2.1915674,-10.604596,6.5669866,-7.070237,-9.586459,0.19774437,0.4210174
3.0214453,-11.004846,-3.3424377,-2.153283,0.07866472,-2.5794864,0.28690174,-0.74675053,0.19627786,-0.06276609,-0.03878798,-0.33906215,0.65488327,0.5535672,0.8849604,-0.3975583,-1.7802393,-0.6994017,2.3205655,1.5402852,-0.9387989,0.94633645,-0.41259462,-1.7749984,-0.69457686,2.3513741,1.47955,-0.99026275,-1.3264358,0.4315336,-0.09455178,0.06532474,-0.3357401,0.4758526,0.38940313,0.96212006,-0.49837494,1.6224257,-2.9092648,-0.305815,-0.49838474,0.015930176,-0.3126068,1.1005088,0.86663765,-0.287022,0.14722109,0.38063562,-0.21230462,0.31405872,0.053351708,1,0,0,0,0,0,0,-1.61212,0.09837493,-1.0724256,1.3904572,-11.050767,3.5798147,-11.714001,-10.348845,0.17769933,0.07403493
-1.9034349,-51.01391,-12.078315,-8.846417,0.85990936,-3.3241022,0.35720098,-0.72472626,-0.021300333,0.046621267,-0.14086437,-0.43928084,0.6579008,0.5318414,0.8738638,-0.41472465,-1.7703363,-0.7086633,2.307446,1.5453401,-0.9370786,0.93321866,-0.40987092,-1.7753494,-0.695109,2.347136,1.484305,-0.9863794,-1.3057153,0.21942183,-0.015853304,-0.09272129,-0.45300174,0.47574356,0.38748527,0.93304443,-0.5014267,1.6167091,-2.9063563,-0.30550927,-0.59607244,0.013694763,-0.31058502,1.1004391,0.8673739,-0.2880122,0.15319344,0.3758235,-0.22354247,0.16583544,-0.027804635,1,0,0,0,0,0,0,-1.5830444,0.10142669,-1.066709,2.3973227,-21.16722,7.629042,-15.800057,-11.750835,0.06324649,-0.30477047
-9.651273,-91.51838,-20.666666,-11.87342,2.2260575,-3.8563364,0.36864161,-0.70900816,-0.2554085,0.16819277,-0.21290496,-0.469338,0.6584805,0.5065841,0.86231786,-0.43541178,-1.7585301,-0.7163995,2.3002021,1.550153,-0.935721,0.9203488,-0.41008073,-1.7744548,-0.6972834,2.341845,1.4890486,-0.9825399,-1.2794154,-0.10115378,0.12382856,-0.25892773,-0.55484444,0.4733674,0.3821415,0.9039993,-0.50447845,1.6100165,-2.9034507,-0.30520383,-0.69366246,0.010978699,-0.31045532,1.0993986,0.8682814,-0.2878285,0.15825386,0.3717495,-0.2870759,-0.037098594,-0.12979028,1,0,0,0,0,0,0,-1.5539993,0.10447845,-1.0600164,3.023672,-32.07883,13.785492,-16.622484,-10.294533,-0.39770603,-0.70059896
-12.01068,-106.48153,-22.995468,-12.323685,3.0987496,-3.8938904,0.46359769,-0.6710476,-0.44720656,0.31420586,-0.28568065,-0.49231791,0.6629522,0.49807325,0.85324407,-0.45480138,-1.7430342,-0.7258515,2.2926133,1.5553439,-0.9327326,0.9078681,-0.41390926,-1.7716491,-0.7010733,2.3356996,1.4937578,-0.9787605,-1.2364798,-0.477104,0.33290517,-0.41910884,-0.635247,0.46826538,0.3758925,0.87498474,-0.5075302,1.6023487,-2.900548,-0.30489868,-0.791155,0.007408142,-0.31245422,1.097295,0.86934334,-0.28653836,0.16182877,0.3687129,-0.38067198,-0.25325575,-0.2373764,1,0,0,0,0,0,0,-1.5249847,0.10753021,-1.0523486,4.6109676,-37.704384,20.939688,-16.044224,-8.278358,-0.99063516,-0.8073747
-12.572931,-119.61341,-26.481226,-16.393068,3.0681558,-4.182648,0.46524188,-0.61852896,-0.65294516,0.31513757,-0.425436,-0.5535796,0.6645011,0.40855822,0.8460152,-0.47920376,-1.7401353,-0.7436169,2.2803416,1.560208,-0.93790466,0.8959891,-0.42169744,-1.7670543,-0.70669234,2.328772,1.4983984,-0.97511077,-1.1712922,-0.88010234,0.50325185,-0.60969293,-0.71313035,0.4595057,0.3604633,0.8460007,-0.510582,1.5937067,-2.897648,-0.30459383,-0.88855,0.0028762817,-0.3167801,1.0939863,0.87061644,-0.28402805,0.1637129,0.3668147,-0.47871393,-0.4918037,-0.36229283,1,0,0,0,0,0,0,-1.4960006,0.110581964,-1.0437067,6.6452503,-40.52372,17.500614,-19.13979,-8.267331,-1.7596006,-1.8067539
1.4085476,-76.05848,-14.959237,-15.770794,2.08286,-3.4313493,0.72304034,-0.4837399,-0.7256556,0.436632,-0.48972306,-0.5613234,0.6616612,0.3412794,0.8476151,-0.494263,-1.7233912,-0.75566465,2.2726398,1.5645646,-0.9409828,0.8852727,-0.43290693,-1.7606761,-0.7140976,2.3212266,1.5029494,-0.97165465,-1.039237,-1.2019838,0.6849569,-0.78471315,-0.7696929,0.45056307,0.34000567,0.8170471,-0.5136261,1.5840915,-2.894751,-0.3042893,-0.98584765,-0.002243042,-0.32305908,1.089584,0.8719114,-0.2805615,0.16393381,0.36630756,-0.52763784,-0.66752344,-0.46720707,1,0,0,0,0,0,0,-1.4670471,0.11362609,-1.0340915,12.954879,-32.422565,18.873644,-17.665339,-6.0809374,-1.8226147,-2.220738
15.011828,-26.362509,-3.1608925,-13.850697,0.6375616,-2.7078397,0.7950996,-0.34426576,-0.76221037,0.4090443,-0.53767854,-0.58929807,0.656143,0.2546999,0.8508461,-0.509128,-1.7197717,-0.7678655,2.2622967,1.5685637,-0.94618464,0.8763549,-0.44646388,-1.7530754,-0.7230011,2.3132043,1.5074259,-0.96845126,-0.84455514,-1.4075443,0.78764325,-0.9264245,-0.8140171,0.4443612,0.3134877,0.7881241,-0.5166626,1.5735041,-2.891857,-0.3039851,-1.083048,-0.007408142,-0.3305893,1.0843267,0.873025,-0.2764892,0.16286604,0.3672269,-0.5145719,-0.77713394,-0.5471134,1,0,0,0,0,0,0,-1.4381241,0.11666259,-1.023504,18.868374,-20.733665,11.061668,-14.410103,-4.698169,-1.3205171,-2.7423203
18.276152,14.830344,5.65033,-5.0845833,-0.06648575,-1.8816861,0.5384053,-0.2848476,-0.7760198,0.37021488,-0.5224402,-0.5920211,0.6501739,0.12287359,0.8478701,-0.52406585,-1.7160538,-0.77524513,2.254002,1.5724432,-0.9561639,0.8693606,-0.4612382,-1.745116,-0.73277724,2.3048692,1.5118662,-0.9655855,-0.6529122,-1.5010085,0.80032957,-0.99515957,-0.8400878,0.44288185,0.2777071,0.75923157,-0.5196991,1.5619453,-2.8889656,-0.30368116,-1.1801511,-0.012229919,-0.33876038,1.0785227,0.8739015,-0.27216563,0.1610316,0.36917585,-0.47341892,-0.8213539,-0.5940893,1,0,0,0,0,0,0,-1.4092315,0.11969909,-1.0119452,18.615711,-9.426904,1.7343521,-7.0201874,-2.6640892,-0.4450202,-3.5396338
15.604761,34.79302,8.589439,1.3262402,-0.4547858,-1.5239697,0.2425853,-0.25446025,-0.78264093,0.27574968,-0.55601496,-0.5664875,0.63706785,0.07378042,0.8439146,-0.5395023,-1.717541,-0.7883787,2.2482204,1.575573,-0.9582074,0.8639619,-0.4763592,-1.737807,-0.74299777,2.296454,1.5163027,-0.96308684,-0.5032741,-1.5158515,0.7084641,-1.0311756,-0.84210515,0.4435856,0.24090445,0.73036957,-0.5227356,1.5494162,-2.8860772,-0.30337754,-1.2771572,-0.016586304,-0.34713745,1.0723797,0.8746334,-0.26769888,0.15893646,0.37160861,-0.4235072,-0.83561337,-0.62401855,1,0,0,0,0,0,0,-1.3803695,0.12273559,-0.9994162,14.611149,-1.5055418,-8.990824,-3.6221743,-0.20694733,0.017291307,-3.6012292
15.677865,43.28316,9.69751,2.7082534,-0.75818324,-1.4906896,0.14097315,-0.1680748,-0.7897505,0.19057703,-0.591894,-0.54140896,0.62649614,0.069865525,0.8471544,-0.5553342,-1.7187493,-0.80218714,2.2423131,1.5789523,-0.9561003,0.8599631,-0.49134094,-1.7319114,-0.7535168,2.288157,1.5207449,-0.9609239,-0.3664727,-1.4922866,0.5503594,-1.0588214,-0.825432,0.44449612,0.20828292,0.70153046,-0.5257721,1.5359176,-2.8831916,-0.3030742,-1.3740664,-0.020370483,-0.35559082,1.0659785,0.8753017,-0.2630358,0.15689078,0.37422478,-0.36540458,-0.84267795,-0.6486969,1,0,0,0,0,0,0,-1.3515304,0.12577209,-0.9859176,13.377869,2.3594856,-15.660704,-2.7598143,1.6533613,0.11319518,-3.1955063
12.865711,36.251526,6.486417,1.9613467,-0.8995305,-1.7672284,0.030792797,-0.104013026,-0.7981015,0.023289165,-0.6284523,-0.53167605,0.6188747,0.12455377,0.8495618,-0.5711511,-1.7295825,-0.816362,2.2349894,1.5826324,-0.9484685,0.8572156,-0.5060361,-1.7282054,-0.76436675,2.280066,1.5251852,-0.95901275,-0.24516359,-1.4620154,0.31160152,-1.0935833,-0.8037851,0.44371936,0.18547091,0.67271423,-0.52880096,1.5214509,-2.8803089,-0.3027712,-1.4708785,-0.023620605,-0.36425018,1.0592638,0.8760274,-0.25794458,0.15512045,0.3767999,-0.30971643,-0.86686146,-0.68254524,1,0,0,0,0,0,0,-1.3227142,0.12880096,-0.97145087,11.860424,3.0096054,-23.613722,-3.4534454,2.0349503,-0.15369654,-2.2923112
13.530094,30.733181,4.6477118,-0.22568119,-1.0206861,-1.98544,0.06669441,-0.013294947,-0.80063844,-0.11098893,-0.6520717,-0.52620035,0.61777574,0.21314651,0.8558861,-0.5860999,-1.7393043,-0.8295739,2.227446,1.5869628,-0.9376981,0.8557374,-0.5204776,-1.7271411,-0.77559817,2.2721848,1.5296122,-0.9572303,-0.11642943,-1.4383411,0.039306767,-1.132903,-0.7837091,0.44175488,0.17572455,0.6439285,-0.5318222,1.5060166,-2.877429,-0.3024685,-1.5675938,-0.026290894,-0.37325287,1.0521439,0.8768619,-0.25222617,0.15372156,0.37929514,-0.25225052,-0.90518653,-0.7257284,1,0,0,0,0,0,0,-1.2939285,0.1318222,-0.9560166,12.576053,2.3366451,-26.878183,-3.9333582,1.8323898,-0.37316084,-1.0337025
11.56153,29.829208,4.776738,1.1567357,-0.77037215,-1.8126807,0.12517375,0.0049012974,-0.7996347,-0.1473026,-0.67560405,-0.5305715,0.6249476,0.2924954,0.8562275,-0.60044104,-1.7418714,-0.8431586,2.2191277,1.5921069,-0.9279808,0.8553092,-0.53475314,-1.7284038,-0.78724444,2.2644486,1.5340258,-0.95545745,-0.0189408,-1.4240599,-0.18063268,-1.1750823,-0.7707478,0.4404235,0.17768334,0.61517334,-0.53484344,1.489616,-2.874552,-0.3021661,-1.6642126,-0.028465271,-0.38259888,1.0445886,0.87777007,-0.24587095,0.1526613,0.3817876,-0.20379922,-0.93864167,-0.7699781,1,0,0,0,0,0,0,-1.2651733,0.13484344,-0.939616,9.569469,1.3989687,-21.804281,-4.1926146,1.1604667,-0.32227635,0.16335547
8.014689,26.6475,4.152844,2.8369017,-0.45094597,-1.6432133,0.14751413,0.012477445,-0.8065355,-0.21266821,-0.7105239,-0.535934,0.620682,0.34629104,0.85655695,-0.6154067,-1.7496706,-0.8582968,2.2108552,1.596094,-0.92082834,0.8555638,-0.5489858,-1.7314842,-0.79937327,2.256781,1.5384222,-0.9536102,0.040141232,-1.4230725,-0.35026318,-1.225201,-0.76581985,0.43856576,0.18702008,0.58644867,-0.5378647,1.4722499,-2.8716779,-0.301864,-1.7607347,-0.03025055,-0.3922577,1.0365735,0.87871855,-0.23890278,0.15186708,0.38433772,-0.16825138,-0.9691087,-0.8171356,1,0,0,0,0,0,0,-1.2364486,0.13786468,-0.92224985,5.857641,0.05991459,-16.90533,-4.9331665,0.35514832,-0.40494204,0.9232551
12.106188,44.031956,11.471945,5.893987,-0.19524449,-0.9482793,0.36485073,0.05336386,-0.7986712,-0.08253647,-0.70443034,-0.56093454,0.6403713,0.35729843,0.8609002,-0.6288529,-1.7397379,-0.8698163,2.2006876,1.6024593,-0.91788036,0.85632676,-0.56321174,-1.7350566,-0.8118683,2.2490716,1.5428263,-0.9516542,0.08828277,-1.4223799,-0.3605376,-1.2575796,-0.772356,0.44095233,0.19893326,0.5577545,-0.5408859,1.4539193,-2.8688066,-0.3015622,-1.8571603,-0.031677246,-0.4019165,1.0282481,0.8794993,-0.23171155,0.15111469,0.38724035,-0.13028681,-0.9606989,-0.8433929,1,0,0,0,0,0,0,-1.2077545,0.14088592,-0.9039193,4.7893033,0.09069443,-1.3135552,-3.218031,-0.5322337,0.22688508,1.3177156
5.3854885,40.34504,10.047818,9.77862,0.20495689,-0.7860276,0.21142054,0.033233184,-0.8041659,-0.18062888,-0.70967674,-0.5719097,0.6417667,0.35958436,0.8596501,-0.64362836,-1.7531195,-0.882836,2.1918807,1.607003,-0.9156958,0.8573033,-0.57746917,-1.7387168,-0.82458174,2.2412438,1.5472571,-0.9495847,0.10111157,-1.4267981,-0.36880693,-1.2755711,-0.78593665,0.4437703,0.20994745,0.5290909,-0.54389954,1.4346251,-2.8659382,-0.30126068,-1.9534895,-0.032852173,-0.41148376,1.0196744,0.8801019,-0.22443986,0.15036725,0.39043194,-0.110829204,-0.94965196,-0.8677211,1,0,0,0,0,0,0,-1.1790909,0.14389953,-0.88462514,1.3750166,-0.4379034,-1.1435747,-1.7018557,-1.309228,0.2749741,1.2237519
6.6799965,38.444412,9.4586735,8.599486,0.17291966,-0.9106146,0.20012404,0.09278666,-0.80783015,-0.2601555,-0.7207164,-0.5425407,0.62957895,0.372635,0.866582,-0.6582522,-1.7647324,-0.8966534,2.1869898,1.610215,-0.9123212,0.8585517,-0.59178954,-1.7426975,-0.8374306,2.233378,1.5517031,-0.9474075,0.13289884,-1.433801,-0.40873474,-1.2877059,-0.7868517,0.44490358,0.22059633,0.50045776,-0.5469055,1.4143684,-2.8630726,-0.30095947,-2.0497222,-0.033821106,-0.42100525,1.0108324,0.88056034,-0.21704952,0.14960796,0.39385328,-0.090005815,-0.9461974,-0.8954268,1,0,0,0,0,0,0,-1.1504577,0.14690551,-0.8643684,3.2238512,-0.7025242,-4.227221,-1.1222601,-0.06815195,0.07047057,1.1750996
6.056257,39.301594,9.575747,9.28059,0.1766608,-0.8735828,0.15329358,0.10500246,-0.8041614,-0.2871361,-0.71808,-0.55690134,0.6330253,0.37734514,0.86905193,-0.6722057,-1.7714111,-0.9092386,2.177688,1.6150056,-0.909673,0.86011857,-0.60615474,-1.7471817,-0.85033095,2.2254815,1.5561606,-0.945133,0.16487633,-1.4374183,-0.4622359,-1.2904955,-0.79038143,0.44605687,0.22999024,0.47185516,-0.5499115,1.3931501,-2.86021,-0.30065858,-2.1458585,-0.034599304,-0.43048096,1.0017182,0.88089705,-0.20951898,0.14886732,0.39744252,-0.070046425,-0.9418869,-0.9224456,1,0,0,0,0,0,0,-1.1218551,0.1499115,-0.8431501,3.2462626,-0.36478043,-5.562961,-0.18241405,-0.3474474,0.077068806,1.0385245
8.516211,41.934624,10.818872,8.446237,0.07106733,-0.83063424,0.20262851,0.13510704,-0.8087091,-0.28740874,-0.724794,-0.5692349,0.63704723,0.38517752,0.8736293,-0.68702567,-1.7759225,-0.9228103,2.1685581,1.6198653,-0.9066152,0.8620736,-0.62056,-1.7521179,-0.8632561,2.217524,1.5606333,-0.94276977,0.2058939,-1.4415847,-0.5048431,-1.2929434,-0.79742795,0.44746518,0.23873045,0.44326782,-0.5529175,1.3709712,-2.85735,-0.300358,-2.241899,-0.03513336,-0.439888,0.9923413,0.88108575,-0.2018754,0.14814149,0.40123352,-0.044341236,-0.9352082,-0.9486108,1,0,0,0,0,0,0,-1.0932678,0.15291747,-0.8209712,4.124239,-0.41058064,-4.489094,-0.16841888,-0.66416264,0.10893941,0.98243356
0.72679996,34.997364,7.473436,10.919022,0.32508203,-0.84423745,0.029441886,0.09666161,-0.81103593,-0.3802477,-0.7298424,-0.5776035,0.63430053,0.40163386,0.87173975,-0.7016636,-1.7901427,-0.9362403,2.1597638,1.6240634,-0.90260637,0.86418027,-0.63500816,-1.7577789,-0.87621176,2.2094674,1.5651137,-0.94032073,0.21269841,-1.445992,-0.5871611,-1.2958869,-0.8083794,0.44780394,0.24724814,0.414711,-0.55592346,1.3478326,-2.8544931,-0.3000577,-2.3378434,-0.03552246,-0.44931793,0.9826504,0.8812149,-0.1940003,0.14752327,0.4050444,-0.035086256,-0.9356907,-0.9816419,1,0,0,0,0,0,0,-1.064711,0.15592346,-0.79783255,0.7995218,-0.47016144,-8.391464,-0.13225079,-1.1956334,-0.061637163,0.91223717
-1.4474814,36.733814,7.936682,12.263618,0.46744707,-0.7009683,0.012853466,0.09111517,-0.8065589,-0.38815603,-0.7362771,-0.5656901,0.6299175,0.4154167,0.8732918,-0.715664,-1.7965945,-0.9498395,2.1528983,1.6281054,-0.89877903,0.86622876,-0.6494687,-1.7641838,-0.8892189,2.2013497,1.5695921,-0.9377849,0.20283902,-1.4462165,-0.65886045,-1.3018228,-0.81298834,0.44762138,0.25595438,0.3861847,-0.5589218,1.3237352,-2.851639,-0.29975772,-2.4336917,-0.035881042,-0.4586792,0.9726434,0.88131857,-0.18586335,0.14702637,0.40879786,-0.031384714,-0.93127424,-1.0130249,1,0,0,0,0,0,0,-1.0361847,0.15892181,-0.7737352,-0.82796216,-0.053429604,-7.3565483,-0.4152298,-0.5751014,-0.10134578,0.93702674
-6.958743,38.83663,8.642643,15.907259,0.8729025,-0.384391,-0.048894793,0.044977874,-0.8081059,-0.36849323,-0.73150086,-0.56690913,0.6347004,0.41023153,0.8707265,-0.7302793,-1.8010331,-0.962369,2.1446588,1.6330621,-0.8967618,0.8679263,-0.66392833,-1.7710254,-0.90225375,2.1932054,1.5740744,-0.93517375,0.15953839,-1.4459654,-0.6934659,-1.3033799,-0.81549335,0.4482797,0.26314613,0.3576889,-0.56191254,1.2986801,-2.8487878,-0.29945803,-2.5294442,-0.036323547,-0.46793365,0.9623741,0.8814026,-0.17755514,0.1465977,0.41244712,-0.042816635,-0.9159719,-1.0376134,1,0,0,0,0,0,0,-1.0076889,0.16191253,-0.74868006,-4.1017714,-0.011587143,-3.7043571,0.055265427,-0.38381815,0.029093027,0.80662966
-6.3094635,40.198936,9.38899,15.445475,0.87420523,-0.31795627,-0.0036523566,0.041302104,-0.81163454,-0.3871693,-0.7473201,-0.5665176,0.62573594,0.41868153,0.8720565,-0.7450918,-1.8097423,-0.97698575,2.1365535,1.6366479,-0.8933056,0.86918896,-0.67839843,-1.7781055,-0.91536486,2.1850495,1.5785547,-0.932493,0.11591532,-1.4474579,-0.71390235,-1.3130298,-0.8159884,0.44801757,0.27011827,0.32922363,-0.56490326,1.2726681,-2.8459394,-0.29915863,-2.625101,-0.036842346,-0.47701263,0.95185953,0.88144827,-0.1691144,0.14618374,0.41602814,-0.053157248,-0.898841,-1.0621475,1,0,0,0,0,0,0,-0.9792236,0.16490325,-0.7226681,-4.1400747,-0.18298626,-2.3074746,-0.75478554,-0.16883612,-0.06841421,0.7992506
-4.9319396,41.76252,10.087039,14.815409,0.7935098,-0.2964741,0.024400242,0.035917137,-0.8107148,-0.41356894,-0.74852866,-0.5771029,0.6190174,0.431672,0.8727807,-0.7594699,-1.8194624,-0.99021775,2.1273394,1.6404564,-0.8893258,0.8700816,-0.692879,-1.7853992,-0.92857134,2.1768632,1.5830294,-0.92974067,0.08098478,-1.4483622,-0.7355053,-1.3225662,-0.8197947,0.4470185,0.277349,0.30078888,-0.567894,1.2457004,-2.8430939,-0.29885954,-2.720662,-0.037452698,-0.4859314,0.94109946,0.88143337,-0.16054471,0.14577346,0.41958374,-0.05970292,-0.8810543,-1.0865818,1,0,0,0,0,0,0,-0.95078886,0.16789398,-0.69570035,-3.2933207,-0.119400024,-2.4199128,-0.753355,-0.48269033,-0.14366508,0.82657933
-8.901508,41.470383,9.8312,16.612743,1.0280852,-0.1462323,-0.015554376,-0.017769571,-0.81383896,-0.41057166,-0.75300056,-0.5768607,0.61392736,0.45446268,0.86830467,-0.7742629,-1.8264563,-1.0038714,2.119177,1.6444222,-0.8842944,0.8704888,-0.7073806,-1.792834,-0.9418732,2.1686425,1.5874888,-0.9269054,0.028051542,-1.4509504,-0.7469522,-1.3319292,-0.8234612,0.44557697,0.2859369,0.27238464,-0.5708847,1.2177777,-2.8402512,-0.29856074,-2.8161278,-0.03818512,-0.49463654,0.9301054,0.8813681,-0.15185735,0.14534938,0.4230875,-0.0758966,-0.86027324,-1.1095496,1,0,0,0,0,0,0,-0.9223846,0.1708847,-0.6677777,-5.060455,-0.2975464,-1.4109015,-0.706172,-0.49657822,-0.18432736,0.9679675
-15.494242,42.006947,9.612692,19.813463,1.4023234,0.099645495,-0.10070211,-0.08922092,-0.81167185,-0.39592266,-0.75915504,-0.57107246,0.60640436,0.44588226,0.8615667,-0.78854775,-1.8324263,-1.0177886,2.1115353,1.6481292,-0.8823172,0.8701312,-0.7218955,-1.8002594,-0.9552704,2.1604028,1.591931,-0.92399764,-0.05601782,-1.4519532,-0.74194485,-1.3413718,-0.8243742,0.4436496,0.29277116,0.2440033,-0.5738678,1.1889011,-2.8374114,-0.29826224,-2.911498,-0.0391922,-0.50309753,0.91891265,0.8812889,-0.14309072,0.1448883,0.42645323,-0.10748557,-0.8331962,-1.1282146,1,0,0,0,0,0,0,-0.8940033,0.17386779,-0.63890105,-8.117017,-0.1525402,0.2164483,-0.6712675,-0.2630949,-0.21469593,0.80302954
-19.829891,38.49092,7.773651,20.746225,1.5604465,0.10351783,-0.17849128,-0.13094471,-0.8180057,-0.43623132,-0.7636371,-0.58127904,0.5905904,0.43892685,0.8570367,-0.8036961,-1.8438824,-1.0316341,2.102275,1.65099,-0.88010496,0.8688666,-0.7364467,-1.8077838,-0.96875536,2.1521287,1.5963408,-0.9210365,-0.14898728,-1.4564015,-0.75673693,-1.349826,-0.82895714,0.43992382,0.29762554,0.21564484,-0.57684326,1.1590714,-2.8345745,-0.29796404,-3.006773,-0.040603638,-0.511322,0.90749794,0.8812519,-0.13419192,0.14439972,0.42957675,-0.14818437,-0.81055605,-1.1513631,1,0,0,0,0,0,0,-0.8656448,0.17684326,-0.60907143,-8.9882965,-0.5191326,-1.7183781,-0.527215,-0.68517923,-0.43796897,0.5914688
-16.580748,42.41528,9.633003,19.878078,1.4437661,0.16298229,-0.12468487,-0.14435568,-0.8154277,-0.4257587,-0.7593587,-0.58522534,0.5966653,0.4491867,0.85443103,-0.81798947,-1.8503597,-1.0446912,2.0936062,1.6560073,-0.8761178,0.86680764,-0.7510255,-1.8154094,-0.9822813,2.143805,1.60072,-0.91802573,-0.2240098,-1.4586295,-0.76538396,-1.3525854,-0.83413285,0.43727896,0.3026444,0.1873169,-0.5798187,1.1282898,-2.8317404,-0.29766613,-3.1019526,-0.04234314,-0.51929474,0.8958789,0.8812394,-0.1251891,0.14387275,0.43248734,-0.18189181,-0.78448576,-1.1707455,1,0,0,0,0,0,0,-0.8373169,0.17981872,-0.5782898,-7.237715,-0.28276443,-1.110971,0.010585785,-0.6998062,-0.30725598,0.6210208
-33.790245,30.449911,2.5338464,24.561434,2.0245373,0.16209942,-0.43726307,-0.27925923,-0.8193867,-0.5411002,-0.7633673,-0.6084105,0.5666799,0.40759444,0.83888173,-0.8329642,-1.8695195,-1.0586181,2.082964,1.6573881,-0.8772663,0.86360997,-0.76564056,-1.8236282,-0.9958235,2.1353555,1.6050478,-0.9150045,-0.350464,-1.462894,-0.84121716,-1.353208,-0.8498748,0.4307323,0.30210733,0.15901947,-0.5827942,1.0965571,-2.8289092,-0.29736853,-3.197037,-0.044692993,-0.527092,0.88395566,0.88141024,-0.11587429,0.14342897,0.43487605,-0.24996728,-0.77025765,-1.2046642,1,0,0,0,0,0,0,-0.80901945,0.18279418,-0.5465571,-12.266904,-0.56939125,-7.6867223,0.3815174,-1.9820213,-0.8336127,-0.0010550022
-42.458973,20.847017,-2.8453133,25.16675,2.31296,-0.007362604,-0.5707126,-0.35122538,-0.825334,-0.64826924,-0.7822777,-0.5706254,0.47762653,0.39973262,0.82848746,-0.848174,-1.8884552,-1.0740513,2.0782928,1.6528105,-0.87503123,0.85902184,-0.7803214,-1.8330753,-1.0094433,2.126864,1.6092402,-0.9120014,-0.49352634,-1.470614,-0.9791751,-1.3630267,-0.8507921,0.414103,0.2997816,0.13075256,-0.58576965,1.0638742,-2.8260808,-0.29707122,-3.2920263,-0.047843933,-0.5348587,0.8715613,0.8819154,-0.10593625,0.14310262,0.43649098,-0.33662271,-0.7701708,-1.2562691,1,0,0,0,0,0,0,-0.78075254,0.18576965,-0.51387423,-13.871145,-0.98524094,-13.768554,-0.41918755,-0.6688833,-2.003777,-0.21604896
-53.712017,19.988525,-4.4366584,29.421116,2.921776,0.34219405,-0.70890284,-0.47599715,-0.82663363,-0.6651471,-0.7772111,-0.5533889,0.47812542,0.35891885,0.8114221,-0.8629848,-1.89959,-1.0871644,2.071525,1.6570528,-0.8761095,0.85271996,-0.7950805,-1.8438232,-1.0231266,2.1184373,1.6132666,-0.9090526,-0.6739912,-1.4785153,-1.1064279,-1.3680928,-0.84252983,0.3976279,0.29344064,0.102516174,-0.5887375,1.0302422,-2.8232553,-0.2967742,-3.3869207,-0.05205536,-0.54257965,0.858664,0.8828384,-0.095315,0.14282238,0.4371648,-0.44973633,-0.76228607,-1.3064216,1,0,0,0,0,0,0,-0.75251615,0.18873748,-0.4802422,-17.53887,-1.0665655,-12.650585,0.15809536,0.12328625,-2.0525634,-0.6031215
-64.74926,20.35076,-5.577174,33.687687,3.5297847,0.7465005,-0.8463917,-0.6097439,-0.82979774,-0.70989555,-0.7713188,-0.53400266,0.49153852,0.29838824,0.79174554,-0.8780603,-1.9148128,-1.1002585,2.065037,1.6624204,-0.8792138,0.84435433,-0.8099187,-1.855727,-1.036808,2.1101556,1.61715,-0.9062078,-0.8887559,-1.4867783,-1.2181693,-1.3656818,-0.82651716,0.38369066,0.2816424,0.0743103,-0.5916977,0.995662,-2.8204327,-0.2964775,-3.4817202,-0.0575943,-0.5501404,0.8452959,0.8842414,-0.0840717,0.14249602,0.43674248,-0.5887197,-0.74403185,-1.3528203,1,0,0,0,0,0,0,-0.7243103,0.19169769,-0.44566196,-20.90639,-1.1709213,-11.052299,1.013732,0.7788539,-1.8713593,-1.1233866
-65.00044,27.966225,-2.8742847,34.927666,3.6294053,1.0684929,-0.85500056,-0.69202536,-0.8233308,-0.75235325,-0.75028914,-0.5294751,0.53194654,0.2324598,0.7751518,-0.8922518,-1.9309623,-1.1118369,2.057208,1.6703446,-0.8829618,0.8339049,-0.8247903,-1.8686073,-1.0503502,2.102034,1.6209418,-0.9035232,-1.0952424,-1.4884151,-1.310792,-1.3478795,-0.8104121,0.37609348,0.2644082,0.04612732,-0.5946579,0.9601264,-2.817613,-0.29618108,-3.5774903,-0.06451416,-0.5574417,0.83153933,0.8861139,-0.07234667,0.14206733,0.4351837,-0.7288761,-0.7120405,-1.3892993,1,0,0,0,0,0,0,-0.6961273,0.19465789,-0.4101264,-20.106447,-0.5230665,-9.129286,2.5553703,0.796473,-1.2423813,-1.638031
-55.748585,38.868206,2.5929322,32.72905,3.3631535,1.287282,-0.7260268,-0.7463646,-0.8171094,-0.76207864,-0.73441863,-0.49380514,0.54653925,0.14885923,0.75926846,-0.90650123,-1.9448152,-1.123792,2.0526536,1.6755956,-0.8886373,0.82167214,-0.83962566,-1.8821571,-1.0636463,2.094153,1.6246878,-0.9010589,-1.2644913,-1.4829574,-1.3694149,-1.3212569,-0.7826864,0.37264058,0.24082915,0.017967224,-0.5976181,0.9236339,-2.814796,-0.29588497,-3.6731648,-0.07270813,-0.5643234,0.8175203,0.8883609,-0.060356077,0.14143372,0.43262962,-0.85048705,-0.6666996,-1.4121162,1,0,0,0,0,0,0,-0.6679672,0.1976181,-0.37363386,-16.485977,0.23036003,-5.76818,3.3344984,2.0985365,-0.7618964,-2.2273512
-41.809795,47.421574,7.774725,28.060667,2.8712804,1.2763858,-0.59859943,-0.7763014,-0.8155469,-0.7824071,-0.72341484,-0.44071853,0.5114686,-0.09828652,0.744042,-0.92118037,-1.9603978,-1.1359878,2.050081,1.6758347,-0.91088754,0.80814713,-0.8543866,-1.8961341,-1.0766678,2.0866876,1.6283861,-0.8989961,-1.3807759,-1.4746456,-1.4070284,-1.2940327,-0.7363519,0.36772305,0.19521868,-0.0101623535,-0.6005783,0.88618535,-2.811982,-0.29558915,-3.7687435,-0.08188629,-0.57071686,0.8033328,0.89088553,-0.048276704,0.1404436,0.42926425,-0.943706,-0.61636305,-1.4270914,1,0,0,0,0,0,0,-0.6398376,0.2005783,-0.33618534,-11.315298,0.58693886,-3.7144184,3.2545567,4.145205,-0.8337259,-4.395837
