joint_0,joint_1,joint_2,joint_3,joint_4,joint_5,joint_6
0.785398,0,1.32645,1.22173,1.6057,-0.907571,1.5708
0.786124,-0.000375939,1.32707,1.22105,1.60594,-0.907508,1.57082
0.787619,-0.00119454,1.32832,1.21973,1.60639,-0.907384,1.57091
0.789821,-0.00248102,1.33016,1.21793,1.60706,-0.907195,1.57105
0.792619,-0.00421039,1.33253,1.21574,1.60794,-0.906941,1.57125
0.795913,-0.00637164,1.33532,1.21324,1.609,-0.906629,1.57149
0.799616,-0.00894594,1.33848,1.21046,1.61024,-0.906264,1.57178
0.803652,-0.0119163,1.34193,1.20746,1.61163,-0.905847,1.57212
0.807974,-0.0152668,1.34562,1.20426,1.61318,-0.905386,1.57249
0.81253,-0.0189727,1.34951,1.20088,1.61487,-0.904883,1.5729
0.817259,-0.0230029,1.35355,1.19734,1.61668,-0.904343,1.57335
0.822126,-0.0273164,1.35772,1.19367,1.61862,-0.903765,1.57383
0.827092,-0.0318717,1.36199,1.18987,1.62066,-0.903153,1.57435
0.832145,-0.0366338,1.36636,1.18598,1.62281,-0.902512,1.5749
0.837258,-0.0415758,1.3708,1.182,1.62505,-0.901843,1.57547
0.842407,-0.0466773,1.37531,1.17794,1.62738,-0.901146,1.57608
0.847585,-0.0519141,1.37987,1.17383,1.62979,-0.900425,1.57671
0.852777,-0.0572683,1.38449,1.16965,1.63227,-0.899679,1.57738
0.857982,-0.0627262,1.38914,1.16543,1.63483,-0.898911,1.57806
0.863186,-0.0682653,1.39383,1.16115,1.63745,-0.89812,1.57878
0.868384,-0.073871,1.39854,1.15682,1.64013,-0.89731,1.57951
0.873572,-0.0795325,1.40328,1.15245,1.64286,-0.896479,1.58028
0.878735,-0.0852423,1.40803,1.14803,1.64565,-0.895627,1.58106
0.88386,-0.0909907,1.4128,1.14359,1.64848,-0.894756,1.58187
0.888938,-0.0967616,1.41758,1.13911,1.65136,-0.893865,1.5827
0.893953,-0.102562,1.42238,1.1346,1.65427,-0.892956,1.58355
0.898928,-0.108379,1.42718,1.13006,1.65722,-0.892031,1.58442
0.903841,-0.114206,1.43199,1.12549,1.66021,-0.891091,1.58531
0.908684,-0.120037,1.4368,1.1209,1.66322,-0.890136,1.58621
0.913466,-0.125869,1.44161,1.11629,1.66626,-0.889168,1.58714
0.91816,-0.131696,1.44643,1.11169,1.66933,-0.88819,1.58807
0.922783,-0.137525,1.45126,1.10709,1.67243,-0.8872,1.58903
0.927324,-0.143344,1.45609,1.1025,1.67555,-0.886202,1.59
0.931781,-0.149155,1.46092,1.09792,1.67868,-0.885198,1.59098
0.936138,-0.154952,1.46575,1.09336,1.68184,-0.884184,1.59197
0.940368,-0.160726,1.47058,1.0888,1.68501,-0.883164,1.59298
0.944431,-0.166469,1.47542,1.08426,1.6882,-0.882138,1.594
0.948315,-0.172188,1.48025,1.07975,1.6914,-0.881104,1.59503
0.951977,-0.177872,1.4851,1.07531,1.69462,-0.880063,1.59607
0.955353,-0.183494,1.48992,1.07092,1.69785,-0.879023,1.59711
0.958347,-0.189048,1.4947,1.06659,1.70108,-0.877983,1.59817
0.96072,-0.194503,1.49945,1.06232,1.70433,-0.876948,1.59923
0.962271,-0.199799,1.50415,1.05809,1.70758,-0.875917,1.60029
0.962973,-0.204867,1.50881,1.05387,1.71083,-0.874903,1.60135
0.962912,-0.209684,1.51348,1.04971,1.71409,-0.873906,1.60242
0.962219,-0.214261,1.51817,1.04571,1.71736,-0.872915,1.60348
0.960973,-0.218566,1.52284,1.04193,1.72064,-0.871933,1.60454
0.959263,-0.22266,1.52752,1.03834,1.72392,-0.870959,1.60561
0.957201,-0.226552,1.53219,1.03495,1.72721,-0.869997,1.60667
0.954838,-0.230273,1.53687,1.0318,1.73049,-0.869044,1.60773
0.952229,-0.233842,1.54154,1.02887,1.73379,-0.868096,1.6088
0.949457,-0.237298,1.54621,1.02623,1.73708,-0.867148,1.60987
0.946561,-0.240644,1.55087,1.02384,1.74037,-0.866197,1.61094
0.943576,-0.24389,1.55553,1.0216,1.74367,-0.865247,1.612
0.940519,-0.247019,1.56021,1.01948,1.74696,-0.864301,1.61307
0.937382,-0.250009,1.56488,1.01746,1.75025,-0.863374,1.61413
0.934185,-0.252878,1.56957,1.01554,1.75354,-0.862486,1.6152
0.93092,-0.255616,1.57423,1.01378,1.75683,-0.861664,1.61625
0.927543,-0.258239,1.5789,1.01245,1.76012,-0.860907,1.6173
0.924036,-0.260798,1.58355,1.01171,1.76341,-0.860205,1.61833
0.92039,-0.263331,1.5882,1.01164,1.76668,-0.859542,1.61932
0.916579,-0.265868,1.59285,1.01223,1.76995,-0.858888,1.62028
0.912628,-0.268429,1.59752,1.01341,1.77321,-0.858226,1.62122
0.90858,-0.271,1.60222,1.01503,1.77646,-0.857544,1.62213
0.904459,-0.273579,1.60696,1.01704,1.77971,-0.85684,1.62302
0.900245,-0.276126,1.61173,1.01935,1.78296,-0.856116,1.62388
0.895954,-0.278622,1.61654,1.02192,1.7862,-0.855372,1.62472
0.89158,-0.281052,1.62137,1.02468,1.78945,-0.854615,1.62552
0.887115,-0.283401,1.62622,1.02756,1.79269,-0.853846,1.62627
0.882588,-0.28568,1.6311,1.03054,1.79593,-0.853072,1.62698
0.877959,-0.287873,1.636,1.03358,1.79917,-0.8523,1.62762
0.873271,-0.290014,1.64092,1.03666,1.80241,-0.851542,1.62821
0.868536,-0.292085,1.64586,1.03974,1.80565,-0.850814,1.62873
0.863781,-0.294084,1.65082,1.04278,1.80889,-0.850133,1.62918
0.859025,-0.296018,1.65579,1.04577,1.81213,-0.849532,1.62956
0.854367,-0.2979,1.66074,1.04877,1.81537,-0.849029,1.62985
0.849882,-0.299784,1.66564,1.05176,1.81862,-0.848635,1.63006
0.845723,-0.30173,1.67045,1.05476,1.82186,-0.848352,1.6302
0.841979,-0.303759,1.67516,1.05781,1.82509,-0.848177,1.63027
0.838631,-0.305874,1.6798,1.06089,1.82832,-0.848106,1.6303
0.835801,-0.308105,1.68438,1.06398,1.83155,-0.848133,1.63028
0.83348,-0.31047,1.68894,1.06701,1.83476,-0.848256,1.63023
0.831665,-0.313026,1.69348,1.06995,1.83796,-0.848471,1.63017
0.830293,-0.315824,1.69802,1.07273,1.84115,-0.848768,1.63012
0.829294,-0.318886,1.70253,1.07538,1.84433,-0.849131,1.63011
0.828591,-0.322202,1.707,1.07801,1.84751,-0.849551,1.63012
0.828064,-0.325718,1.71141,1.08057,1.85069,-0.850027,1.63016
0.82764,-0.329385,1.7157,1.08308,1.85387,-0.85056,1.63024
0.827176,-0.333174,1.71989,1.08554,1.85705,-0.851154,1.63035
0.826555,-0.337029,1.72394,1.08796,1.86023,-0.851805,1.63047
0.825684,-0.3409,1.7279,1.09047,1.86342,-0.852508,1.63061
0.824567,-0.344725,1.73185,1.09306,1.86661,-0.853256,1.63075
0.823208,-0.348474,1.73586,1.09571,1.8698,-0.854032,1.63089
0.821654,-0.352083,1.73989,1.09838,1.87301,-0.854832,1.631
0.819947,-0.355525,1.74391,1.10111,1.87622,-0.855664,1.63109
0.818113,-0.358809,1.74796,1.10395,1.87943,-0.856532,1.63113
0.816255,-0.361954,1.75203,1.10688,1.88263,-0.857442,1.63115
0.814419,-0.365027,1.75613,1.1099,1.88584,-0.858395,1.63114
0.812647,-0.368053,1.76028,1.11297,1.88904,-0.859388,1.6311
0.810935,-0.37105,1.76449,1.11606,1.89224,-0.860417,1.63103
0.809226,-0.374027,1.76867,1.11904,1.89543,-0.861483,1.63095
0.807521,-0.37706,1.7728,1.12199,1.89861,-0.862583,1.63086
0.805855,-0.380159,1.7769,1.12496,1.90178,-0.863713,1.63076
0.80423,-0.383317,1.78096,1.12794,1.90495,-0.864871,1.63066
0.802624,-0.386528,1.785,1.13095,1.90811,-0.866053,1.63055
0.801018,-0.389783,1.78895,1.13398,1.91127,-0.86726,1.63044
0.799426,-0.393071,1.79284,1.13703,1.91442,-0.868492,1.63034
0.797855,-0.396419,1.79671,1.14014,1.91756,-0.869744,1.63022
0.796351,-0.399803,1.80054,1.14328,1.9207,-0.871017,1.63011
0.794864,-0.403213,1.8043,1.14642,1.92384,-0.872312,1.62999
0.793404,-0.406669,1.80801,1.14958,1.92697,-0.873629,1.62987
0.791992,-0.410176,1.81166,1.15281,1.93009,-0.874967,1.62974
0.790629,-0.413738,1.81527,1.15605,1.9332,-0.876326,1.62962
0.789346,-0.417338,1.81883,1.1593,1.93631,-0.877706,1.62949
0.78808,-0.420961,1.82233,1.16254,1.93942,-0.879105,1.62937
0.786818,-0.424617,1.82575,1.16581,1.94251,-0.880523,1.62924
0.785664,-0.428332,1.82908,1.16911,1.94561,-0.881963,1.62911
0.784594,-0.432084,1.83231,1.17243,1.94869,-0.883422,1.629
0.783762,-0.435858,1.83524,1.17576,1.95177,-0.884902,1.6289
0.783166,-0.439681,1.83788,1.17912,1.95484,-0.886405,1.62882
0.782798,-0.443544,1.84033,1.18249,1.95787,-0.887938,1.62877
0.782615,-0.447451,1.84239,1.18585,1.96086,-0.889504,1.62876
0.782388,-0.45138,1.84405,1.18927,1.96381,-0.891108,1.62878
0.78203,-0.455335,1.84562,1.19279,1.96667,-0.892752,1.62883
0.781541,-0.45931,1.8471,1.19638,1.96947,-0.89443,1.62891
0.78104,-0.463336,1.8484,1.20008,1.97222,-0.896141,1.62904
0.780573,-0.467413,1.84949,1.20386,1.97493,-0.897883,1.62919
0.7802,-0.471535,1.85028,1.2077,1.97762,-0.899654,1.62939
0.779785,-0.475688,1.85082,1.21161,1.98027,-0.901456,1.62961
0.779289,-0.47988,1.8511,1.21557,1.98286,-0.903286,1.62987
0.77869,-0.484104,1.85108,1.21959,1.98541,-0.905145,1.63016
0.777893,-0.488358,1.85083,1.22369,1.9879,-0.90703,1.63048
0.776912,-0.492653,1.85031,1.22785,1.99034,-0.908941,1.63081
0.77572,-0.496986,1.84951,1.2321,1.99272,-0.910873,1.63117
0.774279,-0.501354,1.84854,1.23644,1.99506,-0.912824,1.63154
0.772543,-0.505743,1.84743,1.24088,1.99735,-0.914791,1.63192
0.770647,-0.510165,1.84599,1.24543,1.99961,-0.91677,1.63232
0.768566,-0.51462,1.84439,1.25005,2.00183,-0.918764,1.63274
0.766275,-0.519085,1.84265,1.25475,2.00403,-0.920769,1.63316
0.763833,-0.523568,1.84065,1.25955,2.0062,-0.92278,1.63361
0.761221,-0.528057,1.83852,1.26441,2.00835,-0.924803,1.63406
0.758495,-0.532538,1.83617,1.26933,2.01047,-0.926831,1.63453
0.755547,-0.537031,1.83373,1.27433,2.01256,-0.928865,1.635
0.75247,-0.54153,1.83105,1.27939,2.01463,-0.930899,1.63549
0.749171,-0.546023,1.82833,1.28454,2.01668,-0.93294,1.63597
0.745736,-0.550525,1.82541,1.28976,2.01872,-0.934976,1.63648
0.742067,-0.555027,1.82249,1.29508,2.02075,-0.937015,1.63698
0.738313,-0.55955,1.81934,1.30048,2.02277,-0.939049,1.63751
0.734388,-0.564085,1.81611,1.30595,2.02477,-0.941086,1.63805
0.730413,-0.568642,1.81271,1.31145,2.02676,-0.94312,1.6386
0.726306,-0.573232,1.80925,1.31702,2.02875,-0.945156,1.63918
0.722154,-0.577852,1.80566,1.32262,2.03073,-0.947191,1.63977
0.717907,-0.582506,1.80201,1.32827,2.0327,-0.949226,1.64038
0.713661,-0.587203,1.7982,1.33394,2.03467,-0.951255,1.64101
0.709316,-0.591934,1.79438,1.33965,2.03663,-0.953289,1.64166
0.704982,-0.596697,1.79042,1.34537,2.03859,-0.955318,1.64233
0.700572,-0.601487,1.78643,1.35113,2.04054,-0.957351,1.64302
0.696172,-0.606313,1.78233,1.35691,2.04249,-0.959381,1.64372
0.691733,-0.611168,1.77818,1.36272,2.04444,-0.961413,1.64445
0.687278,-0.61605,1.77398,1.36854,2.04638,-0.963446,1.6452
0.682795,-0.620962,1.76972,1.37439,2.04832,-0.965478,1.64596
0.678289,-0.625903,1.76541,1.38024,2.05026,-0.96751,1.64674
0.673573,-0.630819,1.76043,1.38647,2.0512,-0.972649,1.64856
0.669836,-0.635642,1.75671,1.39136,2.05261,-0.976744,1.65003
0.666757,-0.640228,1.75418,1.39474,2.05413,-0.980731,1.65148
0.66352,-0.644018,1.75272,1.39686,2.05574,-0.984651,1.65288
0.660014,-0.646695,1.75186,1.39787,2.05742,-0.988517,1.6542
0.65625,-0.648362,1.75137,1.39798,2.05918,-0.992321,1.65541
0.65226,-0.649167,1.75086,1.39736,2.06101,-0.996032,1.65652
0.648085,-0.649296,1.75041,1.39612,2.06291,-0.999627,1.65753
0.643787,-0.648894,1.75,1.3944,2.0649,-1.00308,1.65844
0.639384,-0.648032,1.74951,1.3923,2.06696,-1.00637,1.65926
0.634896,-0.646821,1.74908,1.38995,2.0691,-1.0095,1.65998
0.630387,-0.645346,1.74872,1.38742,2.07131,-1.01247,1.6606
0.625885,-0.643693,1.74838,1.38476,2.07359,-1.01529,1.66114
0.621436,-0.641932,1.74803,1.382,2.07594,-1.01796,1.66158
0.617159,-0.640113,1.74757,1.37916,2.07836,-1.02048,1.66194
0.613101,-0.638293,1.74711,1.37628,2.08084,-1.02286,1.66222
0.60945,-0.636627,1.74686,1.37334,2.08339,-1.02511,1.66242
0.606524,-0.635372,1.74702,1.37032,2.08599,-1.02723,1.66255
0.604525,-0.634671,1.74755,1.36716,2.08866,-1.02924,1.66262
0.603472,-0.634382,1.74843,1.36373,2.09138,-1.03114,1.66265
0.603192,-0.634359,1.74962,1.36006,2.09415,-1.03295,1.66266
0.603476,-0.634479,1.751,1.35619,2.09696,-1.03472,1.66264
0.604327,-0.634696,1.75246,1.35209,2.0998,-1.0365,1.66257
0.605671,-0.63481,1.75385,1.34777,2.10267,-1.03831,1.66245
0.607344,-0.634681,1.75515,1.34328,2.10554,-1.04016,1.6623
0.609275,-0.634559,1.75659,1.33868,2.10842,-1.04204,1.66212
0.611479,-0.634691,1.75827,1.33398,2.11131,-1.04394,1.66192
0.614014,-0.635173,1.76025,1.3292,2.1142,-1.04585,1.6617
0.616848,-0.635821,1.76244,1.32432,2.11711,-1.04775,1.66147
0.619944,-0.636443,1.76471,1.3193,2.12003,-1.04966,1.66122
0.623209,-0.636865,1.76694,1.31418,2.12295,-1.05159,1.66094
0.626637,-0.637134,1.76913,1.30894,2.12588,-1.05354,1.66064
0.630221,-0.637582,1.77142,1.30361,2.12879,-1.05551,1.66032
0.633912,-0.638234,1.77388,1.29826,2.13171,-1.05746,1.65998
0.637813,-0.639058,1.77646,1.29288,2.13465,-1.0594,1.65962
0.641881,-0.639836,1.779,1.28742,2.13759,-1.06134,1.65925
0.646096,-0.6405,1.78147,1.28187,2.14052,-1.0633,1.65887
0.650415,-0.641081,1.78382,1.27623,2.14345,-1.06527,1.65846
0.65486,-0.641763,1.7862,1.27051,2.14637,-1.06724,1.65804
0.6594,-0.64257,1.78864,1.26476,2.1493,-1.0692,1.65761
0.664013,-0.643348,1.79108,1.259,2.15222,-1.07116,1.65715
0.668695,-0.644021,1.7934,1.25323,2.15514,-1.07313,1.65667
0.673449,-0.644721,1.79564,1.24744,2.15806,-1.0751,1.65619
0.678285,-0.645553,1.79786,1.24164,2.16097,-1.07706,1.65571
0.683187,-0.646535,1.80004,1.23589,2.16387,-1.07901,1.65522
0.688143,-0.647723,1.80215,1.23023,2.16675,-1.08096,1.65474
0.693121,-0.649296,1.80423,1.22475,2.16963,-1.0829,1.65427
0.698101,-0.651217,1.80624,1.21964,2.17248,-1.0848,1.65381
0.70302,-0.653415,1.80823,1.21509,2.17534,-1.08668,1.65333
0.707698,-0.655603,1.80955,1.21138,2.17821,-1.08851,1.65281
0.711897,-0.657425,1.81008,1.20844,2.18107,-1.09027,1.65226
0.715594,-0.659055,1.81007,1.20601,2.18395,-1.09193,1.65168
0.719177,-0.660729,1.81011,1.20368,2.18686,-1.09347,1.65109
0.722784,-0.662526,1.81018,1.20138,2.1898,-1.09488,1.65048
0.726477,-0.664351,1.80986,1.19939,2.19275,-1.09626,1.64983
0.729978,-0.666066,1.80929,1.19787,2.19572,-1.09754,1.64918
0.733367,-0.667879,1.80895,1.19634,2.19872,-1.09872,1.64854
0.736844,-0.669872,1.80909,1.19483,2.20175,-1.09981,1.64788
0.740457,-0.672052,1.80965,1.19362,2.20479,-1.10088,1.64721
0.744239,-0.674509,1.81076,1.19257,2.20784,-1.10198,1.64652
0.748053,-0.677133,1.81232,1.19147,2.2109,-1.10312,1.6458
0.751896,-0.679866,1.81428,1.19031,2.21397,-1.10428,1.64506
0.755725,-0.68274,1.81657,1.18916,2.21703,-1.10547,1.6443
0.759556,-0.685719,1.81915,1.18813,2.2201,-1.10667,1.64353
0.763378,-0.688795,1.82195,1.18722,2.22317,-1.1079,1.64273
0.767195,-0.691937,1.82494,1.18635,2.22624,-1.10913,1.64192
0.770998,-0.695117,1.82808,1.18563,2.22931,-1.11039,1.6411
0.774776,-0.698357,1.83137,1.18514,2.23238,-1.11165,1.64026
0.778603,-0.701691,1.83479,1.18472,2.23545,-1.11295,1.63941
0.782403,-0.705017,1.83832,1.18442,2.23852,-1.11427,1.63854
0.786112,-0.708353,1.84192,1.18433,2.24158,-1.11561,1.63767
0.789838,-0.711744,1.84561,1.18441,2.24464,-1.11697,1.63678
0.793633,-0.715227,1.84938,1.18454,2.24771,-1.11836,1.63589
0.797483,-0.718754,1.85323,1.18478,2.25077,-1.11976,1.635
0.801343,-0.722312,1.85712,1.18513,2.25383,-1.1212,1.63409
0.805202,-0.725873,1.86107,1.18554,2.25689,-1.12266,1.63317
0.808983,-0.729398,1.86504,1.18602,2.25994,-1.12415,1.63225
0.812756,-0.732918,1.86902,1.18649,2.26298,-1.12566,1.63132
0.816446,-0.7364,1.87301,1.18709,2.26601,-1.1272,1.63038
0.820145,-0.739852,1.87701,1.18767,2.26904,-1.12876,1.62944
0.823768,-0.743272,1.881,1.18831,2.27206,-1.13034,1.62849
0.82736,-0.746654,1.885,1.189,2.27507,-1.13195,1.62754
0.830816,-0.749987,1.88899,1.18979,2.27807,-1.13357,1.62658
0.834304,-0.753318,1.89298,1.19049,2.28107,-1.13521,1.62561
0.837685,-0.756556,1.89685,1.19119,2.28405,-1.13687,1.62464
0.840989,-0.759673,1.90061,1.19193,2.28701,-1.13856,1.62366
0.844179,-0.762684,1.90432,1.19262,2.28997,-1.14026,1.62268
0.847214,-0.765554,1.90794,1.19337,2.29291,-1.14197,1.6217
0.850125,-0.768293,1.91139,1.19409,2.29585,-1.1437,1.62072
0.852919,-0.770868,1.91472,1.19483,2.29878,-1.14544,1.61974
0.855518,-0.773258,1.91773,1.19549,2.30168,-1.14719,1.61876
0.857999,-0.775417,1.92061,1.1962,2.30458,-1.14896,1.61778
0.860268,-0.777345,1.92342,1.197,2.30747,-1.15074,1.61681
0.862425,-0.779104,1.92593,1.19757,2.31035,-1.15254,1.61583
0.864402,-0.780571,1.928,1.19808,2.31319,-1.15435,1.61486
0.866199,-0.781755,1.92984,1.19871,2.31602,-1.15617,1.61389
0.867946,-0.782778,1.93155,1.19924,2.31886,-1.158,1.61293
0.869524,-0.783548,1.93287,1.19966,2.32167,-1.15984,1.61197
0.870785,-0.784057,1.93379,1.20008,2.32443,-1.16168,1.61101
0.871972,-0.784354,1.93445,1.20037,2.32713,-1.16355,1.61005
0.873017,-0.784544,1.93497,1.20083,2.32978,-1.16541,1.60909
0.873879,-0.784755,1.93562,1.20139,2.33242,-1.16729,1.60813
0.874829,-0.785073,1.93647,1.20187,2.33505,-1.16917,1.60717
0.875698,-0.785414,1.93709,1.20243,2.33768,-1.17106,1.60622
0.876307,-0.78561,1.93764,1.20304,2.34029,-1.17295,1.60527
0.876971,-0.785839,1.93829,1.20371,2.34286,-1.17484,1.60431
0.877534,-0.786131,1.93897,1.20448,2.34541,-1.17674,1.60336
0.878065,-0.786506,1.93987,1.20527,2.34795,-1.17864,1.6024
0.878562,-0.786975,1.94082,1.20612,2.35048,-1.18054,1.60145
0.879117,-0.78753,1.94167,1.20694,2.35295,-1.18245,1.6005
0.879566,-0.788088,1.94248,1.20785,2.35537,-1.18436,1.59956
0.87986,-0.78873,1.9435,1.20893,2.35776,-1.18627,1.59861
0.880174,-0.789553,1.94478,1.21007,2.36011,-1.18819,1.59767
0.880619,-0.790584,1.94619,1.21126,2.3624,-1.19011,1.59672
0.880983,-0.791767,1.94773,1.21259,2.3646,-1.19205,1.59578
0.881383,-0.793112,1.94953,1.21406,2.36675,-1.19399,1.59483
0.881805,-0.794664,1.95146,1.21571,2.36883,-1.19594,1.59389
0.88209,-0.79638,1.95352,1.21756,2.37082,-1.1979,1.59295
0.882288,-0.798291,1.95573,1.21961,2.37267,-1.19987,1.59201
0.882449,-0.800452,1.95813,1.22192,2.3744,-1.20184,1.59108
0.882539,-0.802905,1.96061,1.2245,2.376,-1.20383,1.59016
0.882475,-0.805642,1.96312,1.22739,2.37746,-1.20583,1.58925
0.88234,-0.80865,1.96562,1.23057,2.37879,-1.20785,1.58835
0.882048,-0.811892,1.96821,1.234,2.37995,-1.20987,1.58746
0.881622,-0.815342,1.97088,1.23762,2.38092,-1.2119,1.58658
0.880957,-0.818947,1.97366,1.24146,2.38172,-1.21394,1.5857
0.880083,-0.822691,1.97651,1.2455,2.38238,-1.21598,1.58483
0.879004,-0.826556,1.97945,1.24971,2.38287,-1.21803,1.58397
0.877733,-0.830503,1.98238,1.25408,2.38325,-1.22008,1.58312
0.876252,-0.834524,1.98535,1.2586,2.38348,-1.22214,1.58228
0.87457,-0.838586,1.98827,1.26327,2.38359,-1.2242,1.58144
0.872688,-0.842672,1.99111,1.26807,2.38358,-1.22627,1.58062
0.870617,-0.846773,1.9939,1.27298,2.38347,-1.22835,1.57979
0.868366,-0.850879,1.99656,1.27797,2.38326,-1.23042,1.57898
0.86595,-0.854986,1.99911,1.28304,2.38296,-1.23251,1.57816
0.863424,-0.859093,2.00159,1.28818,2.38258,-1.23459,1.57735
0.860813,-0.863198,2.00393,1.29335,2.38211,-1.23668,1.57654
0.85807,-0.867297,2.00619,1.29854,2.38156,-1.23878,1.57573
0.855207,-0.871357,2.00826,1.30373,2.38092,-1.24087,1.57492
0.852246,-0.875398,2.01024,1.30892,2.3802,-1.24297,1.57411
0.84924,-0.879406,2.01205,1.31408,2.37941,-1.24508,1.5733
0.846122,-0.883382,2.01364,1.31924,2.37856,-1.24719,1.57248
0.842866,-0.887297,2.01503,1.32435,2.37763,-1.2493,1.57166
0.839495,-0.891123,2.01621,1.32942,2.37663,-1.25141,1.57084
0.835927,-0.894867,2.01718,1.33443,2.37555,-1.25352,1.57001
0.832195,-0.898488,2.0178,1.33932,2.3744,-1.25564,1.56918
0.82825,-0.901945,2.01813,1.34408,2.37318,-1.25775,1.56834
0.824098,-0.905203,2.01821,1.34865,2.37188,-1.25987,1.5675
0.819768,-0.908206,2.01804,1.35299,2.37051,-1.26198,1.56664
0.815259,-0.910938,2.01762,1.35709,2.36908,-1.26409,1.56578
0.810569,-0.913403,2.0169,1.36084,2.36756,-1.26621,1.56491
0.805685,-0.915592,2.01594,1.36438,2.36596,-1.26832,1.56404
0.800638,-0.917598,2.01474,1.36767,2.36429,-1.27043,1.56316
0.795426,-0.919434,2.01333,1.37073,2.36255,-1.27254,1.56228
0.790062,-0.921151,2.01179,1.37365,2.36074,-1.27465,1.56139
0.784606,-0.922768,2.01004,1.37635,2.35887,-1.27676,1.5605
0.779051,-0.924229,2.00819,1.37889,2.35694,-1.27887,1.55961
0.773413,-0.925649,2.00622,1.38134,2.35496,-1.28098,1.55871
0.767688,-0.926999,2.00413,1.38367,2.35292,-1.28308,1.5578
0.761897,-0.92831,2.00194,1.38586,2.35083,-1.28519,1.5569
0.756035,-0.929624,1.99969,1.388,2.3487,-1.2873,1.55599
0.750114,-0.930934,1.99738,1.39007,2.34653,-1.28941,1.55507
0.744164,-0.932221,1.99501,1.392,2.34432,-1.29152,1.55415
0.738177,-0.933477,1.99259,1.3938,2.34206,-1.29363,1.55323
0.73215,-0.934713,1.99009,1.39537,2.33976,-1.29574,1.55231
0.726085,-0.935866,1.9875,1.39667,2.3374,-1.29785,1.55138
0.720006,-0.936903,1.98482,1.3978,2.335,-1.29996,1.55045
0.713891,-0.937908,1.9821,1.39878,2.33256,-1.30207,1.54952
0.707752,-0.938882,1.97932,1.39963,2.33007,-1.30419,1.54858
0.701607,-0.939832,1.97648,1.40034,2.32754,-1.30631,1.54765
0.695435,-0.940728,1.97361,1.40088,2.32498,-1.30843,1.54671
0.689255,-0.94154,1.97066,1.4012,2.32236,-1.31055,1.54576
0.683071,-0.942275,1.96767,1.4013,2.31971,-1.31267,1.54482
0.676887,-0.942975,1.9646,1.40125,2.317,-1.3148,1.54388
0.670712,-0.943649,1.96146,1.40107,2.31426,-1.31692,1.54293
0.664537,-0.944313,1.95825,1.40068,2.31146,-1.31906,1.54199
0.65835,-0.944936,1.95499,1.40025,2.30864,-1.32119,1.54104
0.652155,-0.945562,1.95166,1.3997,2.30577,-1.32332,1.54009
0.645947,-0.946161,1.94828,1.39907,2.30287,-1.32545,1.53915
0.639734,-0.946752,1.94485,1.39823,2.29993,-1.32759,1.5382
0.633533,-0.947309,1.94135,1.39732,2.29696,-1.32972,1.53725
0.627337,-0.947879,1.93778,1.39629,2.29395,-1.33186,1.5363
0.621148,-0.948424,1.93417,1.39513,2.29091,-1.33399,1.53535
0.614955,-0.948982,1.9305,1.39391,2.28783,-1.33613,1.5344
0.608773,-0.949544,1.92678,1.39258,2.28472,-1.33827,1.53345
0.602595,-0.950131,1.92299,1.39119,2.28159,-1.34042,1.5325
0.596424,-0.950731,1.91914,1.38967,2.27842,-1.34256,1.53154
0.590252,-0.951355,1.91523,1.38812,2.27523,-1.34471,1.53059
0.584093,-0.952009,1.91128,1.38646,2.27202,-1.34685,1.52964
0.577935,-0.952708,1.90727,1.38483,2.26878,-1.349,1.52868
0.57177,-0.953457,1.90321,1.38319,2.26552,-1.35115,1.52773
0.565613,-0.954237,1.8991,1.38148,2.26224,-1.3533,1.52677
0.559444,-0.95503,1.89498,1.37975,2.25894,-1.35544,1.52581
0.553283,-0.955867,1.89081,1.37795,2.25562,-1.3576,1.52486
0.547124,-0.956727,1.88662,1.37612,2.25229,-1.35975,1.5239
0.540978,-0.957644,1.88239,1.37422,2.24894,-1.3619,1.52294
0.534838,-0.958566,1.87809,1.37229,2.24557,-1.36406,1.52198
0.528691,-0.959515,1.87373,1.37032,2.24219,-1.36622,1.52103
0.522539,-0.960493,1.86931,1.36826,2.23879,-1.36838,1.52007
0.516382,-0.961476,1.86485,1.36619,2.23538,-1.37054,1.51911
0.510231,-0.96244,1.86027,1.36402,2.23195,-1.3727,1.51815
0.504083,-0.963387,1.85561,1.36181,2.22852,-1.37485,1.5172
0.497938,-0.964266,1.85083,1.35955,2.22508,-1.37701,1.51624
0.491792,-0.965121,1.84595,1.35718,2.22163,-1.37917,1.51528
0.485657,-0.965956,1.84098,1.35472,2.21817,-1.38133,1.51433
0.479538,-0.966738,1.83593,1.35217,2.2147,-1.38348,1.51337
0.473421,-0.967448,1.83077,1.34959,2.21122,-1.38564,1.51242
0.467328,-0.968112,1.82551,1.34687,2.20774,-1.38779,1.51147
0.461249,-0.968721,1.82015,1.34404,2.20425,-1.38995,1.51052
0.455194,-0.969234,1.81467,1.3411,2.20076,-1.3921,1.50957
0.449157,-0.969722,1.80909,1.33805,2.19725,-1.39425,1.50862
0.443146,-0.970125,1.80342,1.33494,2.19375,-1.39641,1.50768
0.437159,-0.970533,1.79765,1.33172,2.19024,-1.39856,1.50674
0.431189,-0.970867,1.79181,1.32845,2.18672,-1.40071,1.5058
0.425242,-0.971202,1.78589,1.32512,2.1832,-1.40286,1.50486
0.419299,-0.971536,1.77991,1.32177,2.17967,-1.40501,1.50393
0.413385,-0.971877,1.77387,1.31836,2.17614,-1.40716,1.50299
0.407491,-0.972246,1.76779,1.31491,2.17261,-1.40931,1.50207
0.401618,-0.972633,1.76165,1.31144,2.16907,-1.41146,1.50114
0.395747,-0.973038,1.75548,1.308,2.16554,-1.4136,1.50022
0.389887,-0.973478,1.74927,1.30453,2.162,-1.41575,1.4993
0.384039,-0.973956,1.74302,1.30101,2.15845,-1.4179,1.49839
0.378232,-0.974444,1.73675,1.2975,2.1549,-1.42005,1.49748
0.372437,-0.974994,1.73045,1.29399,2.15135,-1.4222,1.49658
0.366651,-0.975593,1.72412,1.29048,2.14778,-1.42436,1.49568
0.360868,-0.976195,1.71777,1.28702,2.14422,-1.42651,1.49478
0.355088,-0.976853,1.71139,1.28358,2.14066,-1.42866,1.49389
0.349331,-0.977596,1.705,1.28009,2.13709,-1.43081,1.493
0.343578,-0.978348,1.69857,1.27666,2.13353,-1.43297,1.49212
0.337843,-0.979158,1.69214,1.27322,2.12996,-1.43512,1.49124
0.332128,-0.980035,1.68567,1.26977,2.12638,-1.43728,1.49037
0.326425,-0.980947,1.6792,1.26634,2.12281,-1.43944,1.4895
0.320765,-0.981909,1.67272,1.26286,2.11923,-1.4416,1.48864
0.315155,-0.982932,1.66622,1.25936,2.11565,-1.44377,1.48778
0.309592,-0.983989,1.6597,1.25587,2.11206,-1.44594,1.48693
0.304051,-0.985085,1.65317,1.25237,2.10848,-1.44811,1.48608
0.298527,-0.986261,1.64664,1.24882,2.10489,-1.45028,1.48523
0.293039,-0.987476,1.64009,1.24532,2.1013,-1.45246,1.4844
0.287603,-0.988724,1.63353,1.24186,2.09772,-1.45464,1.48356
0.282206,-0.990042,1.62695,1.23838,2.09413,-1.45681,1.48273
0.276814,-0.99141,1.62036,1.23486,2.09055,-1.459,1.4819
0.27151,-0.992843,1.61377,1.23132,2.08696,-1.46118,1.48108
0.266391,-0.99435,1.60717,1.22777,2.08338,-1.46337,1.48025
0.26134,-0.995954,1.60058,1.22416,2.07981,-1.46557,1.47943
0.256409,-0.997636,1.59399,1.22055,2.07624,-1.46777,1.47861
0.251557,-0.999402,1.58742,1.21691,2.07267,-1.46997,1.4778
0.246731,-1.00124,1.58085,1.21326,2.06911,-1.47218,1.47699
0.241983,-1.00315,1.57429,1.20955,2.06555,-1.4744,1.47618
0.23732,-1.00511,1.56775,1.20577,2.06199,-1.47662,1.47537
0.232714,-1.0071,1.56121,1.20197,2.05845,-1.47884,1.47457
0.228185,-1.00912,1.55468,1.19817,2.05491,-1.48107,1.47377
0.223682,-1.01117,1.54815,1.19432,2.05137,-1.4833,1.47297
0.219278,-1.01323,1.54164,1.1904,2.04785,-1.48554,1.47217
0.214988,-1.01531,1.53515,1.18643,2.04433,-1.48778,1.47138
0.210787,-1.01742,1.52867,1.18238,2.04083,-1.49003,1.47059
0.206617,-1.01954,1.52218,1.1783,2.03733,-1.49228,1.4698
0.202588,-1.02168,1.51571,1.17415,2.03384,-1.49453,1.46902
0.198598,-1.02383,1.50926,1.16992,2.03036,-1.49679,1.46823
0.194678,-1.026,1.50281,1.16568,2.0269,-1.49905,1.46745
0.190893,-1.02816,1.49637,1.16141,2.02345,-1.50131,1.46667
0.187155,-1.03035,1.48994,1.15706,2.02001,-1.50358,1.46589
0.183469,-1.03255,1.48351,1.15264,2.01658,-1.50585,1.46511
0.179849,-1.03476,1.47709,1.14823,2.01316,-1.50812,1.46433
0.176295,-1.037,1.47068,1.14376,2.00976,-1.51039,1.46355
0.172817,-1.03925,1.46429,1.13923,2.00637,-1.51266,1.46277
0.169302,-1.0415,1.4579,1.13466,2.00299,-1.51494,1.46199
0.165934,-1.04378,1.45152,1.13007,1.99963,-1.51721,1.46122
0.162595,-1.04607,1.44517,1.1254,1.99628,-1.51949,1.46044
0.159338,-1.04836,1.43882,1.12069,1.99294,-1.52177,1.45967
0.156053,-1.05067,1.43248,1.11594,1.98962,-1.52405,1.45889
0.152819,-1.05299,1.42614,1.11115,1.98631,-1.52633,1.45811
0.149695,-1.05533,1.41982,1.10634,1.98301,-1.52861,1.45734
0.146682,-1.05769,1.41353,1.10147,1.97974,-1.5309,1.45656
0.143743,-1.06009,1.40726,1.09654,1.97648,-1.53318,1.45579
0.140886,-1.06252,1.401,1.09155,1.97324,-1.53547,1.45501
0.13812,-1.06499,1.39477,1.08651,1.97001,-1.53775,1.45423
0.135431,-1.0675,1.38857,1.0814,1.9668,-1.54004,1.45345
0.132809,-1.07004,1.38238,1.07625,1.96361,-1.54233,1.45266
0.130346,-1.07262,1.37623,1.07104,1.96045,-1.54461,1.45188
0.12801,-1.07526,1.37013,1.06576,1.9573,-1.5469,1.45109
0.125784,-1.07794,1.36406,1.0604,1.95418,-1.54919,1.4503
0.123704,-1.08066,1.35804,1.05499,1.95107,-1.55149,1.4495
0.121621,-1.08342,1.35205,1.04953,1.94798,-1.55378,1.44871
0.119762,-1.08626,1.3461,1.04403,1.94492,-1.55607,1.44791
0.117988,-1.08918,1.34023,1.03849,1.94189,-1.55837,1.4471
0.116245,-1.09216,1.33442,1.03291,1.93889,-1.56066,1.4463
0.114689,-1.09517,1.32866,1.02729,1.9359,-1.56296,1.44549
0.11318,-1.09821,1.32299,1.02163,1.93295,-1.56526,1.44468
0.11166,-1.10131,1.31735,1.01594,1.93001,-1.56756,1.44387
0.110401,-1.10444,1.31178,1.01023,1.92711,-1.56986,1.44305
0.109208,-1.10763,1.30631,1.00448,1.92425,-1.57216,1.44224
0.108035,-1.11088,1.30089,0.998708,1.9214,-1.57447,1.44143
0.106874,-1.11419,1.29554,0.992917,1.91859,-1.57678,1.44061
0.105898,-1.11754,1.29023,0.987115,1.9158,-1.57908,1.43979
0.105024,-1.12094,1.285,0.981297,1.91305,-1.58139,1.43898
0.104117,-1.12438,1.27981,0.975462,1.91032,-1.5837,1.43816
0.103431,-1.12785,1.27474,0.969616,1.90761,-1.58602,1.43734
0.102746,-1.13136,1.2698,0.963748,1.90495,-1.58833,1.43653
0.102144,-1.13493,1.26492,0.957875,1.90232,-1.59065,1.43571
0.101602,-1.13854,1.26016,0.951997,1.89971,-1.59296,1.4349
0.101155,-1.14218,1.2555,0.946111,1.89715,-1.59528,1.43409
0.100819,-1.14585,1.25096,0.940218,1.89461,-1.5976,1.43328
0.100561,-1.14957,1.24656,0.934323,1.89211,-1.59992,1.43247
0.100394,-1.15331,1.24228,0.928428,1.88964,-1.60224,1.43167
0.100252,-1.15708,1.23817,0.92252,1.8872,-1.60456,1.43088
0.100226,-1.16088,1.23422,0.91661,1.8848,-1.60688,1.43008
0.100357,-1.1647,1.23047,0.910696,1.88245,-1.60921,1.4293
0.100517,-1.16852,1.22678,0.904786,1.88014,-1.61152,1.42852
0.100652,-1.17237,1.22321,0.898876,1.87785,-1.61384,1.42774
0.100937,-1.17626,1.21979,0.892975,1.87559,-1.61615,1.42696
0.101297,-1.18018,1.21657,0.887076,1.87339,-1.61847,1.42619
0.101712,-1.1841,1.21335,0.881189,1.87122,-1.62078,1.42542
0.102221,-1.18802,1.21026,0.875301,1.86908,-1.62309,1.42466
0.10284,-1.19194,1.20734,0.869415,1.86697,-1.6254,1.4239
0.10352,-1.19585,1.20464,0.863526,1.86491,-1.62771,1.42315
0.104251,-1.19977,1.202,0.857643,1.8629,-1.63001,1.4224
0.104986,-1.20367,1.19946,0.851764,1.86092,-1.63231,1.42166
0.105833,-1.20756,1.19705,0.84589,1.85897,-1.63461,1.42093
0.106766,-1.21145,1.19488,0.840022,1.85707,-1.63691,1.4202
0.107807,-1.21533,1.1929,0.834162,1.8552,-1.6392,1.41949
0.108918,-1.21921,1.19099,0.828313,1.85337,-1.64149,1.41877
0.110106,-1.22308,1.18913,0.822472,1.85157,-1.64377,1.41806
0.111376,-1.2269,1.18742,0.81662,1.84981,-1.64605,1.41736
0.112742,-1.23071,1.18589,0.810767,1.84811,-1.64832,1.41665
0.114141,-1.23444,1.18441,0.80491,1.84648,-1.65058,1.41596
0.115574,-1.23808,1.18293,0.799055,1.84489,-1.65284,1.41527
0.117106,-1.24157,1.18152,0.793203,1.84334,-1.65508,1.4146
0.118732,-1.24491,1.18018,0.787355,1.84184,-1.65733,1.41393
0.120445,-1.24811,1.17883,0.781513,1.8404,-1.65956,1.41327
0.122236,-1.25112,1.17746,0.775674,1.839,-1.6618,1.41262
0.124111,-1.25394,1.1761,0.769844,1.83765,-1.66403,1.41198
0.126074,-1.25656,1.17472,0.76403,1.83635,-1.66626,1.41136
0.128056,-1.25896,1.17324,0.758238,1.83508,-1.66848,1.41074
0.13013,-1.26108,1.17172,0.752485,1.83383,-1.67071,1.41014
0.132254,-1.26289,1.17004,0.746755,1.83261,-1.67295,1.40955
0.134473,-1.26432,1.16817,0.741036,1.83139,-1.67518,1.40897
0.136815,-1.26537,1.16602,0.735315,1.83015,-1.67743,1.40839
0.139226,-1.26612,1.16357,0.729611,1.82887,-1.67968,1.40782
0.14167,-1.26665,1.16088,0.72396,1.82752,-1.68194,1.40726
0.144135,-1.26703,1.15806,0.718391,1.82614,-1.68421,1.4067
0.146614,-1.26728,1.15515,0.712911,1.82474,-1.68648,1.40616
0.149095,-1.26743,1.1522,0.70754,1.82334,-1.68874,1.40563
0.151571,-1.2675,1.14919,0.702273,1.82195,-1.691,1.4051
0.153994,-1.26753,1.14608,0.697131,1.82055,-1.69326,1.40459
0.156372,-1.26747,1.14291,0.692131,1.81922,-1.6955,1.40408
0.158766,-1.26734,1.13957,0.687233,1.81798,-1.69774,1.40357
0.161228,-1.2672,1.13614,0.682435,1.81677,-1.69997,1.40308
0.163625,-1.26699,1.13271,0.677843,1.81565,-1.7022,1.40259
0.165994,-1.26676,1.12924,0.673423,1.81468,-1.7044,1.40211
0.168241,-1.26649,1.12568,0.669191,1.81373,-1.70658,1.40165
0.170405,-1.26614,1.12199,0.665317,1.81291,-1.70873,1.40119
0.172423,-1.26587,1.11827,0.661578,1.81201,-1.71083,1.40075
0.174284,-1.26532,1.11432,0.658432,1.8113,-1.71285,1.40029
0.175984,-1.26484,1.11033,0.655507,1.8106,-1.71477,1.39986
0.177277,-1.26418,1.10614,0.653251,1.80993,-1.71656,1.39943
0.178281,-1.26348,1.10181,0.651657,1.80937,-1.71824,1.39903
0.178988,-1.26258,1.09742,0.650547,1.80889,-1.7198,1.39866
0.17955,-1.2613,1.09291,0.64998,1.80847,-1.72124,1.39834
0.180407,-1.25966,1.08966,0.649418,1.80673,-1.72231,1.39816
0.18167,-1.258,1.08866,0.648112,1.80265,-1.72286,1.39819
0.183393,-1.25592,1.08815,0.646264,1.79766,-1.72317,1.39835
0.185581,-1.25314,1.08706,0.644112,1.79265,-1.72339,1.39856
0.188166,-1.2497,1.08531,0.641748,1.78778,-1.72355,1.39882
0.191046,-1.24568,1.08299,0.639257,1.78303,-1.72365,1.39911
0.194166,-1.24116,1.08018,0.636674,1.77841,-1.7237,1.39943
0.197509,-1.23621,1.07703,0.634046,1.7739,-1.72368,1.39978
0.201062,-1.23088,1.07364,0.631398,1.76949,-1.7236,1.40018
0.204818,-1.22524,1.07011,0.628789,1.76518,-1.72347,1.4006
0.208761,-1.21932,1.0665,0.626274,1.76096,-1.72328,1.40106
0.212885,-1.21316,1.06306,0.623995,1.75683,-1.72304,1.40156
0.217177,-1.2068,1.06024,0.622247,1.75278,-1.72277,1.40209
0.221637,-1.20026,1.05845,0.621228,1.74881,-1.72246,1.40265
0.226286,-1.19357,1.05776,0.620969,1.74496,-1.72214,1.40323
0.231131,-1.18676,1.05809,0.621354,1.74122,-1.72186,1.40384
0.236157,-1.17986,1.05928,0.622229,1.73759,-1.72165,1.40447
0.241339,-1.17287,1.06121,0.62343,1.73406,-1.7215,1.40513
0.246654,-1.16581,1.06377,0.62486,1.73062,-1.72142,1.40583
0.252081,-1.15868,1.06686,0.626479,1.72726,-1.7214,1.40654
0.257609,-1.1515,1.07041,0.628258,1.72397,-1.72145,1.40728
0.263228,-1.14428,1.07435,0.630184,1.72075,-1.72155,1.40805
0.26892,-1.13701,1.07862,0.632254,1.7176,-1.72171,1.40884
0.27468,-1.12972,1.08319,0.634467,1.71452,-1.72191,1.40964
0.280501,-1.12239,1.088,0.63682,1.7115,-1.72216,1.41047
0.286376,-1.11505,1.09303,0.639294,1.70854,-1.72245,1.41131
0.292295,-1.10768,1.09823,0.641891,1.70565,-1.72278,1.41217
0.298255,-1.1003,1.10358,0.644621,1.70281,-1.72313,1.41303
0.304255,-1.0929,1.10906,0.647491,1.70004,-1.72352,1.41391
0.310291,-1.08549,1.11465,0.650498,1.69733,-1.72392,1.4148
0.316356,-1.07807,1.12034,0.65364,1.69469,-1.72435,1.4157
0.322448,-1.07064,1.12611,0.656901,1.69212,-1.7248,1.4166
0.328562,-1.0632,1.13194,0.660273,1.68961,-1.72526,1.41752
0.334696,-1.05576,1.13783,0.663742,1.68717,-1.72573,1.41843
0.340853,-1.04831,1.14378,0.667308,1.68479,-1.72622,1.41936
0.347033,-1.04085,1.14977,0.670958,1.68247,-1.72672,1.42029
0.353235,-1.03339,1.15581,0.674691,1.68024,-1.72722,1.42123
0.359457,-1.02591,1.16189,0.678508,1.67808,-1.72773,1.42217
0.365698,-1.01844,1.16801,0.682406,1.67601,-1.72825,1.42311
0.371959,-1.01097,1.17416,0.686376,1.67403,-1.72877,1.42406
0.378243,-1.00349,1.18034,0.690406,1.67214,-1.7293,1.42501
0.384549,-0.996013,1.18655,0.694486,1.67037,-1.72984,1.42597
0.390875,-0.988541,1.19278,0.698617,1.66869,-1.73039,1.42692
0.397218,-0.981072,1.19903,0.702794,1.66711,-1.73093,1.42789
0.403578,-0.973604,1.2053,0.70702,1.66566,-1.73148,1.42885
0.409951,-0.966135,1.21159,0.711298,1.66435,-1.73203,1.42982
0.416332,-0.958666,1.21789,0.715622,1.6632,-1.73258,1.43079
0.42272,-0.951193,1.2242,0.719993,1.66223,-1.73313,1.43176
0.429104,-0.943711,1.23052,0.72441,1.66145,-1.73368,1.43273
0.435475,-0.936224,1.23686,0.728867,1.66086,-1.73424,1.4337
0.441837,-0.928735,1.2432,0.733359,1.66047,-1.73479,1.43467
0.448186,-0.921249,1.24953,0.737891,1.66025,-1.73534,1.43564
0.454524,-0.913764,1.25588,0.742452,1.6602,-1.73588,1.43661
0.460846,-0.906279,1.26222,0.747041,1.6603,-1.73643,1.43759
0.467156,-0.898794,1.26857,0.751659,1.66054,-1.73696,1.43856
0.473456,-0.891306,1.27491,0.756306,1.66091,-1.73749,1.43952
0.479757,-0.883813,1.28125,0.760984,1.6614,-1.73801,1.44049
0.486051,-0.876316,1.2876,0.765696,1.662,-1.73852,1.44146
0.492346,-0.868817,1.29395,0.770448,1.6627,-1.739,1.44242
0.498642,-0.861312,1.3003,0.775229,1.66349,-1.73947,1.44338
0.50494,-0.853808,1.30666,0.780042,1.66436,-1.73992,1.44434
0.511237,-0.846302,1.31303,0.78489,1.6653,-1.74033,1.4453
0.517535,-0.838798,1.31939,0.789778,1.66632,-1.74072,1.44626
0.523836,-0.831297,1.32577,0.794704,1.66739,-1.74107,1.44721
0.530144,-0.823794,1.33215,0.799668,1.66853,-1.74138,1.44816
0.536458,-0.816293,1.33853,0.804681,1.6697,-1.74165,1.4491
0.542775,-0.808794,1.34492,0.809742,1.67092,-1.74185,1.45004
0.549097,-0.801295,1.3513,0.814852,1.67217,-1.742,1.45098
0.555419,-0.793797,1.35768,0.820008,1.67345,-1.74209,1.45191
0.561752,-0.786299,1.36406,0.825199,1.67476,-1.74212,1.45283
0.568096,-0.778803,1.37043,0.830413,1.67608,-1.7421,1.45375
0.574448,-0.771302,1.3768,0.83564,1.67742,-1.74203,1.45467
0.580811,-0.763805,1.38316,0.840873,1.67876,-1.7419,1.45558
0.587186,-0.756309,1.38952,0.846099,1.68011,-1.74174,1.45649
0.593565,-0.748821,1.39587,0.851307,1.68146,-1.74153,1.45739
0.599943,-0.741343,1.40221,0.856479,1.6828,-1.74129,1.45829
0.606318,-0.733881,1.40853,0.8616,1.68412,-1.74101,1.45919
0.61268,-0.726435,1.41483,0.866652,1.68538,-1.74071,1.46007
0.619017,-0.719012,1.42109,0.871622,1.68654,-1.74038,1.46095
0.625292,-0.711624,1.42722,0.876469,1.68752,-1.74006,1.4618
0.63141,-0.704329,1.4326,0.881109,1.68828,-1.7398,1.4626
0.637012,-0.697301,1.43636,0.885224,1.68877,-1.73956,1.46329
0.641848,-0.690863,1.43862,0.888694,1.68903,-1.73938,1.46386
0.645803,-0.685244,1.43973,0.891653,1.68908,-1.73926,1.46434
0.648898,-0.680648,1.44011,0.894008,1.689,-1.73918,1.46475
0.651271,-0.677065,1.44012,0.89579,1.68881,-1.73914,1.4651
0.653003,-0.674337,1.43989,0.897136,1.68858,-1.73912,1.46539
0.654177,-0.672305,1.43951,0.898127,1.68832,-1.73913,1.46564
0.654912,-0.670848,1.43918,0.898842,1.68803,-1.73916,1.46585
0.655368,-0.669834,1.43893,0.899351,1.68776,-1.73919,1.46603
0.655643,-0.669143,1.43866,0.899698,1.6875,-1.73924,1.46618
0.655741,-0.668708,1.43847,0.899932,1.68725,-1.73929,1.46631
0.655743,-0.668453,1.43835,0.900065,1.68704,-1.73934,1.46642
0.655702,-0.668336,1.43824,0.90014,1.68685,-1.7394,1.4665
0.655589,-0.66833,1.4382,0.900186,1.68668,-1.73946,1.46657
0.655473,-0.668375,1.43818,0.900178,1.68654,-1.73951,1.46662
0.655348,-0.668495,1.43819,0.900163,1.68641,-1.73957,1.46665
0.655195,-0.668645,1.43822,0.900137,1.6863,-1.73964,1.46667
0.655043,-0.668843,1.4383,0.900065,1.68622,-1.7397,1.46667
0.654922,-0.669026,1.43837,0.900019,1.68615,-1.73976,1.46667
0.654787,-0.669241,1.43843,0.899963,1.6861,-1.73982,1.46665
0.654655,-0.669463,1.43849,0.899875,1.68607,-1.73988,1.46661
0.654541,-0.669695,1.43855,0.899809,1.68604,-1.73995,1.46657
0.654432,-0.669917,1.43865,0.89974,1.68604,-1.74001,1.46652
0.654355,-0.670122,1.43871,0.899659,1.68606,-1.74008,1.46645
0.654288,-0.670322,1.43879,0.899606,1.68608,-1.74014,1.46638
0.654227,-0.670512,1.43884,0.899534,1.68613,-1.7402,1.4663
0.654176,-0.670709,1.43888,0.899454,1.68617,-1.74026,1.4662
0.654142,-0.670889,1.43895,0.899403,1.68623,-1.74033,1.4661
0.654116,-0.671063,1.43896,0.899339,1.68631,-1.74039,1.466
0.654075,-0.671234,1.43897,0.899272,1.68639,-1.74045,1.46588
0.654042,-0.671398,1.43903,0.899208,1.68648,-1.74052,1.46576
0.654047,-0.671522,1.43905,0.899152,1.68659,-1.74058,1.46563
0.65403,-0.671657,1.43904,0.899109,1.68669,-1.74064,1.46549
0.654017,-0.671783,1.439,0.89904,1.68681,-1.74071,1.46534
0.654016,-0.671896,1.43898,0.898984,1.68692,-1.74078,1.46519
0.654017,-0.671979,1.43896,0.89895,1.68706,-1.74084,1.46504
0.654026,-0.672056,1.4389,0.898905,1.6872,-1.74091,1.46487
0.654024,-0.672127,1.43887,0.898871,1.68734,-1.74098,1.4647
