current_joint_pos_0,current_joint_pos_1,current_joint_pos_2,current_joint_pos_3,current_joint_pos_4,current_joint_pos_5,current_joint_pos_6,set_target_0,set_target_1,set_target_2,set_target_3,set_target_4,set_target_5,set_target_6,predicted_next_joint_pos_0,predicted_next_joint_pos_1,predicted_next_joint_pos_2,predicted_next_joint_pos_3,predicted_next_joint_pos_4,predicted_next_joint_pos_5,predicted_next_joint_pos_6,actual_next_joint_pos_0,actual_next_joint_pos_1,actual_next_joint_pos_2,actual_next_joint_pos_3,actual_next_joint_pos_4,actual_next_joint_pos_5,actual_next_joint_pos_6,abs_error_0,abs_error_1,abs_error_2,abs_error_3,abs_error_4,abs_error_5,abs_error_6,timestep
1.76413,-1.0518,-1.82739,-1.10553,1.94752,1.12968,-0.927089,1.68289,-0.994642,-1.85449,-1.04448,1.99127,1.192,-0.981504,1.7636672954027297,-1.0443375510421402,-1.8448516809674658,-1.0944504575207183,1.9621319425533998,1.1408738027019782,-0.9308906191575226,1.7512,-1.04129,-1.8371,-1.09631,1.95576,1.13995,-0.935726,0.012467295402729617,0.003047551042140162,0.007751680967465813,0.0018595424792815507,0.006371942553399901,0.0009238027019782269,0.004835380842477366,0
1.7512,-1.04129,-1.8371,-1.09631,1.95576,1.13995,-0.935726,1.67007,-0.981704,-1.86274,-1.03395,2.00319,1.20281,-0.990615,1.7506923374716514,-1.033139281307453,-1.8529090544035105,-1.0853107843962966,1.9706238426306306,1.1493941091437465,-0.9407727987890973,1.74084,-1.03272,-1.84476,-1.089,1.96247,1.1482,-0.942614,0.009852337471651484,0.00041928130745283454,0.008149054403510547,0.0036892156037033885,0.008153842630630681,0.0011941091437464024,0.0018412012109026987,1
1.74084,-1.03272,-1.84476,-1.089,1.96247,1.1482,-0.942614,1.6597,-0.971707,-1.87096,-1.02828,2.01674,1.21044,-0.999502,1.7431646928669897,-1.0252422843244278,-1.858814634033072,-1.0786223705188651,1.97847686329038,1.1536537769627948,-0.9499755129949656,1.73006,-1.02529,-1.84769,-1.08084,1.96813,1.15642,-0.949835,0.013104692866989787,4.771567557226852e-05,0.011124634033071956,0.0022176294811349084,0.010346863290380037,0.0027662230372051955,0.00014051299496564695,2
1.73006,-1.02529,-1.84769,-1.08084,1.96813,1.15642,-0.949835,1.64847,-0.962865,-1.86858,-1.01847,2.02044,1.2185,-1.00616,1.7305319982477263,-1.016491448356575,-1.8609592470193619,-1.070089133048344,1.9836492474466412,1.1625400664797043,-0.9568237370813011,1.71871,-1.01721,-1.8503,-1.072,1.97456,1.16516,-0.957532,0.01182199824772634,0.0007185516434249362,0.010659247019361828,0.0019108669516560983,0.00908924744664108,0.0026199335202956586,0.0007082629186989653,3
1.71871,-1.01721,-1.8503,-1.072,1.97456,1.16516,-0.957532,1.6371,-0.953562,-1.86829,-1.00961,2.0269,1.22754,-1.01361,1.7180090103196006,-1.007501266067665,-1.8627133687326425,-1.0613016708205643,1.9897550764795064,1.171130600329163,-0.964413731379069,1.70744,-1.00862,-1.85403,-1.06355,1.98233,1.17382,-0.965477,0.010569010319600558,0.001118733932335081,0.008683368732642416,0.0022483291794357374,0.0074250764795065205,0.002689399670837034,0.0010632686209309794,4
1.70744,-1.00862,-1.85403,-1.06355,1.98233,1.17382,-0.965477,1.62595,-0.943847,-1.86922,-1.00155,2.03554,1.23654,-1.02192,1.7058795796574557,-0.9982423090184229,-1.8653985062197187,-1.0530004118787137,1.9972840854622722,1.1793477486027566,-0.9723665155863024,1.69622,-0.999916,-1.85704,-1.05503,1.98975,1.18235,-0.97327,0.009659579657455675,0.0016736909815771028,0.008358506219718675,0.0020295881212861744,0.0075340854622723,0.003002251397243416,0.0009034844136975861,5
1.69622,-0.999916,-1.85704,-1.05503,1.98975,1.18235,-0.97327,1.61464,-0.933511,-1.87026,-0.993591,2.04417,1.24488,-1.02968,1.6940582613000776,-0.9887904905691942,-1.8672691646679012,-1.0447091057943398,2.004492571770303,1.1872793308085683,-0.9802267962100559,1.68497,-0.991117,-1.8593,-1.0464,1.99685,1.19093,-0.980958,0.00908826130007756,0.002326509430805812,0.007969164667901207,0.001690894205660154,0.0076425717703030305,0.0036506691914317546,0.0007312037899440682,6
1.68497,-0.991117,-1.8593,-1.0464,1.99685,1.19093,-0.980958,1.60337,-0.923419,-1.87005,-0.985762,2.05253,1.25331,-1.0375,1.682058163897989,-0.9792499661804148,-1.8683384336315023,-1.0362981784220975,2.0113040898738994,1.1954502727722547,-0.9877407894331725,1.67374,-0.982155,-1.86123,-1.03784,2.00415,1.19959,-0.988729,0.008318163897989006,0.002905033819585179,0.0071084336315023755,0.0015418215779026134,0.007154089873899316,0.004139727227745249,0.0009882105668275187,7
1.67374,-0.982155,-1.86123,-1.03784,2.00415,1.19959,-0.988729,1.59215,-0.913382,-1.86902,-0.978017,2.06084,1.26195,-1.04523,1.6697662230610462,-0.9695596173156689,-1.8690761335297092,-1.0279330695427942,2.018197965177859,1.204026795672612,-0.9951221345883703,1.66249,-0.972948,-1.86298,-1.0294,2.01172,1.20822,-0.996525,0.007276223061046139,0.0033883826843311704,0.006096133529709169,0.0014669304572059172,0.006477965177859257,0.0041932043273880115,0.0014028654116297057,8
1.66249,-0.972948,-1.86298,-1.0294,2.01172,1.20822,-0.996525,1.58098,-0.903038,-1.86671,-0.971096,2.06991,1.27053,-1.05294,1.6572853550474278,-0.9595614987833707,-1.8694199532554407,-1.0197842547548426,2.0253173491420355,1.2127755016013575,-1.0023521376335591,1.65124,-0.963554,-1.8644,-1.02107,2.01946,1.21681,-1.00432,0.006045355047427758,0.003992501216629307,0.00501995325544069,0.0012857452451573437,0.005857349142035506,0.00403449839864245,0.0019678623664409756,9
1.65124,-0.963554,-1.8644,-1.02107,2.01946,1.21681,-1.00432,1.5698,-0.892593,-1.86343,-0.964303,2.0789,1.27911,-1.06044,1.6444084001282473,-0.9493317969941055,-1.8693781327335557,-1.0117398071373542,2.0324532076817157,1.2218750162491583,-1.009345042887645,1.63999,-0.954029,-1.86537,-1.01286,2.02731,1.2254,-1.01211,0.004418400128247235,0.00469720300589449,0.004008132733555714,0.0011201928626458635,0.005143207681715722,0.003524983750841759,0.0027649571123551375,10
1.63999,-0.954029,-1.86537,-1.01286,2.02731,1.2254,-1.01211,1.5586,-0.882154,-1.8604,-0.95715,2.08753,1.28778,-1.06772,1.6312983538529853,-0.939007307054349,-1.869030349047489,-1.0037574994732843,2.0395881866802736,1.2311870696340605,-1.0162036025957255,1.62876,-0.944355,-1.86574,-1.00486,2.03537,1.23399,-1.01988,0.0025383538529852867,0.0053476929456510724,0.0032903490474891495,0.0011025005267157884,0.004218186680273739,0.002802930365939371,0.0036763974042743897,11
1.62876,-0.944355,-1.86574,-1.00486,2.03537,1.23399,-1.01988,1.54749,-0.87154,-1.85722,-0.950951,2.09678,1.29655,-1.07515,1.6181284332187502,-0.9284890067879574,-1.8681054993019803,-0.996119411152684,2.0469014080863417,1.2406124134480478,-1.0228857436067857,1.61754,-0.934532,-1.86544,-0.997098,2.04362,1.24258,-1.02761,0.0005884332187502395,0.006042993212042602,0.0026654993019803452,0.0009785888473160531,0.003281408086341475,0.001967586551952172,0.004724256393214166,12
1.61754,-0.934532,-1.86544,-0.997098,2.04362,1.24258,-1.02761,1.53643,-0.8609,-1.85501,-0.945414,2.10603,1.30532,-1.08227,1.6049666916388077,-0.9178334723971646,-1.8667735844466535,-0.9887795573931523,2.0544120638794108,1.2500438775569478,-1.0295261868722456,1.60632,-0.924586,-1.86458,-0.989474,2.05197,1.25118,-1.03526,0.0013533083611922958,0.006752527602835401,0.002193584446653629,0.0006944426068477005,0.0024420638794109273,0.0011361224430521677,0.00573381312775445,13
1.60632,-0.924586,-1.86458,-0.989474,2.05197,1.25118,-1.03526,1.52534,-0.850284,-1.85299,-0.940133,2.11523,1.31415,-1.08927,1.5917008368159777,-0.9070755958661232,-1.8650637005873596,-0.9815864317272494,2.0619907580144807,1.259598730014691,-1.0360254003712697,1.59512,-0.914516,-1.86326,-0.98209,2.06046,1.25981,-1.04286,0.0034191631840223558,0.00744040413387681,0.00180370058735968,0.0005035682727506652,0.0015307580144807709,0.0002112699853091815,0.006834599628730231,14
1.59512,-0.914516,-1.86326,-0.98209,2.06046,1.25981,-1.04286,1.51421,-0.839707,-1.85155,-0.934556,2.1242,1.32312,-1.09623,1.5784293385338959,-0.8962906153180492,-1.8631817135054798,-0.9745476647803502,2.069707722743086,1.2691982195850562,-1.0424945010065423,1.58395,-0.904333,-1.86172,-0.975042,2.06911,1.26846,-1.05038,0.005520661466104082,0.008042384681950843,0.0014617135054797448,0.0004943352196498108,0.0005977227430862264,0.0007382195850562656,0.007885498993457807,15
1.58395,-0.904333,-1.86172,-0.975042,2.06911,1.26846,-1.05038,1.50295,-0.829164,-1.85083,-0.928613,2.13303,1.332,-1.103,1.5654183249315956,-0.8855532120358462,-1.8613106878282781,-0.9677209411524661,2.0776313646719435,1.2786510847803543,-1.0490107071676544,1.57279,-0.894062,-1.86007,-0.968335,2.07786,1.27715,-1.0578,0.007371675068404304,0.008508787964153774,0.0012406878282782419,0.0006140588475338493,0.0002286353280562814,0.001501084780354267,0.008789292832345641,16
1.57279,-0.894062,-1.86007,-0.968335,2.07786,1.27715,-1.0578,1.49165,-0.818648,-1.85039,-0.923098,2.14197,1.34092,-1.10962,1.552442267105997,-0.8747973718280473,-1.8594578775728587,-0.9612296011739456,2.0856723508113206,1.2881463089339205,-1.0554420704022751,1.56164,-0.883729,-1.85844,-0.961866,2.08668,1.28589,-1.06513,0.009197732894002941,0.008931628171952699,0.0010178775728586498,0.000636398826054374,0.0010076491886792383,0.002256308933920481,0.009687929597724798,17
1.56164,-0.883729,-1.85844,-0.961866,2.08668,1.28589,-1.06513,1.48031,-0.808216,-1.84924,-0.918461,2.15103,1.34962,-1.11649,1.539208201230684,-0.8639234769140993,-1.8574775562796628,-0.9550264587635326,2.093539137251916,1.2980384754447636,-1.0615461731696858,1.55048,-0.873352,-1.85696,-0.95552,2.0955,1.29466,-1.07236,0.011271798769316055,0.009428523085900697,0.0005175562796628785,0.0004935412364673875,0.001960862748084047,0.0033784754447636622,0.010813826830314177,18
1.55048,-0.873352,-1.85696,-0.95552,2.0955,1.29466,-1.07236,1.46876,-0.797894,-1.8491,-0.911825,2.15967,1.35824,-1.12302,1.5266319216948503,-0.8533966886886553,-1.8558694469225885,-0.9486256010619493,2.1016060208167184,1.307380336545605,-1.0679010938465712,1.53929,-0.862947,-1.85567,-0.949319,2.10434,1.30346,-1.07947,0.012658078305149756,0.009550311311344761,0.00019944692258855312,0.0006933989380507599,0.002733979183281665,0.003920336545604863,0.01156890615342876,19
1.53929,-0.862947,-1.85567,-0.949319,2.10434,1.30346,-1.07947,1.4573,-0.787513,-1.84838,-0.907169,2.16875,1.36703,-1.12978,1.5132496515509946,-0.8425347512088088,-1.854335038908886,-0.9426221404372092,2.1094327051452058,1.3174640292068611,-1.0737228889348598,1.52807,-0.852532,-1.85445,-0.943388,2.11322,1.31225,-1.08652,0.014820348449005483,0.009997248791191127,0.00011496109111397423,0.0007658595627908493,0.003787294854794343,0.005214029206861204,0.012797111065140143,20
1.52807,-0.852532,-1.85445,-0.943388,2.11322,1.31225,-1.08652,1.44591,-0.777023,-1.84687,-0.904046,2.17793,1.37571,-1.13651,1.498958758850213,-0.8312593178608376,-1.8527326943517881,-0.937046981525743,2.116983913412576,1.3283326119533498,-1.079040404843729,1.51679,-0.84213,-1.85339,-0.937411,2.12207,1.32101,-1.09349,0.01783124114978718,0.010870682139162424,0.000657305648211981,0.00036401847425704403,0.0050860865874238215,0.007322611953349822,0.014449595156271089,21
1.51679,-0.84213,-1.85339,-0.937411,2.12207,1.32101,-1.09349,1.43444,-0.766622,-1.84624,-0.90059,2.18696,1.38446,-1.1429,1.4845843172210902,-0.8200531822601065,-1.8515081226597674,-0.9313764751850279,2.1245934799901947,1.33913423501307,-1.08437264885129,1.50548,-0.831735,-1.85242,-0.931604,2.13094,1.32976,-1.1004,0.02089568277890974,0.011681817739893519,0.0009118773402325697,0.0002275248149721243,0.006346520009805179,0.009374235013069887,0.016027351148710123,22
1.50548,-0.831735,-1.85242,-0.931604,2.13094,1.32976,-1.1004,1.42293,-0.756235,-1.8458,-0.897166,2.19613,1.39318,-1.14931,1.4701042230521413,-0.808828957892622,-1.8504125516317564,-0.9258419613950547,2.1321951435894935,1.3500131378858526,-1.089593387439386,1.49415,-0.821327,-1.85139,-0.92626,2.13987,1.33851,-1.10728,0.02404577694785881,0.012498042107378038,0.0009774483682436497,0.00041803860494527,0.007674856410506692,0.011503137885852555,0.0176866125606141,23
1.49415,-0.821327,-1.85139,-0.92626,2.13987,1.33851,-1.10728,1.41126,-0.745859,-1.84669,-0.891308,2.20482,1.40192,-1.15523,1.4567800005359164,-0.7982141819719832,-1.8496463711010644,-0.9203564458127501,2.140316761657336,1.359776066636254,-1.0954300037773554,1.48279,-0.810916,-1.85039,-0.921307,2.14883,1.34725,-1.11408,0.026009999464083666,0.012701818028016731,0.0007436288989355333,0.0009505541872498746,0.008513238342663598,0.012526066636253885,0.018649996222644516,24
1.48279,-0.810916,-1.85039,-0.921307,2.14883,1.34725,-1.11408,1.39973,-0.735507,-1.84629,-0.88947,2.21416,1.41074,-1.16172,1.4415041794349168,-0.7867541902869946,-1.8486458922189681,-0.9157518168072043,2.1477935731881868,1.371273569565135,-1.100251164682941,1.4714,-0.800508,-1.8495,-0.916658,2.15782,1.356,-1.1208,0.02989582056508322,0.013753809713005438,0.0008541077810317876,0.0009061831927956732,0.010026426811813316,0.015273569565134926,0.02054883531705909,25
1.4714,-0.800508,-1.8495,-0.916658,2.15782,1.356,-1.1208,1.38811,-0.725175,-1.84674,-0.886591,2.22304,1.41939,-1.16765,1.4266298047171926,-0.7755148800263638,-1.847991481750527,-0.9112371000825219,2.155476931927209,1.3823663681313176,-1.1052565323865544,1.45997,-0.790107,-1.8489,-0.911882,2.16678,1.36473,-1.12738,0.033340195282807406,0.014592119973636186,0.0009085182494730226,0.0006448999174780701,0.011303068072791245,0.017636368131317637,0.022123467613445635,26
1.45997,-0.790107,-1.8489,-0.911882,2.16678,1.36473,-1.12738,1.37653,-0.714871,-1.8479,-0.88302,2.23203,1.42823,-1.17345,1.4120919639420162,-0.7645456170807867,-1.847766805503354,-0.9065126061244043,2.1633311734861516,1.3930772172201618,-1.1103940115981434,1.44851,-0.779714,-1.8484,-0.907503,2.17578,1.37349,-1.13392,0.03641803605798377,0.015168382919213297,0.0006331944966460057,0.0009903938755956299,0.012448826513848488,0.019587217220161657,0.0235259884018566,27
1.44851,-0.779714,-1.8484,-0.907503,2.17578,1.37349,-1.13392,1.36491,-0.704477,-1.8483,-0.881276,2.24113,1.43687,-1.1792,1.3963194077289742,-0.7529682082152898,-1.8474858162425516,-0.9023658742045039,2.1707924681328095,1.404914508678992,-1.1148715338064539,1.43702,-0.769333,-1.84805,-0.903471,2.18478,1.38223,-1.14036,0.04070059227102574,0.016364791784710286,0.0005641837574483777,0.0011051257954961535,0.013987531867190484,0.022684508678991966,0.025488466193546166,28
1.43702,-0.769333,-1.84805,-0.903471,2.18478,1.38223,-1.14036,1.35292,-0.693678,-1.87094,-0.866707,2.2476,1.44554,-1.17665,1.3921506798686405,-0.746240864480874,-1.853268857826826,-0.896630698623407,2.1837267528124635,1.405748167006954,-1.125619369739619,1.42551,-0.758965,-1.84796,-0.899564,2.19377,1.39098,-1.14668,0.03335932013135956,0.01272413551912599,0.005308857826825886,0.0029333013765929783,0.010043247187536686,0.014768167006953936,0.021060630260380853,29
1.42551,-0.758965,-1.84796,-0.899564,2.19377,1.39098,-1.14668,1.34139,-0.684654,-1.85566,-0.872768,2.25751,1.45512,-1.18875,1.3684958713328168,-0.7325912941358805,-1.8491145690873698,-0.8940747285192648,2.1874680440550502,1.4246361605928914,-1.1262195963077992,1.41398,-0.748597,-1.84801,-0.896002,2.20278,1.39972,-1.15289,0.04548412866718321,0.016005705864119424,0.0011045690873698888,0.0019272714807351266,0.01531195594494994,0.024916160592891368,0.02667040369220075,30
1.41398,-0.748597,-1.84801,-0.896002,2.20278,1.39972,-1.15289,1.32989,-0.673854,-1.85126,-0.875491,2.26651,1.46284,-1.19525,1.3488162583080268,-0.7188824379152325,-1.8482956588375035,-0.8912111861162793,2.1932404137367314,1.4402744464332127,-1.1281169299246783,1.40238,-0.738162,-1.85151,-0.89085,2.21141,1.40844,-1.15775,0.0535637416919732,0.019279562084767443,0.0032143411624965257,0.0003611861162792218,0.018169586263268478,0.03183444643321276,0.029633070075321788,31
1.40238,-0.738162,-1.85151,-0.89085,2.21141,1.40844,-1.15775,1.31846,-0.663787,-1.85913,-0.882566,2.27614,1.47212,-1.19897,1.3290856322671374,-0.7056439857504426,-1.853270118189923,-0.8876099806796789,2.1996058684825908,1.4555051799325671,-1.129977288646532,1.39077,-0.727924,-1.85306,-0.886962,2.22013,1.41729,-1.16336,0.06168436773286268,0.02228001424955739,0.00021011818992300313,0.0006479806796788612,0.020524131517409394,0.03821517993256718,0.03338271135346793,32
1.39077,-0.727924,-1.85306,-0.886962,2.22013,1.41729,-1.16336,1.30658,-0.653252,-1.85707,-0.883319,2.2852,1.4805,-1.20235,1.310805219625296,-0.692931419149281,-1.854064789370205,-0.8843882346812426,2.2062185508296808,1.4695527463479099,-1.1323894442053162,1.37918,-0.717658,-1.85291,-0.884548,2.22895,1.426,-1.16941,0.06837478037470412,0.024726580850718993,0.0011547893702048562,0.00015976531875738775,0.02273144917031944,0.043552746347909954,0.037020555794683885,33
1.37918,-0.717658,-1.85291,-0.884548,2.22895,1.426,-1.16941,1.29497,-0.642724,-1.85608,-0.882093,2.29426,1.48948,-1.20669,1.2945832562296076,-0.6815964990613839,-1.8539107649239772,-0.8820711831584888,2.2136730097970334,1.481477939174078,-1.1364589196132913,1.36762,-0.707397,-1.85378,-0.88382,2.2379,1.43476,-1.17512,0.07303674377039249,0.02580050093861619,0.0001307649239772335,0.0017488168415112915,0.02422699020296637,0.04671793917407796,0.03866108038670868,34
1.36762,-0.707397,-1.85378,-0.88382,2.2379,1.43476,-1.17512,1.28334,-0.632459,-1.85881,-0.884273,2.30301,1.49829,-1.21034,1.2780013812315598,-0.6700093362096424,-1.8555650366533947,-0.8816362732640318,2.2212168343977496,1.4938646207094566,-1.1400770438573222,1.35601,-0.697104,-1.85453,-0.883685,2.2469,1.44348,-1.18039,0.07800861876844012,0.02709466379035752,0.0010350366533946609,0.0020487267359682315,0.02568316560225048,0.050384620709456485,0.040312956142677825,35
1.35601,-0.697104,-1.85453,-0.883685,2.2469,1.44348,-1.18039,1.2717,-0.622166,-1.85983,-0.886989,2.31202,1.50679,-1.21439,1.261425224074503,-0.658231988621629,-1.8567756148289836,-0.8817543175195035,2.2285978609453374,1.5064206995760454,-1.1431086239730768,1.3444,-0.686763,-1.85489,-0.883425,2.25591,1.45222,-1.18543,0.08297477592549707,0.028531011378370996,0.0018856148289836394,0.0016706824804965104,0.027312139054662676,0.05420069957604534,0.04232137602692321,36
1.3444,-0.686763,-1.85489,-0.883425,2.25591,1.45222,-1.18543,1.26003,-0.611962,-1.86129,-0.889718,2.32082,1.51541,-1.21824,1.2446316982005374,-0.6464612172928212,-1.8578901100326826,-0.8817467714263187,2.235964227876494,1.5191394432010843,-1.1459844700210227,1.33278,-0.676426,-1.85554,-0.883492,2.26488,1.46099,-1.19022,0.08814830179946265,0.029964782707178728,0.0023501100326825952,0.0017452285736813122,0.0289157721235056,0.05814944320108428,0.044235529978977395,37
1.33278,-0.676426,-1.85554,-0.883492,2.26488,1.46099,-1.19022,1.24834,-0.601748,-1.86396,-0.893497,2.3293,1.52416,-1.22189,1.227452587784156,-0.6345591528269339,-1.8596318256962598,-0.882164584528257,2.2431839409189367,1.5322704326887941,-1.1485322723402545,1.32116,-0.666098,-1.85635,-0.884061,2.27385,1.46971,-1.19484,0.09370741221584389,0.0315388471730661,0.003281825696259899,0.0018964154717430182,0.030666059081063235,0.06256043268879408,0.046307727659745446,38
1.32116,-0.666098,-1.85635,-0.884061,2.27385,1.46971,-1.19484,1.23666,-0.591502,-1.86641,-0.896923,2.33758,1.53295,-1.22524,1.2108273162084302,-0.6229479098119965,-1.8613989637882788,-0.882972212598686,2.2505827020111653,1.54486125324892,-1.151178450594583,1.30953,-0.655791,-1.85726,-0.88506,2.28279,1.47841,-1.19933,0.09870268379156988,0.032843090188003465,0.004138963788278938,0.0020877874013139897,0.03220729798883459,0.0664512532489201,0.04815154940541699,39
1.30953,-0.655791,-1.85726,-0.88506,2.28279,1.47841,-1.19933,1.22498,-0.581343,-1.86902,-0.902329,2.34594,1.54179,-1.22862,1.1935358777761254,-0.6110593544494944,-1.863385980082356,-0.8844760826594574,2.2576872560039005,1.5581634562982694,-1.1534036427425127,1.29788,-0.645503,-1.85847,-0.886563,2.29166,1.48712,-1.20365,0.10434412222387457,0.03444364555050561,0.004915980082355942,0.00208691734054256,0.033972743996099286,0.07104345629826936,0.050246357257487384,40
1.29788,-0.645503,-1.85847,-0.886563,2.29166,1.48712,-1.20365,1.21329,-0.571253,-1.87253,-0.909667,2.35404,1.55062,-1.23169,1.1758139588114114,-0.5989339192817622,-1.8659692089155788,-0.8867469140430182,2.2645618985213307,1.5720541371561945,-1.1552143673195305,1.28623,-0.635224,-1.85994,-0.888466,2.30042,1.49584,-1.20779,0.11041604118858861,0.036290080718237805,0.006029208915578899,0.0017190859569817807,0.03585810147866919,0.0762141371561944,0.052575632680469386,41
1.28623,-0.635224,-1.85994,-0.888466,2.30042,1.49584,-1.20779,1.20163,-0.561271,-1.87576,-0.918006,2.36211,1.55956,-1.23453,1.158456193629009,-0.5869695934873114,-1.8686923852049655,-0.8895912697708708,2.2713595466569205,1.5858391185544645,-1.156964890913623,1.27458,-0.624966,-1.86163,-0.890974,2.3091,1.50458,-1.21179,0.11612380637099107,0.03799640651268865,0.007062385204965604,0.0013827302291292698,0.037740453343079405,0.08125911855446444,0.054825109086376944,42
1.27458,-0.624966,-1.86163,-0.890974,2.3091,1.50458,-1.21179,1.18994,-0.551293,-1.87993,-0.925626,2.37011,1.56862,-1.23691,1.1419705491552774,-0.5754750624603993,-1.8717557619060274,-0.8928340068836622,2.278431793344842,1.5988098684481442,-1.158938488702784,1.26292,-0.614738,-1.86363,-0.894354,2.31767,1.51334,-1.21561,0.12094945084472264,0.03926293753960075,0.00812576190602754,0.00151999311633777,0.03923820665515798,0.0854698684481443,0.05667151129721604,43
1.26292,-0.614738,-1.86363,-0.894354,2.31767,1.51334,-1.21561,1.17836,-0.541414,-1.88463,-0.935009,2.37871,1.57777,-1.23907,1.1259304876851326,-0.5641184922065514,-1.8753369022298256,-0.897151902806348,2.2855418640020284,1.6116683750867868,-1.1608161444480916,1.25125,-0.604553,-1.8659,-0.898674,2.32615,1.52213,-1.21924,0.12531951231486738,0.04043450779344859,0.009436902229825739,0.0015220971936519279,0.04060813599797175,0.08953837508678686,0.05842385555190854,44
1.25125,-0.604553,-1.8659,-0.898674,2.32615,1.52213,-1.21924,1.16678,-0.531439,-1.88924,-0.943936,2.38678,1.58673,-1.24033,1.1103950375598064,-0.5527474008049753,-1.8790866948252258,-0.9022060777659064,2.2928615036100863,1.6241153701363298,-1.162447789212144,1.23959,-0.59441,-1.8685,-0.903686,2.33453,1.53096,-1.22265,0.12919496244019357,0.041662599195024685,0.010586694825225784,0.0014799222340935447,0.041668496389913656,0.09315537013632968,0.060202210787855925,45
1.23959,-0.59441,-1.8685,-0.903686,2.33453,1.53096,-1.22265,1.15522,-0.521789,-1.89384,-0.953301,2.39435,1.59544,-1.24004,1.0951885430003339,-0.5412456982671385,-1.8830765793204227,-0.9080382949583852,2.300434018722851,1.6364061357470123,-1.163614283394383,1.22793,-0.584315,-1.87149,-0.909486,2.34293,1.53986,-1.22582,0.1327414569996661,0.0430693017328615,0.011586579320422619,0.001447705041614844,0.04249598127714904,0.09654613574701232,0.06220571660561691,46
1.22793,-0.584315,-1.87149,-0.909486,2.34293,1.53986,-1.22582,1.14359,-0.512141,-1.89944,-0.961314,2.40125,1.60411,-1.23801,1.080675377554706,-0.5298172871620059,-1.8873897724793416,-0.9143475497826264,2.3086304103086324,1.6479389670153057,-1.1644400976566758,1.21568,-0.573741,-1.87505,-0.916423,2.35169,1.54924,-1.22864,0.1350046224452941,0.04392371283799401,0.012339772479341482,0.0020754502173735423,0.043059589691367695,0.09869896701530578,0.06419990234332418,47
1.21568,-0.573741,-1.87505,-0.916423,2.35169,1.54924,-1.22864,1.1313,-0.501788,-1.90712,-0.96908,2.4095,1.61337,-1.23906,1.066129700751473,-0.5184188446229425,-1.8930459702471953,-0.9211118451609053,2.3169757021315998,1.6593693810032755,-1.1659028727575873,1.20418,-0.563843,-1.87858,-0.923331,2.35983,1.55803,-1.23092,0.13805029924852708,0.04542415537705746,0.014465970247195425,0.002219154839094739,0.04285429786840034,0.10133938100327544,0.06501712724241271,48
1.20418,-0.563843,-1.87858,-0.923331,2.35983,1.55803,-1.23092,1.11989,-0.492848,-1.91465,-0.980384,2.41669,1.62193,-1.23915,1.0526933890537533,-0.5074866174445096,-1.8988684824570856,-0.9287494730758213,2.3246920705833625,1.6707396181042462,-1.166548224424024,1.19265,-0.553994,-1.88247,-0.930522,2.36776,1.56681,-1.23243,0.13995661094624667,0.04650738255549036,0.016398482457085528,0.001772526924178619,0.04306792941663762,0.10392961810424617,0.06588177557597596,49
1.19265,-0.553994,-1.88247,-0.930522,2.36776,1.56681,-1.23243,1.10841,-0.48394,-1.9239,-0.990204,2.42409,1.63022,-1.24164,1.0396198990384682,-0.4969861746889699,-1.9059419444330803,-0.9358986787268254,2.3320526622196054,1.6815421118923282,-1.1674943573237,1.18101,-0.544079,-1.88702,-0.93784,2.37569,1.57565,-1.2337,0.1413901009615317,0.047092825311030095,0.018921944433080373,0.00194132127317459,0.04363733778039469,0.10589211189232817,0.06620564267630002,50
1.18101,-0.544079,-1.88702,-0.93784,2.37569,1.57565,-1.2337,1.09684,-0.475208,-1.93229,-0.999769,2.4305,1.63885,-1.24289,1.027801165969104,-0.4869911660630286,-1.9127718182337559,-0.9432744246240037,2.339781639444257,1.6912801190046,-1.1687226200852483,1.16936,-0.534291,-1.89218,-0.945786,2.38352,1.58447,-1.23478,0.14155883403089597,0.04729983393697135,0.020591818233755887,0.0025115753759963333,0.04373836055574287,0.10681011900460002,0.06605737991475169,51
1.16936,-0.534291,-1.89218,-0.945786,2.38352,1.58447,-1.23478,1.08525,-0.466364,-1.94121,-1.00952,2.43723,1.64718,-1.24344,1.015714529287965,-0.4765518652662768,-1.9203609490977804,-0.9512140958826705,2.3476111750757203,1.7011737948404364,-1.169297824534397,1.15776,-0.524677,-1.89806,-0.954174,2.39126,1.59319,-1.23603,0.14204547071203488,0.04812513473372315,0.022300949097780354,0.0029599041173294927,0.04364882492427968,0.1079837948404363,0.06673217546560295,52
1.15776,-0.524677,-1.89806,-0.954174,2.39126,1.59319,-1.23603,1.07368,-0.457841,-1.94921,-1.0194,2.44284,1.65579,-1.24163,1.0051707651648374,-0.466602455337926,-1.9274234888976225,-0.959918436672653,2.356054340780224,1.7097407464228187,-1.170065073621,1.14555,-0.514766,-1.90496,-0.963323,2.39913,1.60232,-1.23737,0.14037923483516268,0.048163544662073954,0.022463488897622508,0.0034045633273470655,0.043075659219776075,0.10742074642281874,0.06730492637899999,53
1.14555,-0.514766,-1.90496,-0.963323,2.39913,1.60232,-1.23737,1.06128,-0.448138,-1.96033,-1.02929,2.44839,1.66444,-1.24515,0.9932793169429469,-0.4561859149823997,-1.936662174111155,-0.9685362505812909,2.3631310895122977,1.7195955375644996,-1.171257114890938,1.13408,-0.505537,-1.91176,-0.97207,2.4064,1.61087,-1.23855,0.14080068305705307,0.04935108501760033,0.02490217411115503,0.003533749418709098,0.04326891048770243,0.10872553756449954,0.06729288510906195,54
1.13408,-0.505537,-1.91176,-0.97207,2.4064,1.61087,-1.23855,1.05002,-0.441439,-1.96903,-1.04006,2.45321,1.67255,-1.24125,0.9841368176809803,-0.4467553306569546,-1.9446246566475027,-0.9780283811962404,2.3721603944562717,1.7270429954030901,-1.17218609008976,1.12259,-0.496434,-1.91885,-0.981037,2.4134,1.61941,-1.23925,0.1384531823190197,0.04967866934304538,0.02577465664750278,0.0030086188037596884,0.04123960554372852,0.10763299540309013,0.06706390991023992,55
1.12259,-0.496434,-1.91885,-0.981037,2.4134,1.61941,-1.23925,1.03858,-0.434335,-1.97774,-1.05029,2.45803,1.6806,-1.23952,0.9747373440515946,-0.4375952585843933,-1.952821206244102,-0.9872546599778526,2.380197249773569,1.7345616615073807,-1.1731699877240827,1.11096,-0.487267,-1.92659,-0.990187,2.42011,1.62798,-1.24026,0.13622265594840532,0.04967174141560671,0.026231206244101912,0.002932340022147484,0.03991275022643137,0.10658166150738069,0.06709001227591727,56
1.11096,-0.487267,-1.92659,-0.990187,2.42011,1.62798,-1.24026,1.02698,-0.426847,-1.98727,-1.06071,2.45925,1.68924,-1.23735,0.9687746577287338,-0.42936138328729045,-1.960583673542706,-0.9968599706062818,2.388153042836905,1.7400258279717777,-1.1750750614693888,1.09934,-0.47845,-1.93464,-0.999618,2.42648,1.63648,-1.24064,0.13056534227126615,0.04908861671270953,0.025943673542706103,0.0027580293937181644,0.03832695716309509,0.1035458279717778,0.06556493853061118,57
1.09934,-0.47845,-1.93464,-0.999618,2.42648,1.63648,-1.24064,1.01538,-0.420848,-1.99815,-1.07144,2.46159,1.69666,-1.23825,0.9608900927661387,-0.4211104089884905,-1.9700691949583624,-1.006242168286613,2.395030832954509,1.7466601729399158,-1.1769485522335592,1.08777,-0.469994,-1.94282,-1.00923,2.43254,1.64489,-1.2405,0.12687990723386122,0.04888359101150952,0.02724919495836242,0.0029878317133871235,0.03750916704549079,0.10177017293991586,0.06355144776644073,58
1.08777,-0.469994,-1.94282,-1.00923,2.43254,1.64489,-1.2405,1.00402,-0.416815,-2.00792,-1.08275,2.45951,1.70476,-1.23639,0.9590503043564561,-0.4158525322853852,-1.977427389947845,-1.0163827978095608,2.402547962613529,1.7489762465006096,-1.180470854708288,1.07621,-0.461749,-1.95123,-1.019,2.4378,1.65332,-1.23997,0.117159695643544,0.04589646771461481,0.02619738994784493,0.0026172021904391496,0.03525203738647109,0.09565624650060967,0.05949914529171196,59
1.07621,-0.461749,-1.95123,-1.019,2.4378,1.65332,-1.23997,0.992539,-0.413963,-2.0189,-1.09329,2.44943,1.71253,-1.23168,0.9641870588177701,-0.41249098260268313,-1.9830316094969564,-1.0268966876571983,2.4095773265997793,1.7470851083756993,-1.184508708165776,1.06579,-0.454479,-1.95898,-1.02788,2.4422,1.66087,-1.2395,0.1016029411822299,0.04198801739731689,0.024051609496956505,0.0009833123428015789,0.03262267340022085,0.08621510837569923,0.05499129183422413,60
1.06579,-0.454479,-1.95898,-1.02788,2.4422,1.66087,-1.2395,0.982599,-0.421421,-2.02814,-1.10347,2.42461,1.71902,-1.22301,0.9799451386024405,-0.4165020227405214,-1.9829147771214142,-1.0377202241547803,2.413530924554133,1.7383452328995586,-1.1917246863409792,1.05401,-0.447164,-1.96827,-1.03828,2.44575,1.66923,-1.23897,0.07406486139755941,0.030661977259478612,0.01464477712141421,0.0005597758452198232,0.032219075445866885,0.06911523289955857,0.04724531365902074,61
1.05401,-0.447164,-1.96827,-1.03828,2.44575,1.66923,-1.23897,0.971225,-0.439651,-2.03849,-1.11494,2.39404,1.7267,-1.216,0.9854986765426454,-0.421994922750212,-1.9830505478790532,-1.0499451801792885,2.4077087857027495,1.7375969256373014,-1.1955565489115907,1.04231,-0.440682,-1.97785,-1.04874,2.44696,1.67749,-1.23774,0.05681132345735462,0.01868707724978802,0.005200547879053108,0.0012051801792885009,0.039251214297250314,0.06010692563730147,0.042183451088409374,62
1.04231,-0.440682,-1.97785,-1.04874,2.44696,1.67749,-1.23774,0.961294,-0.46915,-2.04856,-1.12684,2.38361,1.7365,-1.20706,0.9760167347732205,-0.4272365720347201,-1.99005139367846,-1.0613499389540992,2.406589540275764,1.7398812980968117,-1.2032119077703216,1.03088,-0.436493,-1.98743,-1.05917,2.44367,1.68546,-1.23521,0.054863265226779534,0.009256427965279923,0.002621393678460038,0.002179938954099292,0.037080459724236015,0.05442129809681173,0.03199809222967831,63
1.03088,-0.436493,-1.98743,-1.05917,2.44367,1.68546,-1.23521,0.952865,-0.48664,-2.05611,-1.13887,2.37854,1.74408,-1.19746,0.9644249459864056,-0.42925236439622544,-1.9990489095053183,-1.0722580410005846,2.4057230365428097,1.7438163441884704,-1.2067639635199026,1.01952,-0.436265,-1.99712,-1.06974,2.43522,1.69332,-1.23171,0.05509505401359438,0.007012635603774575,0.0019289095053183214,0.0025180410005847254,0.02949696345719044,0.05049634418847049,0.024946036480097522,64
1.01952,-0.436265,-1.99712,-1.06974,2.43522,1.69332,-1.23171,0.944779,-0.498509,-2.06319,-1.15087,2.37077,1.75318,-1.18711,0.9504688287206163,-0.43181057012552465,-2.0086544368242243,-1.0834200077796075,2.3989040120473475,1.7507607552499231,-1.2055886832540659,1.00839,-0.44143,-2.0069,-1.08056,2.42543,1.70146,-1.22722,0.057921171279383565,0.009619429874475338,0.0017544368242243813,0.0028600077796074874,0.026525987952652486,0.04930075524992317,0.021631316745934104,65
1.00839,-0.44143,-2.0069,-1.08056,2.42543,1.70146,-1.22722,0.934442,-0.510409,-2.07381,-1.16145,2.36506,1.7658,-1.1816,0.9393328177666167,-0.4388598047093173,-2.0218982750747965,-1.0938825800474037,2.3909475335468193,1.756164126838837,-1.20336587582901,0.997722,-0.449615,-2.01635,-1.09161,2.41632,1.7096,-1.22174,0.0583891822333833,0.010755195290682695,0.005548275074796383,0.002272580047403716,0.025372466453180476,0.04656412683883704,0.018374124170990047,66
0.997722,-0.449615,-2.01635,-1.09161,2.41632,1.7096,-1.22174,0.925086,-0.522014,-2.08369,-1.17211,2.3565,1.7737,-1.17613,0.9325154415478076,-0.4491479494314226,-2.0318046944540638,-1.1045829686788735,2.383612971893495,1.7604390058848929,-1.2001642607546636,0.987553,-0.458799,-2.02535,-1.10286,2.40761,1.71785,-1.21533,0.05503755845219238,0.009651050568577402,0.00645469445406377,0.0017229686788735599,0.02399702810650517,0.04258900588489278,0.015165739245336374,67
0.987553,-0.458799,-2.02535,-1.10286,2.40761,1.71785,-1.21533,0.916252,-0.533107,-2.09381,-1.18304,2.3484,1.78158,-1.17101,0.9272818657596044,-0.46032568006880487,-2.0415295911956335,-1.1154443952278514,2.3767822247392956,1.7644534887481134,-1.1961933900725565,0.977456,-0.468523,-2.03451,-1.11403,2.3994,1.72681,-1.20887,0.05017413424039563,0.008197319931195157,0.007019591195633446,0.0014143952278513616,0.02261777526070441,0.03764348874811341,0.01267660992744335,68
0.977456,-0.468523,-2.03451,-1.11403,2.3994,1.72681,-1.20887,0.905883,-0.54454,-2.10554,-1.19391,2.33983,1.78949,-1.16664,0.9232903843075938,-0.4722606162352714,-2.0514153375763744,-1.126194297287391,2.3698147479184275,1.7685005805436362,-1.191616312224732,0.967461,-0.478636,-2.04384,-1.1251,2.39126,1.73578,-1.2026,0.04417061569240621,0.006375383764728626,0.007575337576374519,0.0010942972873910772,0.02144525208157244,0.032720580543636135,0.010983687775267814,69
0.967461,-0.478636,-2.04384,-1.1251,2.39126,1.73578,-1.2026,0.896204,-0.555832,-2.11632,-1.20493,2.33257,1.79712,-1.16295,0.9194419408262754,-0.48463637402481385,-2.061149077851005,-1.1368778479166821,2.363382044317072,1.772458891754529,-1.187715785370485,0.957672,-0.488968,-2.05332,-1.13613,2.3831,1.74454,-1.19655,0.03823005917372457,0.00433162597518616,0.007829077851005284,0.0007478479166820318,0.019717955682928334,0.027918891754528996,0.008834214629515058,70
0.957672,-0.488968,-2.05332,-1.13613,2.3831,1.74454,-1.19655,0.886413,-0.567029,-2.12694,-1.21582,2.3253,1.80458,-1.16105,0.916818252799524,-0.49767063311909054,-2.070945551952911,-1.147360897610482,2.3566061828350744,1.7756376773345974,-1.1842745638631431,0.947841,-0.499504,-2.06317,-1.14714,2.37488,1.75312,-1.19079,0.031022747200476042,0.0018333668809094594,0.0077755519529110195,0.00022089761048205148,0.01827381716492571,0.02251767733459742,0.0065154361368569,71
0.947841,-0.499504,-2.06317,-1.14714,2.37488,1.75312,-1.19079,0.875956,-0.578068,-2.13785,-1.22673,2.31861,1.81183,-1.1604,0.9145140974880598,-0.5108727993549014,-2.081185669221099,-1.1577643959366104,2.349691918137181,1.7783225057413135,-1.1810194729369456,0.938007,-0.510196,-2.07326,-1.15813,2.36679,1.76153,-1.18542,0.02349290251194025,0.0006767993549013918,0.007925669221099163,0.00036560406338970175,0.017098081862819026,0.016792505741313413,0.0044005270630542714,72
0.938007,-0.510196,-2.07326,-1.15813,2.36679,1.76153,-1.18542,0.865331,-0.589135,-2.14898,-1.23766,2.31232,1.81838,-1.16093,0.9135408373105195,-0.5245916906953264,-2.091347167110277,-1.168108837541824,2.34311350959218,1.7798957427450284,-1.1784930974022099,0.928187,-0.520994,-2.08345,-1.16912,2.35887,1.76976,-1.18065,0.01464616268948049,0.00359769069532645,0.007897167110276992,0.001011162458175896,0.015756490407820234,0.010135742745028375,0.0021569025977901113,73
0.928187,-0.520994,-2.08345,-1.16912,2.35887,1.76976,-1.18065,0.855036,-0.60038,-2.15967,-1.24848,2.30666,1.82477,-1.16192,0.9124350232181503,-0.5384115982300309,-2.101366434592472,-1.178456896537906,2.3368328835665473,1.7813467466650292,-1.1765986738883294,0.918271,-0.531847,-2.09378,-1.18008,2.35116,1.7778,-1.17665,0.005835976781849661,0.006564598230030971,0.007586434592471658,0.0016231034620939333,0.014327116433452858,0.003546746665029188,5.132611167057988e-05,74
0.918271,-0.531847,-2.09378,-1.18008,2.35116,1.7778,-1.17665,0.844588,-0.611618,-2.17041,-1.25919,2.3005,1.831,-1.16366,0.9125433650684286,-0.5526034530342266,-2.111104116657768,-1.1887803238025363,2.330462825884348,1.7820661539304272,-1.1754678649659116,0.908222,-0.542742,-2.10425,-1.19104,2.34372,1.78558,-1.17349,0.0043213650684286176,0.009861453034226697,0.006854116657768028,0.0022596761974638113,0.01325717411565197,0.0035138460695727236,0.00197786496591168,75
0.908222,-0.542742,-2.10425,-1.19104,2.34372,1.78558,-1.17349,0.833997,-0.622753,-2.18136,-1.26989,2.29357,1.83699,-1.16612,0.9146941633880225,-0.5673162896738285,-2.12046288150603,-1.199140014991316,2.3241000919107324,1.7815584739773505,-1.1753455414473195,0.898108,-0.553698,-2.11479,-1.20198,2.3366,1.79309,-1.17114,0.016586163388022435,0.013618289673828499,0.005672881506029626,0.0028399850086839873,0.012499908089267375,0.011531526022649619,0.004205541447319439,76
0.898108,-0.553698,-2.11479,-1.20198,2.3366,1.79309,-1.17114,0.823399,-0.633905,-2.19236,-1.28055,2.28693,1.84276,-1.17021,0.9193769830675703,-0.5828692150586094,-2.129532752854963,-1.20941466040963,2.3181287323865654,1.7793260774759478,-1.1767092999770095,0.887935,-0.56471,-2.12537,-1.21288,2.3297,1.80035,-1.16957,0.03144198306757029,0.0181592150586094,0.0041627528549628146,0.003465339590369876,0.011571267613434522,0.021023922524052052,0.007139299977009461,77
0.887935,-0.56471,-2.12537,-1.21288,2.3297,1.80035,-1.16957,0.812672,-0.645162,-2.20326,-1.29108,2.28134,1.8481,-1.17726,0.9287205074061343,-0.6001239381993434,-2.1380740926652417,-1.219440014696162,2.3127826649048893,1.7738909553943647,-1.1803856081351847,0.877686,-0.575752,-2.13601,-1.22373,2.32282,1.80737,-1.16877,0.051034507406134355,0.024371938199343357,0.002064092665241546,0.004289985303838062,0.010037335095110844,0.03347904460563522,0.011615608135184585,78
0.877686,-0.575752,-2.13601,-1.22373,2.32282,1.80737,-1.16877,0.801674,-0.656398,-2.21413,-1.30148,2.2767,1.85324,-1.18442,0.938529606396462,-0.6173955192150338,-2.1465080714092073,-1.2294854868702196,2.3076171477731404,1.7679766465350304,-1.184814028202826,0.867367,-0.586815,-2.14672,-1.23455,2.31598,1.81415,-1.16886,0.07116260639646199,0.030580519215033797,0.00021192859079288695,0.005064513129780401,0.00836285222685973,0.046173353464969535,0.015954028202826098,79
0.867367,-0.586815,-2.14672,-1.23455,2.31598,1.81415,-1.16886,0.789938,-0.66729,-2.22439,-1.312,2.27464,1.85986,-1.18549,0.9283898056248218,-0.6275536479205417,-2.1577979571810033,-1.2401339504480946,2.3011736994522787,1.7741725493410916,-1.183920060006711,0.856973,-0.597912,-2.15748,-1.24532,2.30934,1.82066,-1.1702,0.07141680562482178,0.02964164792054169,0.00031795718100324777,0.005186049551905381,0.008166300547721494,0.04648745065890836,0.01372006000671111,80
0.856973,-0.597912,-2.15748,-1.24532,2.30934,1.82066,-1.1702,0.777592,-0.677426,-2.23293,-1.32269,2.2742,1.86882,-1.17194,0.8827787534297348,-0.6245916559934837,-2.173329569283973,-1.2521605146041805,2.292898303745879,1.8021924691736386,-1.1728531014658736,0.846472,-0.609037,-2.16825,-1.25602,2.30306,1.82691,-1.1727,0.03630675342973477,0.015554655993483602,0.005079569283973129,0.003859485395819373,0.010161696254120667,0.02471753082636141,0.00015310146587355078,81
0.846472,-0.609037,-2.16825,-1.25602,2.30306,1.82691,-1.1727,0.765198,-0.686527,-2.2388,-1.33295,2.27611,1.87845,-1.14704,0.8254961408474345,-0.6158452709395268,-2.1888694414797136,-1.2652099269374908,2.2859010353936795,1.8373356248781398,-1.1579944297994258,0.835759,-0.620133,-2.17896,-1.26668,2.29749,1.83317,-1.1752,0.010262859152565529,0.004287729060473255,0.009909441479713621,0.0014700730625092362,0.011588964606320307,0.004165624878139873,0.017205570200574227,82
0.835759,-0.620133,-2.17896,-1.26668,2.29749,1.83317,-1.1752,0.753103,-0.694677,-2.24283,-1.34164,2.27137,1.88664,-1.13807,0.8008551147276789,-0.6200032949564902,-2.1976418120296692,-1.2762634880653305,2.2780828480612514,1.8529461830484526,-1.152931806128236,0.824749,-0.631072,-2.18931,-1.27734,2.29287,1.83985,-1.17519,0.023893885272321058,0.011068705043509763,0.008331812029669372,0.0010765119346693997,0.0147871519387488,0.013096183048452614,0.022258193871763865,83
0.824749,-0.631072,-2.18931,-1.27734,2.29287,1.83985,-1.17519,0.740631,-0.701308,-2.24668,-1.35023,2.31019,1.89014,-1.13917,0.7495125406151947,-0.6117943781748515,-2.2212664865839953,-1.2863681434167364,2.279280317576613,1.883113100834938,-1.1429083660567292,0.813466,-0.641694,-2.1989,-1.28794,2.28944,1.84709,-1.17075,0.06395345938480534,0.029899621825148492,0.022366486583995204,0.0015718565832636422,0.01015968242338694,0.03602310083493809,0.02784163394327077,84
0.813466,-0.641694,-2.1989,-1.28794,2.28944,1.84709,-1.17075,0.73034,-0.709599,-2.26755,-1.3621,2.32626,1.88862,-1.14453,0.7431859484848512,-0.6209295366341505,-2.2388467553402505,-1.2974419758240914,2.2826572115290835,1.88768617523075,-1.1403643411455195,0.802007,-0.651868,-2.20746,-1.29823,2.28606,1.85458,-1.16466,0.058821051515148826,0.03093846336584949,0.03138675534025026,0.0007880241759086193,0.0034027884709164624,0.03310617523075021,0.024295658854480484,85
0.802007,-0.651868,-2.20746,-1.29823,2.28606,1.85458,-1.16466,0.717412,-0.709879,-2.26443,-1.36143,2.33817,1.8932,-1.14541,0.7069871559101523,-0.6214173787948383,-2.2479885650040634,-1.3042681909949665,2.275000194111524,1.913373017194588,-1.12693300106719,0.790364,-0.661408,-2.21509,-1.30819,2.28904,1.8615,-1.15953,0.08337684408984769,0.039990621205161725,0.03289856500406341,0.003921809005033472,0.014039805888475865,0.051873017194588034,0.03259699893280987,86
0.790364,-0.661408,-2.21509,-1.30819,2.28904,1.8615,-1.15953,0.704612,-0.711209,-2.27785,-1.36736,2.352,1.88293,-1.15411,0.7132355039227077,-0.6344082616929944,-2.2542329194598683,-1.3132118993025321,2.2811617849716663,1.9113176538767431,-1.125999156864741,0.778888,-0.67062,-2.22456,-1.31837,2.2957,1.86698,-1.15629,0.06565249607729229,0.036211738307005636,0.029672919459868385,0.0051581006974679156,0.014538215028333745,0.044337653876743044,0.030290843135259093,87
0.778888,-0.67062,-2.22456,-1.31837,2.2957,1.86698,-1.15629,0.692688,-0.703203,-2.28667,-1.37326,2.3627,1.87183,-1.16366,0.706692405361082,-0.6358142741049843,-2.260491105041485,-1.3221557876174703,2.2840624388019632,1.9210253113036382,-1.1167437324539893,0.767246,-0.67843,-2.23266,-1.32698,2.3036,1.87199,-1.15408,0.06055359463891796,0.04261572589501572,0.027831105041484783,0.0048242123825297245,0.019537561198036624,0.04903531130363814,0.037336267546010715,88
0.767246,-0.67843,-2.23266,-1.32698,2.3036,1.87199,-1.15408,0.680484,-0.696024,-2.29648,-1.37508,2.36797,1.86913,-1.15739,0.6614698165595186,-0.6222926261041205,-2.2721950920768386,-1.3295573699813281,2.285246164739457,1.9535609074964058,-1.0951774318248317,0.755368,-0.684899,-2.24103,-1.33475,2.3126,1.87465,-1.15368,0.0938981834404814,0.06260637389587953,0.031165092076838707,0.005192630018671984,0.027353835260543136,0.07891090749640584,0.0585025681751683,89
0.755368,-0.684899,-2.24103,-1.33475,2.3126,1.87465,-1.15368,0.66839,-0.683664,-2.30701,-1.37809,2.36906,1.85647,-1.13684,0.5891523809785216,-0.5981320384726225,-2.2891245055571527,-1.3380091379169552,2.2871788265139967,1.9997657653272274,-1.0670924563855975,0.743439,-0.688923,-2.24971,-1.34215,2.32208,1.87461,-1.15522,0.15428661902147833,0.09079096152737742,0.03941450555715287,0.004140862083044761,0.03490117348600341,0.12515576532722728,0.08812754361440245,90
0.743439,-0.688923,-2.24971,-1.34215,2.32208,1.87461,-1.15522,0.656807,-0.679959,-2.31943,-1.39128,2.36248,1.84551,-1.13618,0.60229392962488,-0.6048503960521322,-2.295669511699514,-1.348019278257365,2.298246885705559,1.9837498619062044,-1.0709232013754213,0.731469,-0.690676,-2.25857,-1.34862,2.33097,1.87365,-1.15595,0.12917507037512,0.08582560394786776,0.037099511699513865,0.0006007217426349243,0.0327231142944413,0.11009986190620435,0.08502679862457874,91
0.731469,-0.690676,-2.25857,-1.34862,2.33097,1.87365,-1.15595,0.645364,-0.681685,-2.33126,-1.40439,2.36184,1.84279,-1.14532,0.6476919193453125,-0.6226156445266582,-2.296492218711857,-1.356510913063118,2.3115584634746047,1.9453201022676492,-1.085161007641744,0.719468,-0.68986,-2.26773,-1.35435,2.33851,1.87082,-1.15311,0.07177608065468755,0.06724435547334184,0.028762218711857024,0.002160913063118164,0.02695153652539517,0.07450010226764925,0.06794899235825613,92
0.719468,-0.68986,-2.26773,-1.35435,2.33851,1.87082,-1.15311,0.634728,-0.675659,-2.34018,-1.41841,2.38138,1.83899,-1.14554,0.6144122804545648,-0.6098057645890863,-2.310546739018866,-1.365029521596866,2.3140707680396355,1.9609345255394026,-1.0707553887740406,0.707527,-0.688061,-2.27744,-1.36109,2.3436,1.86629,-1.14976,0.09311471954543526,0.07825523541091373,0.03310673901886618,0.003939521596866058,0.029529231960364388,0.09464452553940261,0.07900461122595925,93
0.707527,-0.688061,-2.27744,-1.36109,2.3436,1.86629,-1.14976,0.623138,-0.676008,-2.34851,-1.42803,2.38637,1.83493,-1.14457,0.6220194943462937,-0.6170178920322253,-2.3161823557296572,-1.3733541094939328,2.320945764937941,1.9431576593307056,-1.0751267876767503,0.695679,-0.68671,-2.28761,-1.3691,2.34726,1.86174,-1.14845,0.07365950565370638,0.0696921079677747,0.02857235572965733,0.0042541094939327895,0.026314235062058877,0.08141765933070566,0.07332321232324968,94
0.695679,-0.68671,-2.28761,-1.3691,2.34726,1.86174,-1.14845,0.611043,-0.677107,-2.35785,-1.43566,2.39202,1.83286,-1.13878,0.6010000388538951,-0.617441422875917,-2.3268611657701155,-1.3824829452898515,2.3241459764764962,1.9432520093025012,-1.074511244100918,0.684034,-0.684791,-2.29767,-1.37827,2.35314,1.85738,-1.14786,0.08303396114610495,0.06734957712408307,0.02919116577011538,0.004212945289851389,0.028994023523503554,0.08587200930250116,0.07334875589908219,95
0.684034,-0.684791,-2.29767,-1.37827,2.35314,1.85738,-1.14786,0.599417,-0.664732,-2.36691,-1.44496,2.39875,1.82931,-1.13397,0.5538980520206914,-0.5992493678360209,-2.343243470074632,-1.392694505223315,2.322772252640121,1.9654655331994737,-1.0581825257400879,0.672445,-0.683025,-2.30741,-1.38773,2.35953,1.8531,-1.14725,0.11854694797930854,0.0837756321639791,0.03583347007463189,0.004964505223315152,0.03675774735987902,0.11236553319947373,0.08906747425991224,96
0.672445,-0.683025,-2.30741,-1.38773,2.35953,1.8531,-1.14725,0.587756,-0.667996,-2.3776,-1.45549,2.40462,1.82648,-1.14174,0.584901792972727,-0.6133600555362868,-2.3455645971449424,-1.4028459737479546,2.331624914858134,1.9339106509114918,-1.0706604014722736,0.660779,-0.681794,-2.31702,-1.39692,2.36574,1.84916,-1.14583,0.07587720702727296,0.0684339444637132,0.028544597144942507,0.0059259737479546715,0.03411508514186634,0.08475065091149192,0.07516959852772631,97
0.660779,-0.681794,-2.31702,-1.39692,2.36574,1.84916,-1.14583,0.576141,-0.673363,-2.38768,-1.46579,2.41593,1.82924,-1.15048,0.6146248372180402,-0.6279270043151521,-2.3478520958690168,-1.4122515105344153,2.340217303495494,1.904661476310578,-1.0825770613339252,0.649099,-0.678976,-2.32653,-1.40606,2.372,1.84537,-1.1437,0.034474162781959805,0.051048995684847887,0.02132209586901679,0.0061915105344152455,0.031782696504505825,0.05929147631057807,0.061122938666074766,98
0.649099,-0.678976,-2.32653,-1.40606,2.372,1.84537,-1.1437,0.565173,-0.661733,-2.39682,-1.47556,2.42267,1.82788,-1.13793,0.5570724895569651,-0.6094170298304223,-2.3644612965820926,-1.4231807547223994,2.341575731564019,1.9304796620673146,-1.0661065040114006,0.637424,-0.676635,-2.33621,-1.41541,2.37822,1.84174,-1.14294,0.0803515104430349,0.06721797016957765,0.02825129658209269,0.007770754722399298,0.0366442684359809,0.08873966206731465,0.07683349598859945,99
0.637424,-0.676635,-2.33621,-1.41541,2.37822,1.84174,-1.14294,0.552975,-0.666313,-2.40654,-1.48484,2.42598,1.82606,-1.13977,0.5783053737400495,-0.623496797416407,-2.367870629292083,-1.4331394138192917,2.3510819307454325,1.9037977318473,-1.0790327585375095,0.625759,-0.67573,-2.34599,-1.42496,2.38521,1.83912,-1.14403,0.04745362625995042,0.0522332025835931,0.021880629292082787,0.008179413819291659,0.03412806925456735,0.06467773184729997,0.06499724146249064,100
0.625759,-0.67573,-2.34599,-1.42496,2.38521,1.83912,-1.14403,0.540611,-0.672177,-2.41555,-1.49361,2.43224,1.82973,-1.14391,0.5959899931336613,-0.6364068273563215,-2.3719273048062486,-1.4425979044226023,2.3607700269376437,1.8811983701639372,-1.0916583512516334,0.614203,-0.673488,-2.35569,-1.43459,2.39235,1.83694,-1.14341,0.018213006866338755,0.037081172643678495,0.01623730480624852,0.008007904422602241,0.03157997306235627,0.04425837016393719,0.051751648748366685,101
0.614203,-0.673488,-2.35569,-1.43459,2.39235,1.83694,-1.14341,0.53013,-0.670899,-2.42672,-1.50574,2.43976,1.82482,-1.13619,0.5710979898069103,-0.6347647110814812,-2.3836032885936858,-1.4546339968297575,2.3675061607140164,1.8854259942448757,-1.0911306336196547,0.602576,-0.671843,-2.36536,-1.44416,2.3989,1.83486,-1.1426,0.03147801019308971,0.03707828891851872,0.018243288593685847,0.01047399682975736,0.03139383928598338,0.050565994244875734,0.05146936638034538,102
0.602576,-0.671843,-2.36536,-1.44416,2.3989,1.83486,-1.1426,0.518397,-0.682551,-2.43668,-1.51582,2.44546,1.82176,-1.13293,0.5793121274708884,-0.6503004295103989,-2.389494859801598,-1.4651238251915348,2.3780403163938937,1.866511598278366,-1.1049604768495156,0.590811,-0.671634,-2.37494,-1.45361,2.40525,1.83367,-1.14266,0.011498872529111526,0.02133357048960105,0.014554859801597875,0.011513825191534766,0.027209683606106427,0.03284159827836608,0.037699523150484415,103
0.590811,-0.671634,-2.37494,-1.45361,2.40525,1.83367,-1.14266,0.506255,-0.691476,-2.44537,-1.5248,2.45483,1.82029,-1.12712,0.5628038263102163,-0.6576514824640355,-2.3987586204509355,-1.4752679004076161,2.3844758710013467,1.8655328918415335,-1.1110471311825407,0.579212,-0.671547,-2.38473,-1.46342,2.41177,1.83213,-1.14174,0.016408173689783645,0.013895517535964519,0.01402862045093567,0.011847900407616185,0.027294128998653466,0.033402891841533444,0.03069286881745925,104
0.579212,-0.671547,-2.38473,-1.46342,2.41177,1.83213,-1.14174,0.49539,-0.695223,-2.45553,-1.53606,2.46424,1.81517,-1.12129,0.5415823620006855,-0.6622779632740706,-2.408707382987468,-1.486823374269064,2.3886414593820144,1.868710091864791,-1.1130286300051604,0.567646,-0.673192,-2.39461,-1.47339,2.41822,1.83021,-1.14013,0.026063637999314437,0.010914036725929388,0.014097382987467988,0.013433374269063991,0.02957854061798537,0.038500091864791086,0.027101369994839697,105
0.567646,-0.673192,-2.39461,-1.47339,2.41822,1.83021,-1.14013,0.483863,-0.705288,-2.4659,-1.54616,2.47318,1.80663,-1.11864,0.5387671030987554,-0.6780005178316528,-2.4156663478413716,-1.4979377514478023,2.393848362305545,1.859204313689788,-1.121485598639937,0.555984,-0.676415,-2.40432,-1.48321,2.42507,1.8283,-1.13781,0.017216896901244616,0.0015855178316528384,0.011346347841371784,0.014727751447802362,0.031221637694454962,0.030904313689787966,0.016324401360062968,106
0.555984,-0.676415,-2.40432,-1.48321,2.42507,1.8283,-1.13781,0.473799,-0.721496,-2.47782,-1.55803,2.47379,1.80093,-1.1157,0.5653892468126908,-0.7061268374006948,-2.4187462740300103,-1.5090090397154734,2.4063617623156497,1.8272548167165348,-1.1393165122878357,0.544421,-0.679986,-2.41404,-1.49321,2.43243,1.82593,-1.1348,0.020968246812690716,0.02614083740069484,0.004706274030010338,0.015799039715473473,0.026068237684350404,0.0013248167165347269,0.004516512287835672,107
0.544421,-0.679986,-2.41404,-1.49321,2.43243,1.82593,-1.1348,0.460766,-0.720654,-2.48587,-1.5649,2.4893,1.79605,-1.10774,0.5097878579817823,-0.7010485675724445,-2.432927800392293,-1.5195365957192342,2.4015609232775397,1.8559159464858865,-1.1264343838127258,0.532897,-0.684555,-2.42389,-1.50329,2.44013,1.82248,-1.1317,0.023109142018217677,0.016493567572444467,0.009037800392293072,0.016246595719234147,0.03856907672246024,0.033435946485886436,0.005265616187274169,108
0.532897,-0.684555,-2.42389,-1.50329,2.44013,1.82248,-1.1317,0.449099,-0.729101,-2.49613,-1.57392,2.49753,1.78969,-1.10547,0.5031852362878286,-0.71484713384257,-2.441099203842731,-1.5301273890220362,2.405938460285108,1.8490366221475103,-1.1293348212670749,0.521594,-0.691153,-2.43407,-1.51364,2.44681,1.81846,-1.12865,0.018408763712171372,0.02369413384257002,0.007029203842730869,0.01648738902203606,0.04087153971489199,0.030576622147510335,0.0006848212670749199,109
0.521594,-0.691153,-2.43407,-1.51364,2.44681,1.81846,-1.12865,0.438335,-0.74179,-2.50676,-1.58428,2.49921,1.78286,-1.10298,0.5075416391306771,-0.7355302111294706,-2.4485249421179125,-1.5411005003114089,2.411846872885314,1.833123379467464,-1.1361927797424876,0.510087,-0.697071,-2.44402,-1.52353,2.45455,1.81422,-1.12486,0.002545360869322888,0.038459211129470594,0.004504942117912414,0.017570500311408832,0.042703127114685824,0.01890337946746401,0.011332779742487586,110
0.510087,-0.697071,-2.44402,-1.52353,2.45455,1.81422,-1.12486,0.426688,-0.743334,-2.51714,-1.59277,2.50605,1.78019,-1.10023,0.4822874112364308,-0.7371951648267947,-2.4608707184591414,-1.5514119130007777,2.4124127817294774,1.8406763444104843,-1.127670954399178,0.498483,-0.703056,-2.45392,-1.53314,2.46273,1.80963,-1.1211,0.01619558876356919,0.03413916482679469,0.006950718459141303,0.018271913000777795,0.05031721827052271,0.03104634441048426,0.006570954399178097,111
0.498483,-0.703056,-2.45392,-1.53314,2.46273,1.80963,-1.1211,0.415087,-0.75101,-2.52768,-1.60164,2.51005,1.7772,-1.09892,0.47840262872636574,-0.7477290843171901,-2.4704016733907515,-1.5611017949277317,2.417745482916127,1.8327073535999878,-1.1264996137373042,0.487004,-0.710177,-2.46395,-1.54285,2.46992,1.80462,-1.11761,0.00860137127363425,0.03755208431719015,0.006451673390751367,0.018251794927731657,0.052174517083872995,0.02808735359998793,0.008889613737304236,112
0.487004,-0.710177,-2.46395,-1.54285,2.46992,1.80462,-1.11761,0.403922,-0.760996,-2.53771,-1.61107,2.51439,1.77242,-1.09554,0.46533338916192224,-0.7599913305027248,-2.480510327306754,-1.5711783272251016,2.420394477436671,1.829598046980167,-1.1254665580188468,0.475534,-0.716712,-2.47406,-1.5524,2.47679,1.79988,-1.11427,0.010200610838077773,0.04327933050272481,0.006450327306753767,0.018778327225101643,0.056395522563328804,0.029718046980167,0.01119655801884667,113
0.475534,-0.716712,-2.47406,-1.5524,2.47679,1.79988,-1.11427,0.392651,-0.767989,-2.5481,-1.62044,2.5184,1.76787,-1.09128,0.4447971890824428,-0.7694139242282716,-2.4917033270871825,-1.58141418476667,2.42109923231121,1.8317107630735836,-1.1224057027230971,0.464035,-0.723185,-2.48425,-1.56179,2.48323,1.7955,-1.11128,0.019237810917557163,0.04622892422827163,0.007453327087182604,0.01962418476667005,0.06213076768878967,0.03621076307358351,0.011125702723097097,114
